image_path,labels
121.Grasshopper_Sparrow/Grasshopper_Sparrow_0068_115799.jpg,120
019.Gray_Catbird/Gray_Catbird_0141_21174.jpg,18
168.Kentucky_Warbler/Kentucky_Warbler_0033_165271.jpg,167
177.Prothonotary_Warbler/Prothonotary_Warbler_0066_174318.jpg,176
184.Louisiana_Waterthrush/Louisiana_Waterthrush_0080_177379.jpg,183
002.Laysan_Albatross/Laysan_Albatross_0096_673.jpg,1
176.Prairie_Warbler/Prairie_Warbler_0047_173210.jpg,175
090.Red_breasted_Merganser/Red_Breasted_Merganser_0081_79396.jpg,89
008.Rhinoceros_Auklet/Rhinoceros_Auklet_0007_797521.jpg,7
010.Red_winged_Blackbird/Red_Winged_Blackbird_0032_4004.jpg,9
175.Pine_Warbler/Pine_Warbler_0009_171869.jpg,174
064.Ring_billed_Gull/Ring_Billed_Gull_0054_51414.jpg,63
030.Fish_Crow/Fish_Crow_0083_25949.jpg,29
131.Vesper_Sparrow/Vesper_Sparrow_0013_109937.jpg,130
186.Cedar_Waxwing/Cedar_Waxwing_0003_178570.jpg,185
134.Cape_Glossy_Starling/Cape_Glossy_Starling_0048_129397.jpg,133
196.House_Wren/House_Wren_0133_187101.jpg,195
120.Fox_Sparrow/Fox_Sparrow_0113_114389.jpg,119
042.Vermilion_Flycatcher/Vermilion_Flycatcher_0053_42184.jpg,41
145.Elegant_Tern/Elegant_Tern_0083_150829.jpg,144
070.Green_Violetear/Green_Violetear_0067_795674.jpg,69
029.American_Crow/American_Crow_0116_25199.jpg,28
049.Boat_tailed_Grackle/Boat_Tailed_Grackle_0047_33500.jpg,48
007.Parakeet_Auklet/Parakeet_Auklet_0032_795986.jpg,6
051.Horned_Grebe/Horned_Grebe_0072_34497.jpg,50
170.Mourning_Warbler/Mourning_Warbler_0074_795367.jpg,169
083.White_breasted_Kingfisher/White_Breasted_Kingfisher_0109_73683.jpg,82
183.Northern_Waterthrush/Northern_Waterthrush_0080_177080.jpg,182
164.Cerulean_Warbler/Cerulean_Warbler_0038_797230.jpg,163
062.Herring_Gull/Herring_Gull_0014_47814.jpg,61
155.Warbling_Vireo/Warbling_Vireo_0022_158144.jpg,154
080.Green_Kingfisher/Green_Kingfisher_0027_71048.jpg,79
006.Least_Auklet/Least_Auklet_0052_795088.jpg,5
093.Clark_Nutcracker/Clark_Nutcracker_0083_85480.jpg,92
043.Yellow_bellied_Flycatcher/Yellow_Bellied_Flycatcher_0062_42693.jpg,42
028.Brown_Creeper/Brown_Creeper_0043_24549.jpg,27
136.Barn_Swallow/Barn_Swallow_0049_130181.jpg,135
037.Acadian_Flycatcher/Acadian_Flycatcher_0055_795609.jpg,36
060.Glaucous_winged_Gull/Glaucous_Winged_Gull_0045_44906.jpg,59
174.Palm_Warbler/Palm_Warbler_0004_168786.jpg,173
198.Rock_Wren/Rock_Wren_0096_188966.jpg,197
164.Cerulean_Warbler/Cerulean_Warbler_0090_797195.jpg,163
128.Seaside_Sparrow/Seaside_Sparrow_0002_796536.jpg,127
017.Cardinal/Cardinal_0029_17297.jpg,16
150.Sage_Thrasher/Sage_Thrasher_0018_796443.jpg,149
163.Cape_May_Warbler/Cape_May_Warbler_0101_163169.jpg,162
017.Cardinal/Cardinal_0045_18021.jpg,16
127.Savannah_Sparrow/Savannah_Sparrow_0009_120205.jpg,126
120.Fox_Sparrow/Fox_Sparrow_0138_114586.jpg,119
008.Rhinoceros_Auklet/Rhinoceros_Auklet_0033_2169.jpg,7
108.White_necked_Raven/White_Necked_Raven_0059_102668.jpg,107
035.Purple_Finch/Purple_Finch_0104_28088.jpg,34
026.Bronzed_Cowbird/Bronzed_Cowbird_0029_796256.jpg,25
026.Bronzed_Cowbird/Bronzed_Cowbird_0027_24022.jpg,25
033.Yellow_billed_Cuckoo/Yellow_Billed_Cuckoo_0042_26479.jpg,32
037.Acadian_Flycatcher/Acadian_Flycatcher_0066_29190.jpg,36
082.Ringed_Kingfisher/Ringed_Kingfisher_0057_72812.jpg,81
177.Prothonotary_Warbler/Prothonotary_Warbler_0108_174125.jpg,176
014.Indigo_Bunting/Indigo_Bunting_0041_13987.jpg,13
196.House_Wren/House_Wren_0088_187243.jpg,195
070.Green_Violetear/Green_Violetear_0086_795639.jpg,69
055.Evening_Grosbeak/Evening_Grosbeak_0072_37301.jpg,54
030.Fish_Crow/Fish_Crow_0038_26000.jpg,29
199.Winter_Wren/Winter_Wren_0051_189990.jpg,198
143.Caspian_Tern/Caspian_Tern_0114_145612.jpg,142
068.Ruby_throated_Hummingbird/Ruby_Throated_Hummingbird_0096_57505.jpg,67
028.Brown_Creeper/Brown_Creeper_0063_24724.jpg,27
198.Rock_Wren/Rock_Wren_0076_189141.jpg,197
126.Nelson_Sharp_tailed_Sparrow/Nelson_Sharp_Tailed_Sparrow_0071_796946.jpg,125
016.Painted_Bunting/Painted_Bunting_0099_16525.jpg,15
027.Shiny_Cowbird/Shiny_Cowbird_0047_24210.jpg,26
114.Black_throated_Sparrow/Black_Throated_Sparrow_0049_106958.jpg,113
071.Long_tailed_Jaeger/Long_Tailed_Jaeger_0001_797061.jpg,70
183.Northern_Waterthrush/Northern_Waterthrush_0049_177173.jpg,182
032.Mangrove_Cuckoo/Mangrove_Cuckoo_0039_26348.jpg,31
030.Fish_Crow/Fish_Crow_0043_25847.jpg,29
128.Seaside_Sparrow/Seaside_Sparrow_0051_796522.jpg,127
159.Black_and_white_Warbler/Black_And_White_Warbler_0001_160352.jpg,158
010.Red_winged_Blackbird/Red_Winged_Blackbird_0079_4527.jpg,9
142.Black_Tern/Black_Tern_0097_144724.jpg,141
138.Tree_Swallow/Tree_Swallow_0043_136878.jpg,137
002.Laysan_Albatross/Laysan_Albatross_0006_702.jpg,1
171.Myrtle_Warbler/Myrtle_Warbler_0037_166690.jpg,170
154.Red_eyed_Vireo/Red_Eyed_Vireo_0106_157102.jpg,153
117.Clay_colored_Sparrow/Clay_Colored_Sparrow_0026_110774.jpg,116
113.Baird_Sparrow/Baird_Sparrow_0051_787319.jpg,112
038.Great_Crested_Flycatcher/Great_Crested_Flycatcher_0027_29532.jpg,37
093.Clark_Nutcracker/Clark_Nutcracker_0136_85490.jpg,92
156.White_eyed_Vireo/White_Eyed_Vireo_0082_159186.jpg,155
011.Rusty_Blackbird/Rusty_Blackbird_0016_6684.jpg,10
147.Least_Tern/Least_Tern_0095_154680.jpg,146
164.Cerulean_Warbler/Cerulean_Warbler_0094_797200.jpg,163
182.Yellow_Warbler/Yellow_Warbler_0100_176733.jpg,181
171.Myrtle_Warbler/Myrtle_Warbler_0033_166727.jpg,170
114.Black_throated_Sparrow/Black_Throated_Sparrow_0069_107116.jpg,113
165.Chestnut_sided_Warbler/Chestnut_Sided_Warbler_0023_164308.jpg,164
135.Bank_Swallow/Bank_Swallow_0037_129903.jpg,134
103.Sayornis/Sayornis_0106_98841.jpg,102
140.Summer_Tanager/Summer_Tanager_0066_140621.jpg,139
071.Long_tailed_Jaeger/Long_Tailed_Jaeger_0027_60950.jpg,70
135.Bank_Swallow/Bank_Swallow_0057_129499.jpg,134
198.Rock_Wren/Rock_Wren_0019_188968.jpg,197
176.Prairie_Warbler/Prairie_Warbler_0025_165306.jpg,175
142.Black_Tern/Black_Tern_0029_144140.jpg,141
094.White_breasted_Nuthatch/White_Breasted_Nuthatch_0068_86033.jpg,93
191.Red_headed_Woodpecker/Red_Headed_Woodpecker_0108_183403.jpg,190
144.Common_Tern/Common_Tern_0081_149228.jpg,143
124.Le_Conte_Sparrow/Le_Conte_Sparrow_0078_117052.jpg,123
062.Herring_Gull/Herring_Gull_0143_46461.jpg,61
051.Horned_Grebe/Horned_Grebe_0006_34718.jpg,50
152.Blue_headed_Vireo/Blue_Headed_Vireo_0101_156203.jpg,151
118.House_Sparrow/House_Sparrow_0121_113182.jpg,117
143.Caspian_Tern/Caspian_Tern_0055_146014.jpg,142
136.Barn_Swallow/Barn_Swallow_0016_130678.jpg,135
052.Pied_billed_Grebe/Pied_Billed_Grebe_0114_35493.jpg,51
199.Winter_Wren/Winter_Wren_0118_189805.jpg,198
117.Clay_colored_Sparrow/Clay_Colored_Sparrow_0033_797255.jpg,116
199.Winter_Wren/Winter_Wren_0130_189531.jpg,198
075.Green_Jay/Green_Jay_0075_65701.jpg,74
091.Mockingbird/Mockingbird_0109_79682.jpg,90
025.Pelagic_Cormorant/Pelagic_Cormorant_0086_23719.jpg,24
030.Fish_Crow/Fish_Crow_0058_25999.jpg,29
059.California_Gull/California_Gull_0093_41111.jpg,58
158.Bay_breasted_Warbler/Bay_Breasted_Warbler_0079_159998.jpg,157
100.Brown_Pelican/Brown_Pelican_0088_94076.jpg,99
006.Least_Auklet/Least_Auklet_0050_1924.jpg,5
086.Pacific_Loon/Pacific_Loon_0025_75436.jpg,85
125.Lincoln_Sparrow/Lincoln_Sparrow_0087_117444.jpg,124
192.Downy_Woodpecker/Downy_Woodpecker_0090_183964.jpg,191
163.Cape_May_Warbler/Cape_May_Warbler_0040_163036.jpg,162
121.Grasshopper_Sparrow/Grasshopper_Sparrow_0070_115645.jpg,120
177.Prothonotary_Warbler/Prothonotary_Warbler_0098_173913.jpg,176
024.Red_faced_Cormorant/Red_Faced_Cormorant_0050_796276.jpg,23
138.Tree_Swallow/Tree_Swallow_0019_137073.jpg,137
145.Elegant_Tern/Elegant_Tern_0034_45914.jpg,144
125.Lincoln_Sparrow/Lincoln_Sparrow_0014_117883.jpg,124
130.Tree_Sparrow/Tree_Sparrow_0107_123822.jpg,129
027.Shiny_Cowbird/Shiny_Cowbird_0076_24363.jpg,26
054.Blue_Grosbeak/Blue_Grosbeak_0031_37173.jpg,53
147.Least_Tern/Least_Tern_0033_153796.jpg,146
033.Yellow_billed_Cuckoo/Yellow_Billed_Cuckoo_0059_26828.jpg,32
070.Green_Violetear/Green_Violetear_0095_795646.jpg,69
115.Brewer_Sparrow/Brewer_Sparrow_0026_107432.jpg,114
032.Mangrove_Cuckoo/Mangrove_Cuckoo_0027_26360.jpg,31
117.Clay_colored_Sparrow/Clay_Colored_Sparrow_0023_797258.jpg,116
135.Bank_Swallow/Bank_Swallow_0064_129816.jpg,134
024.Red_faced_Cormorant/Red_Faced_Cormorant_0035_796294.jpg,23
010.Red_winged_Blackbird/Red_Winged_Blackbird_0049_5598.jpg,9
186.Cedar_Waxwing/Cedar_Waxwing_0004_179215.jpg,185
061.Heermann_Gull/Heermann_Gull_0100_45440.jpg,60
119.Field_Sparrow/Field_Sparrow_0055_113929.jpg,118
168.Kentucky_Warbler/Kentucky_Warbler_0004_165358.jpg,167
076.Dark_eyed_Junco/Dark_Eyed_Junco_0072_67810.jpg,75
157.Yellow_throated_Vireo/Yellow_Throated_Vireo_0084_159639.jpg,156
097.Orchard_Oriole/Orchard_Oriole_0024_91755.jpg,96
058.Pigeon_Guillemot/Pigeon_Guillemot_0020_40088.jpg,57
014.Indigo_Bunting/Indigo_Bunting_0032_12215.jpg,13
157.Yellow_throated_Vireo/Yellow_Throated_Vireo_0036_159595.jpg,156
003.Sooty_Albatross/Sooty_Albatross_0064_796343.jpg,2
192.Downy_Woodpecker/Downy_Woodpecker_0121_184002.jpg,191
095.Baltimore_Oriole/Baltimore_Oriole_0033_88347.jpg,94
174.Palm_Warbler/Palm_Warbler_0010_169452.jpg,173
042.Vermilion_Flycatcher/Vermilion_Flycatcher_0050_42479.jpg,41
132.White_crowned_Sparrow/White_Crowned_Sparrow_0119_126932.jpg,131
105.Whip_poor_Will/Whip_Poor_Will_0030_100412.jpg,104
061.Heermann_Gull/Heermann_Gull_0128_45663.jpg,60
021.Eastern_Towhee/Eastern_Towhee_0042_22155.jpg,20
061.Heermann_Gull/Heermann_Gull_0141_45391.jpg,60
030.Fish_Crow/Fish_Crow_0003_25970.jpg,29
076.Dark_eyed_Junco/Dark_Eyed_Junco_0086_66437.jpg,75
131.Vesper_Sparrow/Vesper_Sparrow_0019_125558.jpg,130
109.American_Redstart/American_Redstart_0080_103749.jpg,108
067.Anna_Hummingbird/Anna_Hummingbird_0054_56419.jpg,66
092.Nighthawk/Nighthawk_0045_82807.jpg,91
189.Red_bellied_Woodpecker/Red_Bellied_Woodpecker_0077_182334.jpg,188
026.Bronzed_Cowbird/Bronzed_Cowbird_0074_24045.jpg,25
024.Red_faced_Cormorant/Red_Faced_Cormorant_0036_796329.jpg,23
056.Pine_Grosbeak/Pine_Grosbeak_0019_38845.jpg,55
156.White_eyed_Vireo/White_Eyed_Vireo_0080_159087.jpg,155
100.Brown_Pelican/Brown_Pelican_0118_93475.jpg,99
076.Dark_eyed_Junco/Dark_Eyed_Junco_0103_67700.jpg,75
008.Rhinoceros_Auklet/Rhinoceros_Auklet_0016_2114.jpg,7
175.Pine_Warbler/Pine_Warbler_0078_171374.jpg,174
051.Horned_Grebe/Horned_Grebe_0102_34448.jpg,50
105.Whip_poor_Will/Whip_Poor_Will_0006_22800.jpg,104
117.Clay_colored_Sparrow/Clay_Colored_Sparrow_0002_110606.jpg,116
130.Tree_Sparrow/Tree_Sparrow_0007_122911.jpg,129
015.Lazuli_Bunting/Lazuli_Bunting_0107_14705.jpg,14
177.Prothonotary_Warbler/Prothonotary_Warbler_0088_173606.jpg,176
065.Slaty_backed_Gull/Slaty_Backed_Gull_0033_796023.jpg,64
018.Spotted_Catbird/Spotted_Catbird_0042_19430.jpg,17
187.American_Three_toed_Woodpecker/American_Three_Toed_Woodpecker_0029_796143.jpg,186
097.Orchard_Oriole/Orchard_Oriole_0034_91825.jpg,96
118.House_Sparrow/House_Sparrow_0080_111099.jpg,117
106.Horned_Puffin/Horned_Puffin_0025_100942.jpg,105
071.Long_tailed_Jaeger/Long_Tailed_Jaeger_0013_60887.jpg,70
175.Pine_Warbler/Pine_Warbler_0126_171282.jpg,174
148.Green_tailed_Towhee/Green_Tailed_Towhee_0064_154771.jpg,147
175.Pine_Warbler/Pine_Warbler_0037_171649.jpg,174
056.Pine_Grosbeak/Pine_Grosbeak_0038_38956.jpg,55
121.Grasshopper_Sparrow/Grasshopper_Sparrow_0072_115663.jpg,120
042.Vermilion_Flycatcher/Vermilion_Flycatcher_0054_42210.jpg,41
035.Purple_Finch/Purple_Finch_0006_27950.jpg,34
024.Red_faced_Cormorant/Red_Faced_Cormorant_0040_796272.jpg,23
058.Pigeon_Guillemot/Pigeon_Guillemot_0105_40078.jpg,57
108.White_necked_Raven/White_Necked_Raven_0044_797348.jpg,107
124.Le_Conte_Sparrow/Le_Conte_Sparrow_0072_795230.jpg,123
043.Yellow_bellied_Flycatcher/Yellow_Bellied_Flycatcher_0020_795482.jpg,42
067.Anna_Hummingbird/Anna_Hummingbird_0109_57022.jpg,66
117.Clay_colored_Sparrow/Clay_Colored_Sparrow_0044_110942.jpg,116
084.Red_legged_Kittiwake/Red_Legged_Kittiwake_0019_795398.jpg,83
136.Barn_Swallow/Barn_Swallow_0065_131555.jpg,135
174.Palm_Warbler/Palm_Warbler_0024_170501.jpg,173
146.Forsters_Tern/Forsters_Tern_0017_152696.jpg,145
024.Red_faced_Cormorant/Red_Faced_Cormorant_0065_796293.jpg,23
065.Slaty_backed_Gull/Slaty_Backed_Gull_0077_796017.jpg,64
009.Brewer_Blackbird/Brewer_Blackbird_0103_2273.jpg,8
149.Brown_Thrasher/Brown_Thrasher_0072_155406.jpg,148
065.Slaty_backed_Gull/Slaty_Backed_Gull_0032_796046.jpg,64
045.Northern_Fulmar/Northern_Fulmar_0065_44081.jpg,44
167.Hooded_Warbler/Hooded_Warbler_0130_164826.jpg,166
021.Eastern_Towhee/Eastern_Towhee_0090_22273.jpg,20
019.Gray_Catbird/Gray_Catbird_0117_21333.jpg,18
126.Nelson_Sharp_tailed_Sparrow/Nelson_Sharp_Tailed_Sparrow_0042_796911.jpg,125
174.Palm_Warbler/Palm_Warbler_0001_170297.jpg,173
084.Red_legged_Kittiwake/Red_Legged_Kittiwake_0044_795388.jpg,83
068.Ruby_throated_Hummingbird/Ruby_Throated_Hummingbird_0084_58311.jpg,67
113.Baird_Sparrow/Baird_Sparrow_0025_794564.jpg,112
042.Vermilion_Flycatcher/Vermilion_Flycatcher_0072_42218.jpg,41
084.Red_legged_Kittiwake/Red_Legged_Kittiwake_0007_795402.jpg,83
121.Grasshopper_Sparrow/Grasshopper_Sparrow_0119_116081.jpg,120
108.White_necked_Raven/White_Necked_Raven_0055_797352.jpg,107
019.Gray_Catbird/Gray_Catbird_0126_19446.jpg,18
078.Gray_Kingbird/Gray_Kingbird_0063_70287.jpg,77
135.Bank_Swallow/Bank_Swallow_0045_129483.jpg,134
101.White_Pelican/White_Pelican_0039_97363.jpg,100
091.Mockingbird/Mockingbird_0048_80441.jpg,90
032.Mangrove_Cuckoo/Mangrove_Cuckoo_0033_26359.jpg,31
187.American_Three_toed_Woodpecker/American_Three_Toed_Woodpecker_0044_796151.jpg,186
145.Elegant_Tern/Elegant_Tern_0026_150869.jpg,144
102.Western_Wood_Pewee/Western_Wood_Pewee_0060_795045.jpg,101
022.Chuck_will_Widow/Chuck_Will_Widow_0005_796998.jpg,21
099.Ovenbird/Ovenbird_0090_93375.jpg,98
061.Heermann_Gull/Heermann_Gull_0015_41392.jpg,60
055.Evening_Grosbeak/Evening_Grosbeak_0057_37392.jpg,54
094.White_breasted_Nuthatch/White_Breasted_Nuthatch_0027_85905.jpg,93
019.Gray_Catbird/Gray_Catbird_0111_19550.jpg,18
068.Ruby_throated_Hummingbird/Ruby_Throated_Hummingbird_0034_58148.jpg,67
080.Green_Kingfisher/Green_Kingfisher_0037_71113.jpg,79
069.Rufous_Hummingbird/Rufous_Hummingbird_0045_59533.jpg,68
150.Sage_Thrasher/Sage_Thrasher_0093_155501.jpg,149
158.Bay_breasted_Warbler/Bay_Breasted_Warbler_0033_159912.jpg,157
125.Lincoln_Sparrow/Lincoln_Sparrow_0009_117535.jpg,124
015.Lazuli_Bunting/Lazuli_Bunting_0031_15018.jpg,14
115.Brewer_Sparrow/Brewer_Sparrow_0058_796701.jpg,114
022.Chuck_will_Widow/Chuck_Will_Widow_0050_22750.jpg,21
089.Hooded_Merganser/Hooded_Merganser_0036_796771.jpg,88
133.White_throated_Sparrow/White_Throated_Sparrow_0002_129057.jpg,132
106.Horned_Puffin/Horned_Puffin_0006_100989.jpg,105
178.Swainson_Warbler/Swainson_Warbler_0020_794863.jpg,177
151.Black_capped_Vireo/Black_Capped_Vireo_0043_797458.jpg,150
052.Pied_billed_Grebe/Pied_Billed_Grebe_0113_35703.jpg,51
143.Caspian_Tern/Caspian_Tern_0027_145899.jpg,142
199.Winter_Wren/Winter_Wren_0119_189545.jpg,198
145.Elegant_Tern/Elegant_Tern_0063_150873.jpg,144
087.Mallard/Mallard_0114_76924.jpg,86
044.Frigatebird/Frigatebird_0051_43043.jpg,43
057.Rose_breasted_Grosbeak/Rose_Breasted_Grosbeak_0063_39802.jpg,56
003.Sooty_Albatross/Sooty_Albatross_0055_1160.jpg,2
085.Horned_Lark/Horned_Lark_0066_74796.jpg,84
184.Louisiana_Waterthrush/Louisiana_Waterthrush_0001_795271.jpg,183
156.White_eyed_Vireo/White_Eyed_Vireo_0030_159265.jpg,155
037.Acadian_Flycatcher/Acadian_Flycatcher_0016_29217.jpg,36
110.Geococcyx/Geococcyx_0061_104553.jpg,109
158.Bay_breasted_Warbler/Bay_Breasted_Warbler_0089_797141.jpg,157
104.American_Pipit/American_Pipit_0087_99996.jpg,103
053.Western_Grebe/Western_Grebe_0086_36478.jpg,52
187.American_Three_toed_Woodpecker/American_Three_Toed_Woodpecker_0043_796187.jpg,186
139.Scarlet_Tanager/Scarlet_Tanager_0083_138500.jpg,138
167.Hooded_Warbler/Hooded_Warbler_0012_164891.jpg,166
180.Wilson_Warbler/Wilson_Warbler_0107_175320.jpg,179
132.White_crowned_Sparrow/White_Crowned_Sparrow_0115_126027.jpg,131
068.Ruby_throated_Hummingbird/Ruby_Throated_Hummingbird_0119_57575.jpg,67
071.Long_tailed_Jaeger/Long_Tailed_Jaeger_0068_797093.jpg,70
060.Glaucous_winged_Gull/Glaucous_Winged_Gull_0096_45012.jpg,59
174.Palm_Warbler/Palm_Warbler_0093_170499.jpg,173
197.Marsh_Wren/Marsh_Wren_0027_188376.jpg,196
123.Henslow_Sparrow/Henslow_Sparrow_0009_796611.jpg,122
072.Pomarine_Jaeger/Pomarine_Jaeger_0075_61349.jpg,71
199.Winter_Wren/Winter_Wren_0015_190099.jpg,198
162.Canada_Warbler/Canada_Warbler_0099_162425.jpg,161
155.Warbling_Vireo/Warbling_Vireo_0053_158675.jpg,154
149.Brown_Thrasher/Brown_Thrasher_0106_155083.jpg,148
053.Western_Grebe/Western_Grebe_0045_36425.jpg,52
044.Frigatebird/Frigatebird_0068_42795.jpg,43
159.Black_and_white_Warbler/Black_And_White_Warbler_0095_160406.jpg,158
078.Gray_Kingbird/Gray_Kingbird_0018_70241.jpg,77
158.Bay_breasted_Warbler/Bay_Breasted_Warbler_0081_159963.jpg,157
036.Northern_Flicker/Northern_Flicker_0132_28313.jpg,35
193.Bewick_Wren/Bewick_Wren_0025_184932.jpg,192
190.Red_cockaded_Woodpecker/Red_Cockaded_Woodpecker_0006_182592.jpg,189
111.Loggerhead_Shrike/Loggerhead_Shrike_0033_105686.jpg,110
114.Black_throated_Sparrow/Black_Throated_Sparrow_0027_107278.jpg,113
112.Great_Grey_Shrike/Great_Grey_Shrike_0089_797036.jpg,111
041.Scissor_tailed_Flycatcher/Scissor_Tailed_Flycatcher_0028_42010.jpg,40
077.Tropical_Kingbird/Tropical_Kingbird_0044_69815.jpg,76
107.Common_Raven/Common_Raven_0010_101390.jpg,106
196.House_Wren/House_Wren_0085_187723.jpg,195
142.Black_Tern/Black_Tern_0055_144607.jpg,141
079.Belted_Kingfisher/Belted_Kingfisher_0041_70595.jpg,78
053.Western_Grebe/Western_Grebe_0099_36112.jpg,52
194.Cactus_Wren/Cactus_Wren_0030_185798.jpg,193
196.House_Wren/House_Wren_0116_187604.jpg,195
119.Field_Sparrow/Field_Sparrow_0027_113353.jpg,118
123.Henslow_Sparrow/Henslow_Sparrow_0021_116931.jpg,122
056.Pine_Grosbeak/Pine_Grosbeak_0102_38216.jpg,55
178.Swainson_Warbler/Swainson_Warbler_0034_794890.jpg,177
015.Lazuli_Bunting/Lazuli_Bunting_0004_14887.jpg,14
178.Swainson_Warbler/Swainson_Warbler_0049_794880.jpg,177
162.Canada_Warbler/Canada_Warbler_0091_162378.jpg,161
133.White_throated_Sparrow/White_Throated_Sparrow_0071_128915.jpg,132
108.White_necked_Raven/White_Necked_Raven_0003_797376.jpg,107
094.White_breasted_Nuthatch/White_Breasted_Nuthatch_0131_86416.jpg,93
137.Cliff_Swallow/Cliff_Swallow_0103_133882.jpg,136
070.Green_Violetear/Green_Violetear_0050_795633.jpg,69
188.Pileated_Woodpecker/Pileated_Woodpecker_0105_180246.jpg,187
100.Brown_Pelican/Brown_Pelican_0100_94434.jpg,99
038.Great_Crested_Flycatcher/Great_Crested_Flycatcher_0068_29416.jpg,37
161.Blue_winged_Warbler/Blue_Winged_Warbler_0005_162095.jpg,160
067.Anna_Hummingbird/Anna_Hummingbird_0121_56436.jpg,66
138.Tree_Swallow/Tree_Swallow_0069_135148.jpg,137
089.Hooded_Merganser/Hooded_Merganser_0049_79136.jpg,88
132.White_crowned_Sparrow/White_Crowned_Sparrow_0068_126156.jpg,131
155.Warbling_Vireo/Warbling_Vireo_0079_158791.jpg,154
082.Ringed_Kingfisher/Ringed_Kingfisher_0053_72875.jpg,81
112.Great_Grey_Shrike/Great_Grey_Shrike_0004_797041.jpg,111
098.Scott_Oriole/Scott_Oriole_0045_92237.jpg,97
048.European_Goldfinch/European_Goldfinch_0013_794687.jpg,47
090.Red_breasted_Merganser/Red_Breasted_Merganser_0013_79301.jpg,89
045.Northern_Fulmar/Northern_Fulmar_0043_43685.jpg,44
193.Bewick_Wren/Bewick_Wren_0054_184902.jpg,192
084.Red_legged_Kittiwake/Red_Legged_Kittiwake_0004_73811.jpg,83
018.Spotted_Catbird/Spotted_Catbird_0008_796789.jpg,17
069.Rufous_Hummingbird/Rufous_Hummingbird_0055_59935.jpg,68
004.Groove_billed_Ani/Groove_Billed_Ani_0027_1754.jpg,3
131.Vesper_Sparrow/Vesper_Sparrow_0033_125568.jpg,130
104.American_Pipit/American_Pipit_0116_100015.jpg,103
072.Pomarine_Jaeger/Pomarine_Jaeger_0066_795780.jpg,71
001.Black_footed_Albatross/Black_Footed_Albatross_0031_100.jpg,0
127.Savannah_Sparrow/Savannah_Sparrow_0008_118929.jpg,126
109.American_Redstart/American_Redstart_0096_102853.jpg,108
081.Pied_Kingfisher/Pied_Kingfisher_0014_72119.jpg,80
044.Frigatebird/Frigatebird_0021_42913.jpg,43
026.Bronzed_Cowbird/Bronzed_Cowbird_0014_24030.jpg,25
031.Black_billed_Cuckoo/Black_Billed_Cuckoo_0028_26165.jpg,30
095.Baltimore_Oriole/Baltimore_Oriole_0050_89750.jpg,94
017.Cardinal/Cardinal_0060_17139.jpg,16
181.Worm_eating_Warbler/Worm_Eating_Warbler_0035_795575.jpg,180
003.Sooty_Albatross/Sooty_Albatross_0072_796371.jpg,2
051.Horned_Grebe/Horned_Grebe_0040_34548.jpg,50
083.White_breasted_Kingfisher/White_Breasted_Kingfisher_0087_73264.jpg,82
142.Black_Tern/Black_Tern_0099_144242.jpg,141
183.Northern_Waterthrush/Northern_Waterthrush_0044_176961.jpg,182
004.Groove_billed_Ani/Groove_Billed_Ani_0058_1751.jpg,3
090.Red_breasted_Merganser/Red_Breasted_Merganser_0078_79393.jpg,89
049.Boat_tailed_Grackle/Boat_Tailed_Grackle_0041_33396.jpg,48
014.Indigo_Bunting/Indigo_Bunting_0047_12966.jpg,13
087.Mallard/Mallard_0121_77434.jpg,86
141.Artic_Tern/Artic_Tern_0080_140889.jpg,140
013.Bobolink/Bobolink_0002_11085.jpg,12
033.Yellow_billed_Cuckoo/Yellow_Billed_Cuckoo_0045_26685.jpg,32
103.Sayornis/Sayornis_0038_98441.jpg,102
173.Orange_crowned_Warbler/Orange_Crowned_Warbler_0079_168372.jpg,172
055.Evening_Grosbeak/Evening_Grosbeak_0027_37824.jpg,54
033.Yellow_billed_Cuckoo/Yellow_Billed_Cuckoo_0049_26766.jpg,32
044.Frigatebird/Frigatebird_0119_43042.jpg,43
096.Hooded_Oriole/Hooded_Oriole_0124_90350.jpg,95
038.Great_Crested_Flycatcher/Great_Crested_Flycatcher_0040_29447.jpg,37
099.Ovenbird/Ovenbird_0045_92973.jpg,98
064.Ring_billed_Gull/Ring_Billed_Gull_0127_51485.jpg,63
135.Bank_Swallow/Bank_Swallow_0044_129687.jpg,134
158.Bay_breasted_Warbler/Bay_Breasted_Warbler_0077_797144.jpg,157
106.Horned_Puffin/Horned_Puffin_0072_100938.jpg,105
190.Red_cockaded_Woodpecker/Red_Cockaded_Woodpecker_0062_182371.jpg,189
073.Blue_Jay/Blue_Jay_0085_62831.jpg,72
183.Northern_Waterthrush/Northern_Waterthrush_0020_177149.jpg,182
122.Harris_Sparrow/Harris_Sparrow_0081_116574.jpg,121
050.Eared_Grebe/Eared_Grebe_0027_34341.jpg,49
168.Kentucky_Warbler/Kentucky_Warbler_0027_795917.jpg,167
043.Yellow_bellied_Flycatcher/Yellow_Bellied_Flycatcher_0018_795494.jpg,42
144.Common_Tern/Common_Tern_0025_147728.jpg,143
029.American_Crow/American_Crow_0117_25090.jpg,28
075.Green_Jay/Green_Jay_0111_65869.jpg,74
020.Yellow_breasted_Chat/Yellow_Breasted_Chat_0044_22106.jpg,19
197.Marsh_Wren/Marsh_Wren_0118_188512.jpg,196
066.Western_Gull/Western_Gull_0058_53882.jpg,65
079.Belted_Kingfisher/Belted_Kingfisher_0043_70492.jpg,78
151.Black_capped_Vireo/Black_Capped_Vireo_0004_797476.jpg,150
140.Summer_Tanager/Summer_Tanager_0065_139198.jpg,139
096.Hooded_Oriole/Hooded_Oriole_0111_89988.jpg,95
095.Baltimore_Oriole/Baltimore_Oriole_0084_89684.jpg,94
149.Brown_Thrasher/Brown_Thrasher_0081_155256.jpg,148
030.Fish_Crow/Fish_Crow_0023_26037.jpg,29
051.Horned_Grebe/Horned_Grebe_0098_34662.jpg,50
156.White_eyed_Vireo/White_Eyed_Vireo_0042_159012.jpg,155
068.Ruby_throated_Hummingbird/Ruby_Throated_Hummingbird_0010_58285.jpg,67
197.Marsh_Wren/Marsh_Wren_0075_188549.jpg,196
074.Florida_Jay/Florida_Jay_0047_65088.jpg,73
197.Marsh_Wren/Marsh_Wren_0005_188235.jpg,196
192.Downy_Woodpecker/Downy_Woodpecker_0075_184346.jpg,191
152.Blue_headed_Vireo/Blue_Headed_Vireo_0122_156017.jpg,151
130.Tree_Sparrow/Tree_Sparrow_0074_124408.jpg,129
109.American_Redstart/American_Redstart_0071_103266.jpg,108
054.Blue_Grosbeak/Blue_Grosbeak_0073_37148.jpg,53
189.Red_bellied_Woodpecker/Red_Bellied_Woodpecker_0103_180803.jpg,188
003.Sooty_Albatross/Sooty_Albatross_0040_796375.jpg,2
012.Yellow_headed_Blackbird/Yellow_Headed_Blackbird_0038_8689.jpg,11
141.Artic_Tern/Artic_Tern_0112_141893.jpg,140
052.Pied_billed_Grebe/Pied_Billed_Grebe_0052_35937.jpg,51
136.Barn_Swallow/Barn_Swallow_0015_132757.jpg,135
071.Long_tailed_Jaeger/Long_Tailed_Jaeger_0039_797089.jpg,70
165.Chestnut_sided_Warbler/Chestnut_Sided_Warbler_0081_163854.jpg,164
065.Slaty_backed_Gull/Slaty_Backed_Gull_0072_53314.jpg,64
152.Blue_headed_Vireo/Blue_Headed_Vireo_0075_156181.jpg,151
163.Cape_May_Warbler/Cape_May_Warbler_0088_163149.jpg,162
188.Pileated_Woodpecker/Pileated_Woodpecker_0124_180168.jpg,187
171.Myrtle_Warbler/Myrtle_Warbler_0072_166702.jpg,170
186.Cedar_Waxwing/Cedar_Waxwing_0103_179559.jpg,185
009.Brewer_Blackbird/Brewer_Blackbird_0087_2622.jpg,8
095.Baltimore_Oriole/Baltimore_Oriole_0130_89596.jpg,94
062.Herring_Gull/Herring_Gull_0047_46218.jpg,61
118.House_Sparrow/House_Sparrow_0093_110990.jpg,117
191.Red_headed_Woodpecker/Red_Headed_Woodpecker_0011_182803.jpg,190
090.Red_breasted_Merganser/Red_Breasted_Merganser_0006_79216.jpg,89
016.Painted_Bunting/Painted_Bunting_0001_16585.jpg,15
005.Crested_Auklet/Crested_Auklet_0073_785248.jpg,4
057.Rose_breasted_Grosbeak/Rose_Breasted_Grosbeak_0106_39714.jpg,56
067.Anna_Hummingbird/Anna_Hummingbird_0115_55766.jpg,66
158.Bay_breasted_Warbler/Bay_Breasted_Warbler_0099_159753.jpg,157
038.Great_Crested_Flycatcher/Great_Crested_Flycatcher_0070_29455.jpg,37
179.Tennessee_Warbler/Tennessee_Warbler_0046_174798.jpg,178
184.Louisiana_Waterthrush/Louisiana_Waterthrush_0091_795246.jpg,183
197.Marsh_Wren/Marsh_Wren_0014_188802.jpg,196
023.Brandt_Cormorant/Brandt_Cormorant_0067_23352.jpg,22
108.White_necked_Raven/White_Necked_Raven_0025_797346.jpg,107
124.Le_Conte_Sparrow/Le_Conte_Sparrow_0058_795181.jpg,123
104.American_Pipit/American_Pipit_0045_99687.jpg,103
157.Yellow_throated_Vireo/Yellow_Throated_Vireo_0012_794977.jpg,156
088.Western_Meadowlark/Western_Meadowlark_0081_77798.jpg,87
111.Loggerhead_Shrike/Loggerhead_Shrike_0128_105238.jpg,110
101.White_Pelican/White_Pelican_0024_96554.jpg,100
064.Ring_billed_Gull/Ring_Billed_Gull_0017_51412.jpg,63
076.Dark_eyed_Junco/Dark_Eyed_Junco_0071_67426.jpg,75
058.Pigeon_Guillemot/Pigeon_Guillemot_0069_40278.jpg,57
075.Green_Jay/Green_Jay_0121_65564.jpg,74
129.Song_Sparrow/Song_Sparrow_0101_120920.jpg,128
040.Olive_sided_Flycatcher/Olive_Sided_Flycatcher_0002_30776.jpg,39
157.Yellow_throated_Vireo/Yellow_Throated_Vireo_0029_794985.jpg,156
137.Cliff_Swallow/Cliff_Swallow_0018_132974.jpg,136
168.Kentucky_Warbler/Kentucky_Warbler_0071_165342.jpg,167
014.Indigo_Bunting/Indigo_Bunting_0084_11848.jpg,13
074.Florida_Jay/Florida_Jay_0081_64859.jpg,73
007.Parakeet_Auklet/Parakeet_Auklet_0038_795935.jpg,6
186.Cedar_Waxwing/Cedar_Waxwing_0077_178191.jpg,185
111.Loggerhead_Shrike/Loggerhead_Shrike_0129_106389.jpg,110
033.Yellow_billed_Cuckoo/Yellow_Billed_Cuckoo_0002_26715.jpg,32
171.Myrtle_Warbler/Myrtle_Warbler_0065_166885.jpg,170
048.European_Goldfinch/European_Goldfinch_0068_33359.jpg,47
165.Chestnut_sided_Warbler/Chestnut_Sided_Warbler_0014_163801.jpg,164
035.Purple_Finch/Purple_Finch_0049_27507.jpg,34
134.Cape_Glossy_Starling/Cape_Glossy_Starling_0020_129328.jpg,133
171.Myrtle_Warbler/Myrtle_Warbler_0089_166896.jpg,170
194.Cactus_Wren/Cactus_Wren_0064_185826.jpg,193
145.Elegant_Tern/Elegant_Tern_0009_150954.jpg,144
200.Common_Yellowthroat/Common_Yellowthroat_0090_190503.jpg,199
167.Hooded_Warbler/Hooded_Warbler_0062_165199.jpg,166
142.Black_Tern/Black_Tern_0103_143956.jpg,141
196.House_Wren/House_Wren_0083_187406.jpg,195
054.Blue_Grosbeak/Blue_Grosbeak_0065_36847.jpg,53
174.Palm_Warbler/Palm_Warbler_0056_168740.jpg,173
127.Savannah_Sparrow/Savannah_Sparrow_0061_119783.jpg,126
154.Red_eyed_Vireo/Red_Eyed_Vireo_0109_157176.jpg,153
066.Western_Gull/Western_Gull_0052_53485.jpg,65
145.Elegant_Tern/Elegant_Tern_0066_150864.jpg,144
120.Fox_Sparrow/Fox_Sparrow_0075_114920.jpg,119
175.Pine_Warbler/Pine_Warbler_0041_171477.jpg,174
152.Blue_headed_Vireo/Blue_Headed_Vireo_0054_156455.jpg,151
022.Chuck_will_Widow/Chuck_Will_Widow_0046_796966.jpg,21
153.Philadelphia_Vireo/Philadelphia_Vireo_0007_156617.jpg,152
032.Mangrove_Cuckoo/Mangrove_Cuckoo_0044_26393.jpg,31
139.Scarlet_Tanager/Scarlet_Tanager_0086_138272.jpg,138
089.Hooded_Merganser/Hooded_Merganser_0083_796773.jpg,88
028.Brown_Creeper/Brown_Creeper_0072_24977.jpg,27
163.Cape_May_Warbler/Cape_May_Warbler_0084_163132.jpg,162
183.Northern_Waterthrush/Northern_Waterthrush_0061_177172.jpg,182
051.Horned_Grebe/Horned_Grebe_0039_34848.jpg,50
104.American_Pipit/American_Pipit_0085_100246.jpg,103
123.Henslow_Sparrow/Henslow_Sparrow_0042_796595.jpg,122
149.Brown_Thrasher/Brown_Thrasher_0093_155309.jpg,148
078.Gray_Kingbird/Gray_Kingbird_0003_70305.jpg,77
037.Acadian_Flycatcher/Acadian_Flycatcher_0028_795611.jpg,36
073.Blue_Jay/Blue_Jay_0027_63133.jpg,72
127.Savannah_Sparrow/Savannah_Sparrow_0021_118886.jpg,126
199.Winter_Wren/Winter_Wren_0103_189509.jpg,198
030.Fish_Crow/Fish_Crow_0010_25836.jpg,29
146.Forsters_Tern/Forsters_Tern_0123_151789.jpg,145
099.Ovenbird/Ovenbird_0136_92859.jpg,98
146.Forsters_Tern/Forsters_Tern_0045_151227.jpg,145
171.Myrtle_Warbler/Myrtle_Warbler_0107_166917.jpg,170
133.White_throated_Sparrow/White_Throated_Sparrow_0061_128902.jpg,132
010.Red_winged_Blackbird/Red_Winged_Blackbird_0066_5070.jpg,9
030.Fish_Crow/Fish_Crow_0049_26040.jpg,29
126.Nelson_Sharp_tailed_Sparrow/Nelson_Sharp_Tailed_Sparrow_0002_796908.jpg,125
147.Least_Tern/Least_Tern_0038_153087.jpg,146
037.Acadian_Flycatcher/Acadian_Flycatcher_0065_29070.jpg,36
057.Rose_breasted_Grosbeak/Rose_Breasted_Grosbeak_0084_39053.jpg,56
161.Blue_winged_Warbler/Blue_Winged_Warbler_0077_162021.jpg,160
079.Belted_Kingfisher/Belted_Kingfisher_0072_70924.jpg,78
035.Purple_Finch/Purple_Finch_0082_27639.jpg,34
166.Golden_winged_Warbler/Golden_Winged_Warbler_0060_164368.jpg,165
025.Pelagic_Cormorant/Pelagic_Cormorant_0053_23760.jpg,24
056.Pine_Grosbeak/Pine_Grosbeak_0035_38729.jpg,55
086.Pacific_Loon/Pacific_Loon_0015_75443.jpg,85
146.Forsters_Tern/Forsters_Tern_0070_152107.jpg,145
152.Blue_headed_Vireo/Blue_Headed_Vireo_0020_155994.jpg,151
178.Swainson_Warbler/Swainson_Warbler_0048_794887.jpg,177
077.Tropical_Kingbird/Tropical_Kingbird_0017_69715.jpg,76
137.Cliff_Swallow/Cliff_Swallow_0094_133114.jpg,136
179.Tennessee_Warbler/Tennessee_Warbler_0063_168561.jpg,178
067.Anna_Hummingbird/Anna_Hummingbird_0044_56066.jpg,66
149.Brown_Thrasher/Brown_Thrasher_0006_155106.jpg,148
059.California_Gull/California_Gull_0006_41079.jpg,58
002.Laysan_Albatross/Laysan_Albatross_0025_571.jpg,1
103.Sayornis/Sayornis_0010_98611.jpg,102
150.Sage_Thrasher/Sage_Thrasher_0040_155667.jpg,149
165.Chestnut_sided_Warbler/Chestnut_Sided_Warbler_0073_163868.jpg,164
071.Long_tailed_Jaeger/Long_Tailed_Jaeger_0006_797065.jpg,70
073.Blue_Jay/Blue_Jay_0078_62351.jpg,72
056.Pine_Grosbeak/Pine_Grosbeak_0105_38210.jpg,55
196.House_Wren/House_Wren_0108_187102.jpg,195
086.Pacific_Loon/Pacific_Loon_0014_75468.jpg,85
158.Bay_breasted_Warbler/Bay_Breasted_Warbler_0012_797171.jpg,157
185.Bohemian_Waxwing/Bohemian_Waxwing_0019_177684.jpg,184
117.Clay_colored_Sparrow/Clay_Colored_Sparrow_0018_797246.jpg,116
091.Mockingbird/Mockingbird_0083_79862.jpg,90
033.Yellow_billed_Cuckoo/Yellow_Billed_Cuckoo_0093_26432.jpg,32
107.Common_Raven/Common_Raven_0086_101221.jpg,106
118.House_Sparrow/House_Sparrow_0139_112438.jpg,117
102.Western_Wood_Pewee/Western_Wood_Pewee_0074_98282.jpg,101
102.Western_Wood_Pewee/Western_Wood_Pewee_0081_98270.jpg,101
179.Tennessee_Warbler/Tennessee_Warbler_0061_174775.jpg,178
015.Lazuli_Bunting/Lazuli_Bunting_0039_15081.jpg,14
084.Red_legged_Kittiwake/Red_Legged_Kittiwake_0002_73788.jpg,83
178.Swainson_Warbler/Swainson_Warbler_0004_794874.jpg,177
011.Rusty_Blackbird/Rusty_Blackbird_0023_6752.jpg,10
119.Field_Sparrow/Field_Sparrow_0110_113995.jpg,118
038.Great_Crested_Flycatcher/Great_Crested_Flycatcher_0023_29481.jpg,37
158.Bay_breasted_Warbler/Bay_Breasted_Warbler_0062_159783.jpg,157
111.Loggerhead_Shrike/Loggerhead_Shrike_0119_105138.jpg,110
072.Pomarine_Jaeger/Pomarine_Jaeger_0009_795740.jpg,71
183.Northern_Waterthrush/Northern_Waterthrush_0066_177110.jpg,182
126.Nelson_Sharp_tailed_Sparrow/Nelson_Sharp_Tailed_Sparrow_0030_118064.jpg,125
005.Crested_Auklet/Crested_Auklet_0072_785260.jpg,4
200.Common_Yellowthroat/Common_Yellowthroat_0072_190402.jpg,199
030.Fish_Crow/Fish_Crow_0016_25854.jpg,29
036.Northern_Flicker/Northern_Flicker_0139_28419.jpg,35
035.Purple_Finch/Purple_Finch_0111_27293.jpg,34
085.Horned_Lark/Horned_Lark_0028_74408.jpg,84
063.Ivory_Gull/Ivory_Gull_0082_49306.jpg,62
070.Green_Violetear/Green_Violetear_0047_795677.jpg,69
106.Horned_Puffin/Horned_Puffin_0030_100725.jpg,105
044.Frigatebird/Frigatebird_0047_43039.jpg,43
015.Lazuli_Bunting/Lazuli_Bunting_0015_14690.jpg,14
082.Ringed_Kingfisher/Ringed_Kingfisher_0008_72943.jpg,81
116.Chipping_Sparrow/Chipping_Sparrow_0042_107791.jpg,115
025.Pelagic_Cormorant/Pelagic_Cormorant_0080_23890.jpg,24
136.Barn_Swallow/Barn_Swallow_0069_130368.jpg,135
028.Brown_Creeper/Brown_Creeper_0074_24789.jpg,27
148.Green_tailed_Towhee/Green_Tailed_Towhee_0071_154870.jpg,147
005.Crested_Auklet/Crested_Auklet_0071_785255.jpg,4
067.Anna_Hummingbird/Anna_Hummingbird_0035_56493.jpg,66
069.Rufous_Hummingbird/Rufous_Hummingbird_0111_59408.jpg,68
165.Chestnut_sided_Warbler/Chestnut_Sided_Warbler_0107_164040.jpg,164
065.Slaty_backed_Gull/Slaty_Backed_Gull_0060_796052.jpg,64
107.Common_Raven/Common_Raven_0001_101213.jpg,106
145.Elegant_Tern/Elegant_Tern_0098_151028.jpg,144
170.Mourning_Warbler/Mourning_Warbler_0037_795381.jpg,169
028.Brown_Creeper/Brown_Creeper_0110_24866.jpg,27
143.Caspian_Tern/Caspian_Tern_0009_145057.jpg,142
173.Orange_crowned_Warbler/Orange_Crowned_Warbler_0068_167585.jpg,172
026.Bronzed_Cowbird/Bronzed_Cowbird_0002_796244.jpg,25
095.Baltimore_Oriole/Baltimore_Oriole_0106_89680.jpg,94
135.Bank_Swallow/Bank_Swallow_0052_129575.jpg,134
001.Black_footed_Albatross/Black_Footed_Albatross_0089_796069.jpg,0
085.Horned_Lark/Horned_Lark_0059_74144.jpg,84
063.Ivory_Gull/Ivory_Gull_0039_49412.jpg,62
080.Green_Kingfisher/Green_Kingfisher_0042_71028.jpg,79
012.Yellow_headed_Blackbird/Yellow_Headed_Blackbird_0058_8350.jpg,11
065.Slaty_backed_Gull/Slaty_Backed_Gull_0031_796029.jpg,64
050.Eared_Grebe/Eared_Grebe_0025_34344.jpg,49
059.California_Gull/California_Gull_0092_41300.jpg,58
037.Acadian_Flycatcher/Acadian_Flycatcher_0004_795623.jpg,36
047.American_Goldfinch/American_Goldfinch_0017_32272.jpg,46
157.Yellow_throated_Vireo/Yellow_Throated_Vireo_0080_794990.jpg,156
171.Myrtle_Warbler/Myrtle_Warbler_0009_166752.jpg,170
057.Rose_breasted_Grosbeak/Rose_Breasted_Grosbeak_0097_39514.jpg,56
154.Red_eyed_Vireo/Red_Eyed_Vireo_0006_157025.jpg,153
138.Tree_Swallow/Tree_Swallow_0117_134925.jpg,137
133.White_throated_Sparrow/White_Throated_Sparrow_0073_129110.jpg,132
092.Nighthawk/Nighthawk_0083_83647.jpg,91
011.Rusty_Blackbird/Rusty_Blackbird_0019_6704.jpg,10
159.Black_and_white_Warbler/Black_And_White_Warbler_0021_160686.jpg,158
095.Baltimore_Oriole/Baltimore_Oriole_0021_87089.jpg,94
187.American_Three_toed_Woodpecker/American_Three_Toed_Woodpecker_0049_796191.jpg,186
149.Brown_Thrasher/Brown_Thrasher_0012_155121.jpg,148
053.Western_Grebe/Western_Grebe_0070_36162.jpg,52
072.Pomarine_Jaeger/Pomarine_Jaeger_0020_795761.jpg,71
138.Tree_Swallow/Tree_Swallow_0067_136244.jpg,137
089.Hooded_Merganser/Hooded_Merganser_0093_79075.jpg,88
017.Cardinal/Cardinal_0094_17165.jpg,16
001.Black_footed_Albatross/Black_Footed_Albatross_0032_796115.jpg,0
168.Kentucky_Warbler/Kentucky_Warbler_0038_795909.jpg,167
107.Common_Raven/Common_Raven_0009_102112.jpg,106
173.Orange_crowned_Warbler/Orange_Crowned_Warbler_0120_167587.jpg,172
106.Horned_Puffin/Horned_Puffin_0046_100785.jpg,105
063.Ivory_Gull/Ivory_Gull_0015_49199.jpg,62
019.Gray_Catbird/Gray_Catbird_0050_20763.jpg,18
117.Clay_colored_Sparrow/Clay_Colored_Sparrow_0066_110819.jpg,116
061.Heermann_Gull/Heermann_Gull_0102_45904.jpg,60
004.Groove_billed_Ani/Groove_Billed_Ani_0077_1724.jpg,3
067.Anna_Hummingbird/Anna_Hummingbird_0029_55823.jpg,66
074.Florida_Jay/Florida_Jay_0003_65036.jpg,73
014.Indigo_Bunting/Indigo_Bunting_0082_11907.jpg,13
191.Red_headed_Woodpecker/Red_Headed_Woodpecker_0094_183401.jpg,190
159.Black_and_white_Warbler/Black_And_White_Warbler_0078_160365.jpg,158
075.Green_Jay/Green_Jay_0016_65864.jpg,74
104.American_Pipit/American_Pipit_0095_99959.jpg,103
125.Lincoln_Sparrow/Lincoln_Sparrow_0044_117687.jpg,124
169.Magnolia_Warbler/Magnolia_Warbler_0052_165474.jpg,168
107.Common_Raven/Common_Raven_0079_101100.jpg,106
027.Shiny_Cowbird/Shiny_Cowbird_0066_24358.jpg,26
006.Least_Auklet/Least_Auklet_0026_795066.jpg,5
054.Blue_Grosbeak/Blue_Grosbeak_0020_36967.jpg,53
016.Painted_Bunting/Painted_Bunting_0061_16930.jpg,15
025.Pelagic_Cormorant/Pelagic_Cormorant_0024_23712.jpg,24
053.Western_Grebe/Western_Grebe_0058_36403.jpg,52
193.Bewick_Wren/Bewick_Wren_0050_184919.jpg,192
084.Red_legged_Kittiwake/Red_Legged_Kittiwake_0031_795442.jpg,83
128.Seaside_Sparrow/Seaside_Sparrow_0046_120768.jpg,127
180.Wilson_Warbler/Wilson_Warbler_0070_175169.jpg,179
123.Henslow_Sparrow/Henslow_Sparrow_0027_796543.jpg,122
119.Field_Sparrow/Field_Sparrow_0100_113503.jpg,118
077.Tropical_Kingbird/Tropical_Kingbird_0074_69949.jpg,76
182.Yellow_Warbler/Yellow_Warbler_0096_176586.jpg,181
036.Northern_Flicker/Northern_Flicker_0024_29041.jpg,35
038.Great_Crested_Flycatcher/Great_Crested_Flycatcher_0087_29252.jpg,37
029.American_Crow/American_Crow_0003_25130.jpg,28
052.Pied_billed_Grebe/Pied_Billed_Grebe_0081_35409.jpg,51
175.Pine_Warbler/Pine_Warbler_0021_171525.jpg,174
139.Scarlet_Tanager/Scarlet_Tanager_0090_137703.jpg,138
082.Ringed_Kingfisher/Ringed_Kingfisher_0017_73145.jpg,81
119.Field_Sparrow/Field_Sparrow_0066_114109.jpg,118
130.Tree_Sparrow/Tree_Sparrow_0034_123799.jpg,129
040.Olive_sided_Flycatcher/Olive_Sided_Flycatcher_0071_30647.jpg,39
091.Mockingbird/Mockingbird_0085_81417.jpg,90
118.House_Sparrow/House_Sparrow_0130_110985.jpg,117
059.California_Gull/California_Gull_0076_40788.jpg,58
088.Western_Meadowlark/Western_Meadowlark_0017_78940.jpg,87
015.Lazuli_Bunting/Lazuli_Bunting_0046_14787.jpg,14
024.Red_faced_Cormorant/Red_Faced_Cormorant_0060_23416.jpg,23
122.Harris_Sparrow/Harris_Sparrow_0088_116445.jpg,121
014.Indigo_Bunting/Indigo_Bunting_0059_11596.jpg,13
151.Black_capped_Vireo/Black_Capped_Vireo_0030_155861.jpg,150
173.Orange_crowned_Warbler/Orange_Crowned_Warbler_0111_168040.jpg,172
018.Spotted_Catbird/Spotted_Catbird_0031_796806.jpg,17
083.White_breasted_Kingfisher/White_Breasted_Kingfisher_0118_73511.jpg,82
045.Northern_Fulmar/Northern_Fulmar_0076_43893.jpg,44
167.Hooded_Warbler/Hooded_Warbler_0129_90165.jpg,166
097.Orchard_Oriole/Orchard_Oriole_0084_91658.jpg,96
050.Eared_Grebe/Eared_Grebe_0061_34407.jpg,49
031.Black_billed_Cuckoo/Black_Billed_Cuckoo_0061_795327.jpg,30
050.Eared_Grebe/Eared_Grebe_0041_34157.jpg,49
140.Summer_Tanager/Summer_Tanager_0013_140828.jpg,139
016.Painted_Bunting/Painted_Bunting_0076_16765.jpg,15
142.Black_Tern/Black_Tern_0041_144103.jpg,141
021.Eastern_Towhee/Eastern_Towhee_0097_22580.jpg,20
018.Spotted_Catbird/Spotted_Catbird_0020_796794.jpg,17
071.Long_tailed_Jaeger/Long_Tailed_Jaeger_0029_61101.jpg,70
137.Cliff_Swallow/Cliff_Swallow_0054_133287.jpg,136
100.Brown_Pelican/Brown_Pelican_0067_94529.jpg,99
194.Cactus_Wren/Cactus_Wren_0025_185696.jpg,193
037.Acadian_Flycatcher/Acadian_Flycatcher_0035_795618.jpg,36
138.Tree_Swallow/Tree_Swallow_0102_135061.jpg,137
194.Cactus_Wren/Cactus_Wren_0098_185637.jpg,193
055.Evening_Grosbeak/Evening_Grosbeak_0093_37608.jpg,54
128.Seaside_Sparrow/Seaside_Sparrow_0035_796533.jpg,127
078.Gray_Kingbird/Gray_Kingbird_0006_70268.jpg,77
097.Orchard_Oriole/Orchard_Oriole_0039_91267.jpg,96
064.Ring_billed_Gull/Ring_Billed_Gull_0131_51370.jpg,63
027.Shiny_Cowbird/Shiny_Cowbird_0014_24214.jpg,26
141.Artic_Tern/Artic_Tern_0090_143583.jpg,140
007.Parakeet_Auklet/Parakeet_Auklet_0036_795943.jpg,6
196.House_Wren/House_Wren_0063_188076.jpg,195
031.Black_billed_Cuckoo/Black_Billed_Cuckoo_0093_795316.jpg,30
048.European_Goldfinch/European_Goldfinch_0030_33357.jpg,47
038.Great_Crested_Flycatcher/Great_Crested_Flycatcher_0009_29831.jpg,37
078.Gray_Kingbird/Gray_Kingbird_0035_795027.jpg,77
063.Ivory_Gull/Ivory_Gull_0043_49755.jpg,62
197.Marsh_Wren/Marsh_Wren_0068_188446.jpg,196
081.Pied_Kingfisher/Pied_Kingfisher_0061_72193.jpg,80
141.Artic_Tern/Artic_Tern_0133_141069.jpg,140
012.Yellow_headed_Blackbird/Yellow_Headed_Blackbird_0087_8358.jpg,11
122.Harris_Sparrow/Harris_Sparrow_0039_116409.jpg,121
006.Least_Auklet/Least_Auklet_0038_795132.jpg,5
124.Le_Conte_Sparrow/Le_Conte_Sparrow_0060_795160.jpg,123
181.Worm_eating_Warbler/Worm_Eating_Warbler_0004_795550.jpg,180
188.Pileated_Woodpecker/Pileated_Woodpecker_0057_180612.jpg,187
015.Lazuli_Bunting/Lazuli_Bunting_0087_15096.jpg,14
178.Swainson_Warbler/Swainson_Warbler_0019_174692.jpg,177
131.Vesper_Sparrow/Vesper_Sparrow_0020_125794.jpg,130
100.Brown_Pelican/Brown_Pelican_0068_94430.jpg,99
191.Red_headed_Woodpecker/Red_Headed_Woodpecker_0021_183454.jpg,190
030.Fish_Crow/Fish_Crow_0005_25912.jpg,29
082.Ringed_Kingfisher/Ringed_Kingfisher_0094_72998.jpg,81
011.Rusty_Blackbird/Rusty_Blackbird_0121_6637.jpg,10
060.Glaucous_winged_Gull/Glaucous_Winged_Gull_0110_44377.jpg,59
188.Pileated_Woodpecker/Pileated_Woodpecker_0032_180347.jpg,187
110.Geococcyx/Geococcyx_0124_104141.jpg,109
045.Northern_Fulmar/Northern_Fulmar_0004_43755.jpg,44
153.Philadelphia_Vireo/Philadelphia_Vireo_0012_794785.jpg,152
166.Golden_winged_Warbler/Golden_Winged_Warbler_0061_164516.jpg,165
074.Florida_Jay/Florida_Jay_0036_65107.jpg,73
143.Caspian_Tern/Caspian_Tern_0123_145774.jpg,142
134.Cape_Glossy_Starling/Cape_Glossy_Starling_0034_129455.jpg,133
128.Seaside_Sparrow/Seaside_Sparrow_0027_796512.jpg,127
035.Purple_Finch/Purple_Finch_0053_27543.jpg,34
028.Brown_Creeper/Brown_Creeper_0118_24500.jpg,27
021.Eastern_Towhee/Eastern_Towhee_0021_22152.jpg,20
107.Common_Raven/Common_Raven_0119_101595.jpg,106
157.Yellow_throated_Vireo/Yellow_Throated_Vireo_0003_794974.jpg,156
159.Black_and_white_Warbler/Black_And_White_Warbler_0098_160808.jpg,158
013.Bobolink/Bobolink_0131_9578.jpg,12
141.Artic_Tern/Artic_Tern_0012_143410.jpg,140
178.Swainson_Warbler/Swainson_Warbler_0037_174691.jpg,177
019.Gray_Catbird/Gray_Catbird_0107_20513.jpg,18
153.Philadelphia_Vireo/Philadelphia_Vireo_0003_156565.jpg,152
119.Field_Sparrow/Field_Sparrow_0111_113899.jpg,118
126.Nelson_Sharp_tailed_Sparrow/Nelson_Sharp_Tailed_Sparrow_0068_796930.jpg,125
143.Caspian_Tern/Caspian_Tern_0075_147650.jpg,142
029.American_Crow/American_Crow_0081_25837.jpg,28
069.Rufous_Hummingbird/Rufous_Hummingbird_0024_59636.jpg,68
112.Great_Grey_Shrike/Great_Grey_Shrike_0016_106720.jpg,111
176.Prairie_Warbler/Prairie_Warbler_0050_173281.jpg,175
075.Green_Jay/Green_Jay_0003_65767.jpg,74
028.Brown_Creeper/Brown_Creeper_0083_24967.jpg,27
182.Yellow_Warbler/Yellow_Warbler_0021_176421.jpg,181
045.Northern_Fulmar/Northern_Fulmar_0079_43599.jpg,44
136.Barn_Swallow/Barn_Swallow_0005_130591.jpg,135
051.Horned_Grebe/Horned_Grebe_0076_34841.jpg,50
099.Ovenbird/Ovenbird_0046_92821.jpg,98
088.Western_Meadowlark/Western_Meadowlark_0021_78841.jpg,87
128.Seaside_Sparrow/Seaside_Sparrow_0028_120766.jpg,127
029.American_Crow/American_Crow_0002_25122.jpg,28
013.Bobolink/Bobolink_0014_11055.jpg,12
050.Eared_Grebe/Eared_Grebe_0023_34309.jpg,49
009.Brewer_Blackbird/Brewer_Blackbird_0026_2625.jpg,8
143.Caspian_Tern/Caspian_Tern_0105_145673.jpg,142
010.Red_winged_Blackbird/Red_Winged_Blackbird_0101_6244.jpg,9
099.Ovenbird/Ovenbird_0003_92910.jpg,98
139.Scarlet_Tanager/Scarlet_Tanager_0079_138669.jpg,138
050.Eared_Grebe/Eared_Grebe_0015_34231.jpg,49
023.Brandt_Cormorant/Brandt_Cormorant_0035_23000.jpg,22
164.Cerulean_Warbler/Cerulean_Warbler_0063_797204.jpg,163
190.Red_cockaded_Woodpecker/Red_Cockaded_Woodpecker_0012_794697.jpg,189
027.Shiny_Cowbird/Shiny_Cowbird_0036_24274.jpg,26
032.Mangrove_Cuckoo/Mangrove_Cuckoo_0041_26370.jpg,31
102.Western_Wood_Pewee/Western_Wood_Pewee_0079_795047.jpg,101
152.Blue_headed_Vireo/Blue_Headed_Vireo_0025_156439.jpg,151
151.Black_capped_Vireo/Black_Capped_Vireo_0003_797467.jpg,150
025.Pelagic_Cormorant/Pelagic_Cormorant_0085_23821.jpg,24
171.Myrtle_Warbler/Myrtle_Warbler_0026_166680.jpg,170
194.Cactus_Wren/Cactus_Wren_0020_186012.jpg,193
158.Bay_breasted_Warbler/Bay_Breasted_Warbler_0045_797135.jpg,157
190.Red_cockaded_Woodpecker/Red_Cockaded_Woodpecker_0032_182376.jpg,189
119.Field_Sparrow/Field_Sparrow_0013_113599.jpg,118
043.Yellow_bellied_Flycatcher/Yellow_Bellied_Flycatcher_0064_795466.jpg,42
035.Purple_Finch/Purple_Finch_0036_27641.jpg,34
122.Harris_Sparrow/Harris_Sparrow_0065_116435.jpg,121
075.Green_Jay/Green_Jay_0128_65629.jpg,74
072.Pomarine_Jaeger/Pomarine_Jaeger_0043_61384.jpg,71
075.Green_Jay/Green_Jay_0055_65807.jpg,74
167.Hooded_Warbler/Hooded_Warbler_0085_164846.jpg,166
067.Anna_Hummingbird/Anna_Hummingbird_0038_57036.jpg,66
137.Cliff_Swallow/Cliff_Swallow_0066_133206.jpg,136
061.Heermann_Gull/Heermann_Gull_0008_45839.jpg,60
129.Song_Sparrow/Song_Sparrow_0029_120989.jpg,128
165.Chestnut_sided_Warbler/Chestnut_Sided_Warbler_0128_163696.jpg,164
075.Green_Jay/Green_Jay_0015_65796.jpg,74
095.Baltimore_Oriole/Baltimore_Oriole_0133_87602.jpg,94
112.Great_Grey_Shrike/Great_Grey_Shrike_0032_797021.jpg,111
112.Great_Grey_Shrike/Great_Grey_Shrike_0064_106778.jpg,111
121.Grasshopper_Sparrow/Grasshopper_Sparrow_0018_116056.jpg,120
110.Geococcyx/Geococcyx_0005_104187.jpg,109
049.Boat_tailed_Grackle/Boat_Tailed_Grackle_0073_33723.jpg,48
062.Herring_Gull/Herring_Gull_0026_48041.jpg,61
021.Eastern_Towhee/Eastern_Towhee_0027_22372.jpg,20
064.Ring_billed_Gull/Ring_Billed_Gull_0028_51454.jpg,63
069.Rufous_Hummingbird/Rufous_Hummingbird_0123_58546.jpg,68
045.Northern_Fulmar/Northern_Fulmar_0041_44013.jpg,44
128.Seaside_Sparrow/Seaside_Sparrow_0044_119287.jpg,127
034.Gray_crowned_Rosy_Finch/Gray_Crowned_Rosy_Finch_0025_797274.jpg,33
031.Black_billed_Cuckoo/Black_Billed_Cuckoo_0057_795323.jpg,30
089.Hooded_Merganser/Hooded_Merganser_0090_796774.jpg,88
131.Vesper_Sparrow/Vesper_Sparrow_0066_125619.jpg,130
112.Great_Grey_Shrike/Great_Grey_Shrike_0008_797053.jpg,111
044.Frigatebird/Frigatebird_0090_43511.jpg,43
184.Louisiana_Waterthrush/Louisiana_Waterthrush_0060_177583.jpg,183
089.Hooded_Merganser/Hooded_Merganser_0013_796754.jpg,88
175.Pine_Warbler/Pine_Warbler_0004_171215.jpg,174
025.Pelagic_Cormorant/Pelagic_Cormorant_0061_23548.jpg,24
057.Rose_breasted_Grosbeak/Rose_Breasted_Grosbeak_0050_39695.jpg,56
191.Red_headed_Woodpecker/Red_Headed_Woodpecker_0013_182721.jpg,190
021.Eastern_Towhee/Eastern_Towhee_0007_22172.jpg,20
111.Loggerhead_Shrike/Loggerhead_Shrike_0011_104921.jpg,110
034.Gray_crowned_Rosy_Finch/Gray_Crowned_Rosy_Finch_0052_27032.jpg,33
068.Ruby_throated_Hummingbird/Ruby_Throated_Hummingbird_0079_58075.jpg,67
048.European_Goldfinch/European_Goldfinch_0008_33153.jpg,47
171.Myrtle_Warbler/Myrtle_Warbler_0102_166725.jpg,170
127.Savannah_Sparrow/Savannah_Sparrow_0022_118989.jpg,126
091.Mockingbird/Mockingbird_0094_80232.jpg,90
056.Pine_Grosbeak/Pine_Grosbeak_0107_38351.jpg,55
029.American_Crow/American_Crow_0062_25587.jpg,28
151.Black_capped_Vireo/Black_Capped_Vireo_0010_155832.jpg,150
069.Rufous_Hummingbird/Rufous_Hummingbird_0031_58391.jpg,68
078.Gray_Kingbird/Gray_Kingbird_0037_70050.jpg,77
173.Orange_crowned_Warbler/Orange_Crowned_Warbler_0087_168439.jpg,172
044.Frigatebird/Frigatebird_0022_43457.jpg,43
099.Ovenbird/Ovenbird_0004_92868.jpg,98
149.Brown_Thrasher/Brown_Thrasher_0034_155139.jpg,148
024.Red_faced_Cormorant/Red_Faced_Cormorant_0064_23464.jpg,23
174.Palm_Warbler/Palm_Warbler_0117_170073.jpg,173
193.Bewick_Wren/Bewick_Wren_0003_185072.jpg,192
148.Green_tailed_Towhee/Green_Tailed_Towhee_0054_154938.jpg,147
050.Eared_Grebe/Eared_Grebe_0010_34151.jpg,49
025.Pelagic_Cormorant/Pelagic_Cormorant_0062_23623.jpg,24
033.Yellow_billed_Cuckoo/Yellow_Billed_Cuckoo_0039_26510.jpg,32
049.Boat_tailed_Grackle/Boat_Tailed_Grackle_0113_33490.jpg,48
165.Chestnut_sided_Warbler/Chestnut_Sided_Warbler_0006_163858.jpg,164
037.Acadian_Flycatcher/Acadian_Flycatcher_0017_795598.jpg,36
182.Yellow_Warbler/Yellow_Warbler_0049_176526.jpg,181
116.Chipping_Sparrow/Chipping_Sparrow_0001_108638.jpg,115
048.European_Goldfinch/European_Goldfinch_0101_33127.jpg,47
113.Baird_Sparrow/Baird_Sparrow_0010_794575.jpg,112
185.Bohemian_Waxwing/Bohemian_Waxwing_0094_177955.jpg,184
026.Bronzed_Cowbird/Bronzed_Cowbird_0054_24159.jpg,25
155.Warbling_Vireo/Warbling_Vireo_0073_158315.jpg,154
047.American_Goldfinch/American_Goldfinch_0128_32333.jpg,46
122.Harris_Sparrow/Harris_Sparrow_0028_116656.jpg,121
035.Purple_Finch/Purple_Finch_0032_27305.jpg,34
092.Nighthawk/Nighthawk_0035_84077.jpg,91
079.Belted_Kingfisher/Belted_Kingfisher_0111_70375.jpg,78
113.Baird_Sparrow/Baird_Sparrow_0035_106904.jpg,112
015.Lazuli_Bunting/Lazuli_Bunting_0061_15155.jpg,14
088.Western_Meadowlark/Western_Meadowlark_0118_78820.jpg,87
124.Le_Conte_Sparrow/Le_Conte_Sparrow_0034_795150.jpg,123
180.Wilson_Warbler/Wilson_Warbler_0069_175181.jpg,179
018.Spotted_Catbird/Spotted_Catbird_0007_19424.jpg,17
080.Green_Kingfisher/Green_Kingfisher_0016_71198.jpg,79
019.Gray_Catbird/Gray_Catbird_0103_20930.jpg,18
053.Western_Grebe/Western_Grebe_0057_36157.jpg,52
087.Mallard/Mallard_0013_77619.jpg,86
029.American_Crow/American_Crow_0036_25313.jpg,28
198.Rock_Wren/Rock_Wren_0021_189175.jpg,197
075.Green_Jay/Green_Jay_0085_66077.jpg,74
192.Downy_Woodpecker/Downy_Woodpecker_0101_184139.jpg,191
108.White_necked_Raven/White_Necked_Raven_0021_797341.jpg,107
079.Belted_Kingfisher/Belted_Kingfisher_0024_70538.jpg,78
153.Philadelphia_Vireo/Philadelphia_Vireo_0074_156492.jpg,152
147.Least_Tern/Least_Tern_0114_153840.jpg,146
014.Indigo_Bunting/Indigo_Bunting_0085_11991.jpg,13
013.Bobolink/Bobolink_0124_10182.jpg,12
168.Kentucky_Warbler/Kentucky_Warbler_0025_165304.jpg,167
012.Yellow_headed_Blackbird/Yellow_Headed_Blackbird_0077_8332.jpg,11
174.Palm_Warbler/Palm_Warbler_0055_170219.jpg,173
098.Scott_Oriole/Scott_Oriole_0078_795833.jpg,97
075.Green_Jay/Green_Jay_0114_65841.jpg,74
161.Blue_winged_Warbler/Blue_Winged_Warbler_0043_161804.jpg,160
071.Long_tailed_Jaeger/Long_Tailed_Jaeger_0032_61177.jpg,70
008.Rhinoceros_Auklet/Rhinoceros_Auklet_0009_797539.jpg,7
016.Painted_Bunting/Painted_Bunting_0083_16587.jpg,15
040.Olive_sided_Flycatcher/Olive_Sided_Flycatcher_0037_30784.jpg,39
018.Spotted_Catbird/Spotted_Catbird_0011_796815.jpg,17
141.Artic_Tern/Artic_Tern_0124_142121.jpg,140
044.Frigatebird/Frigatebird_0114_42807.jpg,43
041.Scissor_tailed_Flycatcher/Scissor_Tailed_Flycatcher_0092_41767.jpg,40
058.Pigeon_Guillemot/Pigeon_Guillemot_0072_39905.jpg,57
122.Harris_Sparrow/Harris_Sparrow_0055_116512.jpg,121
063.Ivory_Gull/Ivory_Gull_0035_49523.jpg,62
088.Western_Meadowlark/Western_Meadowlark_0038_77785.jpg,87
003.Sooty_Albatross/Sooty_Albatross_0017_796349.jpg,2
002.Laysan_Albatross/Laysan_Albatross_0051_1020.jpg,1
181.Worm_eating_Warbler/Worm_Eating_Warbler_0050_176150.jpg,180
101.White_Pelican/White_Pelican_0026_95832.jpg,100
135.Bank_Swallow/Bank_Swallow_0003_129623.jpg,134
154.Red_eyed_Vireo/Red_Eyed_Vireo_0115_157004.jpg,153
168.Kentucky_Warbler/Kentucky_Warbler_0031_165363.jpg,167
040.Olive_sided_Flycatcher/Olive_Sided_Flycatcher_0049_796889.jpg,39
197.Marsh_Wren/Marsh_Wren_0008_188533.jpg,196
070.Green_Violetear/Green_Violetear_0027_60841.jpg,69
138.Tree_Swallow/Tree_Swallow_0114_136265.jpg,137
041.Scissor_tailed_Flycatcher/Scissor_Tailed_Flycatcher_0097_41701.jpg,40
020.Yellow_breasted_Chat/Yellow_Breasted_Chat_0101_21677.jpg,19
074.Florida_Jay/Florida_Jay_0008_64482.jpg,73
158.Bay_breasted_Warbler/Bay_Breasted_Warbler_0078_797163.jpg,157
187.American_Three_toed_Woodpecker/American_Three_Toed_Woodpecker_0027_796147.jpg,186
172.Nashville_Warbler/Nashville_Warbler_0110_167268.jpg,171
176.Prairie_Warbler/Prairie_Warbler_0137_172610.jpg,175
198.Rock_Wren/Rock_Wren_0022_188958.jpg,197
022.Chuck_will_Widow/Chuck_Will_Widow_0004_796957.jpg,21
068.Ruby_throated_Hummingbird/Ruby_Throated_Hummingbird_0107_57339.jpg,67
115.Brewer_Sparrow/Brewer_Sparrow_0019_107452.jpg,114
011.Rusty_Blackbird/Rusty_Blackbird_0032_6611.jpg,10
199.Winter_Wren/Winter_Wren_0005_189750.jpg,198
077.Tropical_Kingbird/Tropical_Kingbird_0014_69647.jpg,76
194.Cactus_Wren/Cactus_Wren_0033_186014.jpg,193
196.House_Wren/House_Wren_0046_187477.jpg,195
114.Black_throated_Sparrow/Black_Throated_Sparrow_0090_107295.jpg,113
104.American_Pipit/American_Pipit_0019_99810.jpg,103
110.Geococcyx/Geococcyx_0131_104300.jpg,109
001.Black_footed_Albatross/Black_Footed_Albatross_0080_796096.jpg,0
189.Red_bellied_Woodpecker/Red_Bellied_Woodpecker_0010_180772.jpg,188
049.Boat_tailed_Grackle/Boat_Tailed_Grackle_0033_33524.jpg,48
102.Western_Wood_Pewee/Western_Wood_Pewee_0026_98191.jpg,101
009.Brewer_Blackbird/Brewer_Blackbird_0135_2607.jpg,8
058.Pigeon_Guillemot/Pigeon_Guillemot_0095_39867.jpg,57
109.American_Redstart/American_Redstart_0116_103631.jpg,108
151.Black_capped_Vireo/Black_Capped_Vireo_0005_797453.jpg,150
152.Blue_headed_Vireo/Blue_Headed_Vireo_0095_156092.jpg,151
069.Rufous_Hummingbird/Rufous_Hummingbird_0120_59900.jpg,68
077.Tropical_Kingbird/Tropical_Kingbird_0056_69509.jpg,76
186.Cedar_Waxwing/Cedar_Waxwing_0118_178779.jpg,185
162.Canada_Warbler/Canada_Warbler_0064_162417.jpg,161
121.Grasshopper_Sparrow/Grasshopper_Sparrow_0081_116326.jpg,120
057.Rose_breasted_Grosbeak/Rose_Breasted_Grosbeak_0135_39227.jpg,56
021.Eastern_Towhee/Eastern_Towhee_0075_22588.jpg,20
021.Eastern_Towhee/Eastern_Towhee_0079_22690.jpg,20
170.Mourning_Warbler/Mourning_Warbler_0035_166586.jpg,169
046.Gadwall/Gadwall_0076_31639.jpg,45
027.Shiny_Cowbird/Shiny_Cowbird_0044_24239.jpg,26
160.Black_throated_Blue_Warbler/Black_Throated_Blue_Warbler_0016_161216.jpg,159
030.Fish_Crow/Fish_Crow_0017_26127.jpg,29
037.Acadian_Flycatcher/Acadian_Flycatcher_0010_29199.jpg,36
109.American_Redstart/American_Redstart_0054_103543.jpg,108
105.Whip_poor_Will/Whip_Poor_Will_0007_796431.jpg,104
136.Barn_Swallow/Barn_Swallow_0047_130016.jpg,135
009.Brewer_Blackbird/Brewer_Blackbird_0045_2303.jpg,8
067.Anna_Hummingbird/Anna_Hummingbird_0043_56059.jpg,66
186.Cedar_Waxwing/Cedar_Waxwing_0076_178732.jpg,185
199.Winter_Wren/Winter_Wren_0072_189521.jpg,198
039.Least_Flycatcher/Least_Flycatcher_0026_30434.jpg,38
186.Cedar_Waxwing/Cedar_Waxwing_0125_178921.jpg,185
067.Anna_Hummingbird/Anna_Hummingbird_0069_56933.jpg,66
068.Ruby_throated_Hummingbird/Ruby_Throated_Hummingbird_0027_58191.jpg,67
199.Winter_Wren/Winter_Wren_0126_190342.jpg,198
047.American_Goldfinch/American_Goldfinch_0100_32183.jpg,46
003.Sooty_Albatross/Sooty_Albatross_0070_796346.jpg,2
109.American_Redstart/American_Redstart_0111_102945.jpg,108
023.Brandt_Cormorant/Brandt_Cormorant_0014_23050.jpg,22
129.Song_Sparrow/Song_Sparrow_0132_121153.jpg,128
113.Baird_Sparrow/Baird_Sparrow_0036_794572.jpg,112
151.Black_capped_Vireo/Black_Capped_Vireo_0022_797459.jpg,150
179.Tennessee_Warbler/Tennessee_Warbler_0084_174891.jpg,178
086.Pacific_Loon/Pacific_Loon_0019_75422.jpg,85
137.Cliff_Swallow/Cliff_Swallow_0058_133060.jpg,136
048.European_Goldfinch/European_Goldfinch_0064_794670.jpg,47
196.House_Wren/House_Wren_0035_187708.jpg,195
027.Shiny_Cowbird/Shiny_Cowbird_0075_24335.jpg,26
059.California_Gull/California_Gull_0019_41377.jpg,58
194.Cactus_Wren/Cactus_Wren_0086_185630.jpg,193
176.Prairie_Warbler/Prairie_Warbler_0063_172682.jpg,175
134.Cape_Glossy_Starling/Cape_Glossy_Starling_0006_129295.jpg,133
154.Red_eyed_Vireo/Red_Eyed_Vireo_0055_157096.jpg,153
061.Heermann_Gull/Heermann_Gull_0139_45749.jpg,60
021.Eastern_Towhee/Eastern_Towhee_0082_22330.jpg,20
045.Northern_Fulmar/Northern_Fulmar_0058_44114.jpg,44
021.Eastern_Towhee/Eastern_Towhee_0120_22189.jpg,20
157.Yellow_throated_Vireo/Yellow_Throated_Vireo_0006_159693.jpg,156
088.Western_Meadowlark/Western_Meadowlark_0013_77712.jpg,87
175.Pine_Warbler/Pine_Warbler_0129_171035.jpg,174
146.Forsters_Tern/Forsters_Tern_0069_151229.jpg,145
071.Long_tailed_Jaeger/Long_Tailed_Jaeger_0021_797083.jpg,70
199.Winter_Wren/Winter_Wren_0066_189637.jpg,198
012.Yellow_headed_Blackbird/Yellow_Headed_Blackbird_0073_8442.jpg,11
136.Barn_Swallow/Barn_Swallow_0002_130551.jpg,135
193.Bewick_Wren/Bewick_Wren_0065_185247.jpg,192
013.Bobolink/Bobolink_0064_10092.jpg,12
118.House_Sparrow/House_Sparrow_0074_111997.jpg,117
181.Worm_eating_Warbler/Worm_Eating_Warbler_0082_176144.jpg,180
031.Black_billed_Cuckoo/Black_Billed_Cuckoo_0087_795300.jpg,30
016.Painted_Bunting/Painted_Bunting_0046_16535.jpg,15
066.Western_Gull/Western_Gull_0097_54508.jpg,65
148.Green_tailed_Towhee/Green_Tailed_Towhee_0070_154844.jpg,147
055.Evening_Grosbeak/Evening_Grosbeak_0122_37864.jpg,54
116.Chipping_Sparrow/Chipping_Sparrow_0071_108735.jpg,115
036.Northern_Flicker/Northern_Flicker_0016_28603.jpg,35
098.Scott_Oriole/Scott_Oriole_0051_795807.jpg,97
045.Northern_Fulmar/Northern_Fulmar_0014_43895.jpg,44
130.Tree_Sparrow/Tree_Sparrow_0121_124296.jpg,129
073.Blue_Jay/Blue_Jay_0002_62657.jpg,72
119.Field_Sparrow/Field_Sparrow_0102_113595.jpg,118
087.Mallard/Mallard_0055_77102.jpg,86
116.Chipping_Sparrow/Chipping_Sparrow_0045_109985.jpg,115
037.Acadian_Flycatcher/Acadian_Flycatcher_0054_29113.jpg,36
173.Orange_crowned_Warbler/Orange_Crowned_Warbler_0103_168566.jpg,172
123.Henslow_Sparrow/Henslow_Sparrow_0058_796616.jpg,122
041.Scissor_tailed_Flycatcher/Scissor_Tailed_Flycatcher_0002_41762.jpg,40
029.American_Crow/American_Crow_0094_25576.jpg,28
037.Acadian_Flycatcher/Acadian_Flycatcher_0045_795587.jpg,36
161.Blue_winged_Warbler/Blue_Winged_Warbler_0076_161894.jpg,160
163.Cape_May_Warbler/Cape_May_Warbler_0049_162909.jpg,162
059.California_Gull/California_Gull_0025_41479.jpg,58
166.Golden_winged_Warbler/Golden_Winged_Warbler_0069_164456.jpg,165
159.Black_and_white_Warbler/Black_And_White_Warbler_0086_160836.jpg,158
073.Blue_Jay/Blue_Jay_0038_62784.jpg,72
200.Common_Yellowthroat/Common_Yellowthroat_0069_190400.jpg,199
049.Boat_tailed_Grackle/Boat_Tailed_Grackle_0056_33649.jpg,48
082.Ringed_Kingfisher/Ringed_Kingfisher_0026_72867.jpg,81
005.Crested_Auklet/Crested_Auklet_0010_794907.jpg,4
072.Pomarine_Jaeger/Pomarine_Jaeger_0079_61370.jpg,71
037.Acadian_Flycatcher/Acadian_Flycatcher_0053_795620.jpg,36
130.Tree_Sparrow/Tree_Sparrow_0101_124104.jpg,129
099.Ovenbird/Ovenbird_0077_92590.jpg,98
044.Frigatebird/Frigatebird_0080_43064.jpg,43
122.Harris_Sparrow/Harris_Sparrow_0056_116532.jpg,121
193.Bewick_Wren/Bewick_Wren_0081_185080.jpg,192
158.Bay_breasted_Warbler/Bay_Breasted_Warbler_0095_797113.jpg,157
045.Northern_Fulmar/Northern_Fulmar_0061_43653.jpg,44
028.Brown_Creeper/Brown_Creeper_0007_24902.jpg,27
099.Ovenbird/Ovenbird_0024_92583.jpg,98
042.Vermilion_Flycatcher/Vermilion_Flycatcher_0007_42214.jpg,41
002.Laysan_Albatross/Laysan_Albatross_0092_834.jpg,1
146.Forsters_Tern/Forsters_Tern_0034_152667.jpg,145
165.Chestnut_sided_Warbler/Chestnut_Sided_Warbler_0043_164114.jpg,164
175.Pine_Warbler/Pine_Warbler_0046_171452.jpg,174
163.Cape_May_Warbler/Cape_May_Warbler_0028_163177.jpg,162
068.Ruby_throated_Hummingbird/Ruby_Throated_Hummingbird_0030_57422.jpg,67
124.Le_Conte_Sparrow/Le_Conte_Sparrow_0070_795135.jpg,123
119.Field_Sparrow/Field_Sparrow_0043_113607.jpg,118
086.Pacific_Loon/Pacific_Loon_0023_75476.jpg,85
103.Sayornis/Sayornis_0070_99354.jpg,102
153.Philadelphia_Vireo/Philadelphia_Vireo_0039_794794.jpg,152
117.Clay_colored_Sparrow/Clay_Colored_Sparrow_0054_110948.jpg,116
152.Blue_headed_Vireo/Blue_Headed_Vireo_0110_155952.jpg,151
066.Western_Gull/Western_Gull_0009_54768.jpg,65
086.Pacific_Loon/Pacific_Loon_0038_75526.jpg,85
026.Bronzed_Cowbird/Bronzed_Cowbird_0090_24179.jpg,25
191.Red_headed_Woodpecker/Red_Headed_Woodpecker_0097_182903.jpg,190
092.Nighthawk/Nighthawk_0034_82578.jpg,91
056.Pine_Grosbeak/Pine_Grosbeak_0100_38988.jpg,55
100.Brown_Pelican/Brown_Pelican_0123_94368.jpg,99
029.American_Crow/American_Crow_0068_25198.jpg,28
056.Pine_Grosbeak/Pine_Grosbeak_0048_38434.jpg,55
040.Olive_sided_Flycatcher/Olive_Sided_Flycatcher_0076_30555.jpg,39
136.Barn_Swallow/Barn_Swallow_0043_130779.jpg,135
153.Philadelphia_Vireo/Philadelphia_Vireo_0052_794774.jpg,152
136.Barn_Swallow/Barn_Swallow_0030_130191.jpg,135
039.Least_Flycatcher/Least_Flycatcher_0065_30357.jpg,38
010.Red_winged_Blackbird/Red_Winged_Blackbird_0021_3767.jpg,9
029.American_Crow/American_Crow_0132_25704.jpg,28
085.Horned_Lark/Horned_Lark_0091_74087.jpg,84
019.Gray_Catbird/Gray_Catbird_0094_21303.jpg,18
059.California_Gull/California_Gull_0135_41383.jpg,58
190.Red_cockaded_Woodpecker/Red_Cockaded_Woodpecker_0029_794724.jpg,189
199.Winter_Wren/Winter_Wren_0131_190061.jpg,198
185.Bohemian_Waxwing/Bohemian_Waxwing_0114_177621.jpg,184
026.Bronzed_Cowbird/Bronzed_Cowbird_0060_24082.jpg,25
180.Wilson_Warbler/Wilson_Warbler_0033_175259.jpg,179
106.Horned_Puffin/Horned_Puffin_0078_100777.jpg,105
053.Western_Grebe/Western_Grebe_0061_36181.jpg,52
033.Yellow_billed_Cuckoo/Yellow_Billed_Cuckoo_0032_26616.jpg,32
110.Geococcyx/Geococcyx_0086_104755.jpg,109
070.Green_Violetear/Green_Violetear_0017_795652.jpg,69
093.Clark_Nutcracker/Clark_Nutcracker_0073_85343.jpg,92
191.Red_headed_Woodpecker/Red_Headed_Woodpecker_0071_183132.jpg,190
073.Blue_Jay/Blue_Jay_0003_63408.jpg,72
007.Parakeet_Auklet/Parakeet_Auklet_0025_795975.jpg,6
182.Yellow_Warbler/Yellow_Warbler_0004_176947.jpg,181
081.Pied_Kingfisher/Pied_Kingfisher_0051_71429.jpg,80
096.Hooded_Oriole/Hooded_Oriole_0043_90499.jpg,95
152.Blue_headed_Vireo/Blue_Headed_Vireo_0065_156260.jpg,151
045.Northern_Fulmar/Northern_Fulmar_0074_43955.jpg,44
110.Geococcyx/Geococcyx_0041_104273.jpg,109
169.Magnolia_Warbler/Magnolia_Warbler_0015_165817.jpg,168
122.Harris_Sparrow/Harris_Sparrow_0029_116516.jpg,121
072.Pomarine_Jaeger/Pomarine_Jaeger_0007_795764.jpg,71
168.Kentucky_Warbler/Kentucky_Warbler_0042_165268.jpg,167
006.Least_Auklet/Least_Auklet_0015_795065.jpg,5
010.Red_winged_Blackbird/Red_Winged_Blackbird_0085_5846.jpg,9
134.Cape_Glossy_Starling/Cape_Glossy_Starling_0092_129349.jpg,133
120.Fox_Sparrow/Fox_Sparrow_0109_114859.jpg,119
149.Brown_Thrasher/Brown_Thrasher_0126_155199.jpg,148
008.Rhinoceros_Auklet/Rhinoceros_Auklet_0020_2195.jpg,7
015.Lazuli_Bunting/Lazuli_Bunting_0020_14837.jpg,14
052.Pied_billed_Grebe/Pied_Billed_Grebe_0125_35322.jpg,51
168.Kentucky_Warbler/Kentucky_Warbler_0039_165324.jpg,167
059.California_Gull/California_Gull_0114_41267.jpg,58
138.Tree_Swallow/Tree_Swallow_0062_137426.jpg,137
013.Bobolink/Bobolink_0033_10809.jpg,12
156.White_eyed_Vireo/White_Eyed_Vireo_0066_159477.jpg,155
173.Orange_crowned_Warbler/Orange_Crowned_Warbler_0128_168012.jpg,172
093.Clark_Nutcracker/Clark_Nutcracker_0063_84869.jpg,92
156.White_eyed_Vireo/White_Eyed_Vireo_0050_158829.jpg,155
174.Palm_Warbler/Palm_Warbler_0089_168968.jpg,173
172.Nashville_Warbler/Nashville_Warbler_0053_167403.jpg,171
156.White_eyed_Vireo/White_Eyed_Vireo_0122_159284.jpg,155
022.Chuck_will_Widow/Chuck_Will_Widow_0008_796968.jpg,21
188.Pileated_Woodpecker/Pileated_Woodpecker_0119_180030.jpg,187
044.Frigatebird/Frigatebird_0045_42823.jpg,43
007.Parakeet_Auklet/Parakeet_Auklet_0035_795934.jpg,6
101.White_Pelican/White_Pelican_0044_96028.jpg,100
139.Scarlet_Tanager/Scarlet_Tanager_0131_138740.jpg,138
052.Pied_billed_Grebe/Pied_Billed_Grebe_0119_35377.jpg,51
079.Belted_Kingfisher/Belted_Kingfisher_0011_70923.jpg,78
183.Northern_Waterthrush/Northern_Waterthrush_0014_177305.jpg,182
030.Fish_Crow/Fish_Crow_0044_25964.jpg,29
127.Savannah_Sparrow/Savannah_Sparrow_0091_120630.jpg,126
137.Cliff_Swallow/Cliff_Swallow_0071_133742.jpg,136
048.European_Goldfinch/European_Goldfinch_0107_794655.jpg,47
025.Pelagic_Cormorant/Pelagic_Cormorant_0057_24002.jpg,24
180.Wilson_Warbler/Wilson_Warbler_0114_175295.jpg,179
025.Pelagic_Cormorant/Pelagic_Cormorant_0100_23894.jpg,24
028.Brown_Creeper/Brown_Creeper_0048_24976.jpg,27
023.Brandt_Cormorant/Brandt_Cormorant_0068_23019.jpg,22
070.Green_Violetear/Green_Violetear_0077_795696.jpg,69
053.Western_Grebe/Western_Grebe_0001_36481.jpg,52
097.Orchard_Oriole/Orchard_Oriole_0005_91682.jpg,96
001.Black_footed_Albatross/Black_Footed_Albatross_0068_796135.jpg,0
140.Summer_Tanager/Summer_Tanager_0033_140268.jpg,139
048.European_Goldfinch/European_Goldfinch_0052_33082.jpg,47
181.Worm_eating_Warbler/Worm_Eating_Warbler_0011_795566.jpg,180
094.White_breasted_Nuthatch/White_Breasted_Nuthatch_0047_85819.jpg,93
055.Evening_Grosbeak/Evening_Grosbeak_0001_37437.jpg,54
022.Chuck_will_Widow/Chuck_Will_Widow_0007_796958.jpg,21
078.Gray_Kingbird/Gray_Kingbird_0009_795023.jpg,77
018.Spotted_Catbird/Spotted_Catbird_0022_796821.jpg,17
011.Rusty_Blackbird/Rusty_Blackbird_0114_6760.jpg,10
137.Cliff_Swallow/Cliff_Swallow_0092_132971.jpg,136
182.Yellow_Warbler/Yellow_Warbler_0067_176856.jpg,181
035.Purple_Finch/Purple_Finch_0081_27913.jpg,34
165.Chestnut_sided_Warbler/Chestnut_Sided_Warbler_0094_164152.jpg,164
137.Cliff_Swallow/Cliff_Swallow_0028_132365.jpg,136
060.Glaucous_winged_Gull/Glaucous_Winged_Gull_0134_44743.jpg,59
103.Sayornis/Sayornis_0130_98678.jpg,102
143.Caspian_Tern/Caspian_Tern_0109_145948.jpg,142
080.Green_Kingfisher/Green_Kingfisher_0071_71255.jpg,79
002.Laysan_Albatross/Laysan_Albatross_0065_809.jpg,1
108.White_necked_Raven/White_Necked_Raven_0001_797384.jpg,107
040.Olive_sided_Flycatcher/Olive_Sided_Flycatcher_0012_796876.jpg,39
194.Cactus_Wren/Cactus_Wren_0008_186083.jpg,193
070.Green_Violetear/Green_Violetear_0005_795666.jpg,69
173.Orange_crowned_Warbler/Orange_Crowned_Warbler_0066_167949.jpg,172
081.Pied_Kingfisher/Pied_Kingfisher_0017_72316.jpg,80
157.Yellow_throated_Vireo/Yellow_Throated_Vireo_0077_159581.jpg,156
127.Savannah_Sparrow/Savannah_Sparrow_0094_119040.jpg,126
042.Vermilion_Flycatcher/Vermilion_Flycatcher_0006_42564.jpg,41
050.Eared_Grebe/Eared_Grebe_0034_34142.jpg,49
005.Crested_Auklet/Crested_Auklet_0019_794925.jpg,4
006.Least_Auklet/Least_Auklet_0029_795122.jpg,5
062.Herring_Gull/Herring_Gull_0139_47006.jpg,61
131.Vesper_Sparrow/Vesper_Sparrow_0017_125534.jpg,130
094.White_breasted_Nuthatch/White_Breasted_Nuthatch_0066_86159.jpg,93
052.Pied_billed_Grebe/Pied_Billed_Grebe_0082_35356.jpg,51
024.Red_faced_Cormorant/Red_Faced_Cormorant_0053_796331.jpg,23
009.Brewer_Blackbird/Brewer_Blackbird_0116_2327.jpg,8
155.Warbling_Vireo/Warbling_Vireo_0067_158283.jpg,154
096.Hooded_Oriole/Hooded_Oriole_0060_90879.jpg,95
124.Le_Conte_Sparrow/Le_Conte_Sparrow_0063_795149.jpg,123
104.American_Pipit/American_Pipit_0113_99939.jpg,103
088.Western_Meadowlark/Western_Meadowlark_0053_77774.jpg,87
153.Philadelphia_Vireo/Philadelphia_Vireo_0024_156645.jpg,152
122.Harris_Sparrow/Harris_Sparrow_0035_116529.jpg,121
076.Dark_eyed_Junco/Dark_Eyed_Junco_0026_68061.jpg,75
156.White_eyed_Vireo/White_Eyed_Vireo_0085_159119.jpg,155
145.Elegant_Tern/Elegant_Tern_0065_151021.jpg,144
018.Spotted_Catbird/Spotted_Catbird_0027_796796.jpg,17
024.Red_faced_Cormorant/Red_Faced_Cormorant_0002_796275.jpg,23
133.White_throated_Sparrow/White_Throated_Sparrow_0123_129009.jpg,132
079.Belted_Kingfisher/Belted_Kingfisher_0044_70494.jpg,78
095.Baltimore_Oriole/Baltimore_Oriole_0100_89908.jpg,94
075.Green_Jay/Green_Jay_0039_66118.jpg,74
116.Chipping_Sparrow/Chipping_Sparrow_0010_109760.jpg,115
027.Shiny_Cowbird/Shiny_Cowbird_0019_24323.jpg,26
099.Ovenbird/Ovenbird_0035_92785.jpg,98
047.American_Goldfinch/American_Goldfinch_0087_32363.jpg,46
050.Eared_Grebe/Eared_Grebe_0056_34098.jpg,49
061.Heermann_Gull/Heermann_Gull_0035_45754.jpg,60
151.Black_capped_Vireo/Black_Capped_Vireo_0006_797491.jpg,150
120.Fox_Sparrow/Fox_Sparrow_0041_115218.jpg,119
135.Bank_Swallow/Bank_Swallow_0010_129592.jpg,134
077.Tropical_Kingbird/Tropical_Kingbird_0097_69436.jpg,76
186.Cedar_Waxwing/Cedar_Waxwing_0037_179710.jpg,185
103.Sayornis/Sayornis_0085_99503.jpg,102
064.Ring_billed_Gull/Ring_Billed_Gull_0117_51363.jpg,63
013.Bobolink/Bobolink_0001_9261.jpg,12
062.Herring_Gull/Herring_Gull_0052_46810.jpg,61
031.Black_billed_Cuckoo/Black_Billed_Cuckoo_0031_26318.jpg,30
159.Black_and_white_Warbler/Black_And_White_Warbler_0080_160375.jpg,158
182.Yellow_Warbler/Yellow_Warbler_0034_176204.jpg,181
003.Sooty_Albatross/Sooty_Albatross_0075_796352.jpg,2
018.Spotted_Catbird/Spotted_Catbird_0034_19437.jpg,17
035.Purple_Finch/Purple_Finch_0102_27308.jpg,34
001.Black_footed_Albatross/Black_Footed_Albatross_0074_59.jpg,0
049.Boat_tailed_Grackle/Boat_Tailed_Grackle_0030_33615.jpg,48
147.Least_Tern/Least_Tern_0060_153190.jpg,146
126.Nelson_Sharp_tailed_Sparrow/Nelson_Sharp_Tailed_Sparrow_0051_796902.jpg,125
162.Canada_Warbler/Canada_Warbler_0075_162428.jpg,161
068.Ruby_throated_Hummingbird/Ruby_Throated_Hummingbird_0078_57208.jpg,67
170.Mourning_Warbler/Mourning_Warbler_0014_166427.jpg,169
013.Bobolink/Bobolink_0104_10273.jpg,12
175.Pine_Warbler/Pine_Warbler_0085_170981.jpg,174
036.Northern_Flicker/Northern_Flicker_0107_28667.jpg,35
127.Savannah_Sparrow/Savannah_Sparrow_0014_120072.jpg,126
080.Green_Kingfisher/Green_Kingfisher_0096_71080.jpg,79
200.Common_Yellowthroat/Common_Yellowthroat_0035_190567.jpg,199
199.Winter_Wren/Winter_Wren_0033_189635.jpg,198
200.Common_Yellowthroat/Common_Yellowthroat_0092_190573.jpg,199
096.Hooded_Oriole/Hooded_Oriole_0130_90422.jpg,95
164.Cerulean_Warbler/Cerulean_Warbler_0077_797202.jpg,163
093.Clark_Nutcracker/Clark_Nutcracker_0017_84777.jpg,92
166.Golden_winged_Warbler/Golden_Winged_Warbler_0066_794803.jpg,165
069.Rufous_Hummingbird/Rufous_Hummingbird_0118_59393.jpg,68
136.Barn_Swallow/Barn_Swallow_0064_132688.jpg,135
099.Ovenbird/Ovenbird_0034_93006.jpg,98
150.Sage_Thrasher/Sage_Thrasher_0060_155728.jpg,149
013.Bobolink/Bobolink_0069_9085.jpg,12
035.Purple_Finch/Purple_Finch_0011_27633.jpg,34
188.Pileated_Woodpecker/Pileated_Woodpecker_0087_179959.jpg,187
033.Yellow_billed_Cuckoo/Yellow_Billed_Cuckoo_0036_26682.jpg,32
152.Blue_headed_Vireo/Blue_Headed_Vireo_0011_156276.jpg,151
017.Cardinal/Cardinal_0079_19044.jpg,16
046.Gadwall/Gadwall_0097_30893.jpg,45
188.Pileated_Woodpecker/Pileated_Woodpecker_0056_180094.jpg,187
185.Bohemian_Waxwing/Bohemian_Waxwing_0075_796678.jpg,184
039.Least_Flycatcher/Least_Flycatcher_0081_30380.jpg,38
060.Glaucous_winged_Gull/Glaucous_Winged_Gull_0049_45065.jpg,59
078.Gray_Kingbird/Gray_Kingbird_0083_70162.jpg,77
178.Swainson_Warbler/Swainson_Warbler_0039_794859.jpg,177
108.White_necked_Raven/White_Necked_Raven_0004_102714.jpg,107
018.Spotted_Catbird/Spotted_Catbird_0016_796803.jpg,17
016.Painted_Bunting/Painted_Bunting_0036_16563.jpg,15
083.White_breasted_Kingfisher/White_Breasted_Kingfisher_0053_73476.jpg,82
153.Philadelphia_Vireo/Philadelphia_Vireo_0034_794766.jpg,152
162.Canada_Warbler/Canada_Warbler_0004_162224.jpg,161
054.Blue_Grosbeak/Blue_Grosbeak_0101_36719.jpg,53
066.Western_Gull/Western_Gull_0051_54320.jpg,65
113.Baird_Sparrow/Baird_Sparrow_0040_794581.jpg,112
095.Baltimore_Oriole/Baltimore_Oriole_0071_89611.jpg,94
158.Bay_breasted_Warbler/Bay_Breasted_Warbler_0073_797138.jpg,157
040.Olive_sided_Flycatcher/Olive_Sided_Flycatcher_0040_30620.jpg,39
140.Summer_Tanager/Summer_Tanager_0109_139522.jpg,139
065.Slaty_backed_Gull/Slaty_Backed_Gull_0086_786387.jpg,64
041.Scissor_tailed_Flycatcher/Scissor_Tailed_Flycatcher_0068_41835.jpg,40
021.Eastern_Towhee/Eastern_Towhee_0038_22399.jpg,20
162.Canada_Warbler/Canada_Warbler_0047_162439.jpg,161
078.Gray_Kingbird/Gray_Kingbird_0028_70303.jpg,77
109.American_Redstart/American_Redstart_0009_103974.jpg,108
031.Black_billed_Cuckoo/Black_Billed_Cuckoo_0062_795309.jpg,30
183.Northern_Waterthrush/Northern_Waterthrush_0076_176986.jpg,182
151.Black_capped_Vireo/Black_Capped_Vireo_0027_797455.jpg,150
108.White_necked_Raven/White_Necked_Raven_0067_102630.jpg,107
086.Pacific_Loon/Pacific_Loon_0009_75642.jpg,85
056.Pine_Grosbeak/Pine_Grosbeak_0088_38830.jpg,55
166.Golden_winged_Warbler/Golden_Winged_Warbler_0014_164464.jpg,165
146.Forsters_Tern/Forsters_Tern_0001_152174.jpg,145
105.Whip_poor_Will/Whip_Poor_Will_0050_796415.jpg,104
199.Winter_Wren/Winter_Wren_0037_190123.jpg,198
143.Caspian_Tern/Caspian_Tern_0066_147680.jpg,142
021.Eastern_Towhee/Eastern_Towhee_0101_22559.jpg,20
169.Magnolia_Warbler/Magnolia_Warbler_0029_165567.jpg,168
136.Barn_Swallow/Barn_Swallow_0045_130244.jpg,135
172.Nashville_Warbler/Nashville_Warbler_0068_167266.jpg,171
034.Gray_crowned_Rosy_Finch/Gray_Crowned_Rosy_Finch_0080_27108.jpg,33
071.Long_tailed_Jaeger/Long_Tailed_Jaeger_0038_797077.jpg,70
073.Blue_Jay/Blue_Jay_0009_62873.jpg,72
087.Mallard/Mallard_0086_76567.jpg,86
151.Black_capped_Vireo/Black_Capped_Vireo_0013_155815.jpg,150
025.Pelagic_Cormorant/Pelagic_Cormorant_0038_23643.jpg,24
115.Brewer_Sparrow/Brewer_Sparrow_0051_796710.jpg,114
109.American_Redstart/American_Redstart_0049_103176.jpg,108
063.Ivory_Gull/Ivory_Gull_0067_49659.jpg,62
188.Pileated_Woodpecker/Pileated_Woodpecker_0125_179971.jpg,187
189.Red_bellied_Woodpecker/Red_Bellied_Woodpecker_0017_181131.jpg,188
141.Artic_Tern/Artic_Tern_0046_140986.jpg,140
184.Louisiana_Waterthrush/Louisiana_Waterthrush_0025_177403.jpg,183
051.Horned_Grebe/Horned_Grebe_0046_34926.jpg,50
122.Harris_Sparrow/Harris_Sparrow_0057_116374.jpg,121
087.Mallard/Mallard_0026_76725.jpg,86
048.European_Goldfinch/European_Goldfinch_0032_794679.jpg,47
103.Sayornis/Sayornis_0086_98829.jpg,102
101.White_Pelican/White_Pelican_0075_96422.jpg,100
081.Pied_Kingfisher/Pied_Kingfisher_0062_72379.jpg,80
002.Laysan_Albatross/Laysan_Albatross_0018_492.jpg,1
111.Loggerhead_Shrike/Loggerhead_Shrike_0007_106101.jpg,110
019.Gray_Catbird/Gray_Catbird_0023_20668.jpg,18
108.White_necked_Raven/White_Necked_Raven_0023_797371.jpg,107
160.Black_throated_Blue_Warbler/Black_Throated_Blue_Warbler_0106_161523.jpg,159
197.Marsh_Wren/Marsh_Wren_0038_188530.jpg,196
171.Myrtle_Warbler/Myrtle_Warbler_0036_166833.jpg,170
002.Laysan_Albatross/Laysan_Albatross_0055_570.jpg,1
191.Red_headed_Woodpecker/Red_Headed_Woodpecker_0095_183688.jpg,190
072.Pomarine_Jaeger/Pomarine_Jaeger_0003_795778.jpg,71
120.Fox_Sparrow/Fox_Sparrow_0093_114757.jpg,119
107.Common_Raven/Common_Raven_0054_101750.jpg,106
114.Black_throated_Sparrow/Black_Throated_Sparrow_0020_106971.jpg,113
074.Florida_Jay/Florida_Jay_0029_65114.jpg,73
180.Wilson_Warbler/Wilson_Warbler_0018_175389.jpg,179
072.Pomarine_Jaeger/Pomarine_Jaeger_0006_795775.jpg,71
108.White_necked_Raven/White_Necked_Raven_0020_102730.jpg,107
112.Great_Grey_Shrike/Great_Grey_Shrike_0056_106752.jpg,111
043.Yellow_bellied_Flycatcher/Yellow_Bellied_Flycatcher_0049_42593.jpg,42
195.Carolina_Wren/Carolina_Wren_0038_186436.jpg,194
137.Cliff_Swallow/Cliff_Swallow_0044_133927.jpg,136
110.Geococcyx/Geococcyx_0065_104806.jpg,109
101.White_Pelican/White_Pelican_0079_97380.jpg,100
120.Fox_Sparrow/Fox_Sparrow_0012_115324.jpg,119
126.Nelson_Sharp_tailed_Sparrow/Nelson_Sharp_Tailed_Sparrow_0049_118033.jpg,125
064.Ring_billed_Gull/Ring_Billed_Gull_0098_51410.jpg,63
051.Horned_Grebe/Horned_Grebe_0002_34577.jpg,50
133.White_throated_Sparrow/White_Throated_Sparrow_0112_129101.jpg,132
004.Groove_billed_Ani/Groove_Billed_Ani_0065_1502.jpg,3
001.Black_footed_Albatross/Black_Footed_Albatross_0051_796103.jpg,0
195.Carolina_Wren/Carolina_Wren_0058_186409.jpg,194
172.Nashville_Warbler/Nashville_Warbler_0098_167293.jpg,171
150.Sage_Thrasher/Sage_Thrasher_0096_155449.jpg,149
128.Seaside_Sparrow/Seaside_Sparrow_0066_120791.jpg,127
153.Philadelphia_Vireo/Philadelphia_Vireo_0085_794757.jpg,152
112.Great_Grey_Shrike/Great_Grey_Shrike_0092_797048.jpg,111
079.Belted_Kingfisher/Belted_Kingfisher_0080_70725.jpg,78
028.Brown_Creeper/Brown_Creeper_0121_24574.jpg,27
132.White_crowned_Sparrow/White_Crowned_Sparrow_0001_127115.jpg,131
104.American_Pipit/American_Pipit_0062_100000.jpg,103
136.Barn_Swallow/Barn_Swallow_0042_132043.jpg,135
141.Artic_Tern/Artic_Tern_0116_143613.jpg,140
034.Gray_crowned_Rosy_Finch/Gray_Crowned_Rosy_Finch_0030_27068.jpg,33
131.Vesper_Sparrow/Vesper_Sparrow_0084_125532.jpg,130
049.Boat_tailed_Grackle/Boat_Tailed_Grackle_0028_33777.jpg,48
106.Horned_Puffin/Horned_Puffin_0066_100877.jpg,105
187.American_Three_toed_Woodpecker/American_Three_Toed_Woodpecker_0018_179831.jpg,186
101.White_Pelican/White_Pelican_0073_96260.jpg,100
040.Olive_sided_Flycatcher/Olive_Sided_Flycatcher_0018_796882.jpg,39
039.Least_Flycatcher/Least_Flycatcher_0095_30277.jpg,38
148.Green_tailed_Towhee/Green_Tailed_Towhee_0043_797430.jpg,147
133.White_throated_Sparrow/White_Throated_Sparrow_0016_129158.jpg,132
116.Chipping_Sparrow/Chipping_Sparrow_0073_108881.jpg,115
191.Red_headed_Woodpecker/Red_Headed_Woodpecker_0014_183701.jpg,190
005.Crested_Auklet/Crested_Auklet_0030_794937.jpg,4
160.Black_throated_Blue_Warbler/Black_Throated_Blue_Warbler_0133_161539.jpg,159
106.Horned_Puffin/Horned_Puffin_0021_100780.jpg,105
057.Rose_breasted_Grosbeak/Rose_Breasted_Grosbeak_0062_39234.jpg,56
085.Horned_Lark/Horned_Lark_0025_75003.jpg,84
111.Loggerhead_Shrike/Loggerhead_Shrike_0029_104849.jpg,110
174.Palm_Warbler/Palm_Warbler_0015_169626.jpg,173
145.Elegant_Tern/Elegant_Tern_0088_151089.jpg,144
008.Rhinoceros_Auklet/Rhinoceros_Auklet_0014_797522.jpg,7
178.Swainson_Warbler/Swainson_Warbler_0036_174699.jpg,177
100.Brown_Pelican/Brown_Pelican_0071_94549.jpg,99
003.Sooty_Albatross/Sooty_Albatross_0043_1076.jpg,2
109.American_Redstart/American_Redstart_0056_103241.jpg,108
195.Carolina_Wren/Carolina_Wren_0141_186347.jpg,194
037.Acadian_Flycatcher/Acadian_Flycatcher_0014_795607.jpg,36
083.White_breasted_Kingfisher/White_Breasted_Kingfisher_0121_73258.jpg,82
084.Red_legged_Kittiwake/Red_Legged_Kittiwake_0006_795436.jpg,83
017.Cardinal/Cardinal_0075_17946.jpg,16
052.Pied_billed_Grebe/Pied_Billed_Grebe_0033_35379.jpg,51
146.Forsters_Tern/Forsters_Tern_0068_152078.jpg,145
183.Northern_Waterthrush/Northern_Waterthrush_0090_177283.jpg,182
036.Northern_Flicker/Northern_Flicker_0105_28836.jpg,35
055.Evening_Grosbeak/Evening_Grosbeak_0130_37813.jpg,54
036.Northern_Flicker/Northern_Flicker_0057_28606.jpg,35
065.Slaty_backed_Gull/Slaty_Backed_Gull_0056_796013.jpg,64
154.Red_eyed_Vireo/Red_Eyed_Vireo_0030_156987.jpg,153
038.Great_Crested_Flycatcher/Great_Crested_Flycatcher_0136_29490.jpg,37
173.Orange_crowned_Warbler/Orange_Crowned_Warbler_0091_167578.jpg,172
165.Chestnut_sided_Warbler/Chestnut_Sided_Warbler_0035_163587.jpg,164
198.Rock_Wren/Rock_Wren_0111_189443.jpg,197
059.California_Gull/California_Gull_0055_41218.jpg,58
109.American_Redstart/American_Redstart_0013_103677.jpg,108
178.Swainson_Warbler/Swainson_Warbler_0047_794870.jpg,177
101.White_Pelican/White_Pelican_0022_95897.jpg,100
154.Red_eyed_Vireo/Red_Eyed_Vireo_0003_157226.jpg,153
173.Orange_crowned_Warbler/Orange_Crowned_Warbler_0062_168119.jpg,172
047.American_Goldfinch/American_Goldfinch_0121_32725.jpg,46
055.Evening_Grosbeak/Evening_Grosbeak_0011_37913.jpg,54
012.Yellow_headed_Blackbird/Yellow_Headed_Blackbird_0072_8606.jpg,11
086.Pacific_Loon/Pacific_Loon_0066_75547.jpg,85
141.Artic_Tern/Artic_Tern_0105_141098.jpg,140
046.Gadwall/Gadwall_0066_31557.jpg,45
063.Ivory_Gull/Ivory_Gull_0037_49068.jpg,62
139.Scarlet_Tanager/Scarlet_Tanager_0033_137603.jpg,138
174.Palm_Warbler/Palm_Warbler_0083_170281.jpg,173
113.Baird_Sparrow/Baird_Sparrow_0043_794555.jpg,112
100.Brown_Pelican/Brown_Pelican_0129_94074.jpg,99
166.Golden_winged_Warbler/Golden_Winged_Warbler_0071_164370.jpg,165
153.Philadelphia_Vireo/Philadelphia_Vireo_0042_156528.jpg,152
056.Pine_Grosbeak/Pine_Grosbeak_0050_38475.jpg,55
123.Henslow_Sparrow/Henslow_Sparrow_0106_796580.jpg,122
166.Golden_winged_Warbler/Golden_Winged_Warbler_0012_164496.jpg,165
194.Cactus_Wren/Cactus_Wren_0001_185645.jpg,193
148.Green_tailed_Towhee/Green_Tailed_Towhee_0076_154999.jpg,147
143.Caspian_Tern/Caspian_Tern_0107_145639.jpg,142
036.Northern_Flicker/Northern_Flicker_0059_28488.jpg,35
010.Red_winged_Blackbird/Red_Winged_Blackbird_0014_3761.jpg,9
179.Tennessee_Warbler/Tennessee_Warbler_0019_174786.jpg,178
163.Cape_May_Warbler/Cape_May_Warbler_0076_163075.jpg,162
097.Orchard_Oriole/Orchard_Oriole_0082_91654.jpg,96
179.Tennessee_Warbler/Tennessee_Warbler_0033_174772.jpg,178
130.Tree_Sparrow/Tree_Sparrow_0057_123665.jpg,129
065.Slaty_backed_Gull/Slaty_Backed_Gull_0071_796037.jpg,64
083.White_breasted_Kingfisher/White_Breasted_Kingfisher_0117_73283.jpg,82
173.Orange_crowned_Warbler/Orange_Crowned_Warbler_0080_167960.jpg,172
117.Clay_colored_Sparrow/Clay_Colored_Sparrow_0095_110635.jpg,116
038.Great_Crested_Flycatcher/Great_Crested_Flycatcher_0006_29362.jpg,37
169.Magnolia_Warbler/Magnolia_Warbler_0004_165535.jpg,168
100.Brown_Pelican/Brown_Pelican_0025_95218.jpg,99
030.Fish_Crow/Fish_Crow_0033_25915.jpg,29
012.Yellow_headed_Blackbird/Yellow_Headed_Blackbird_0062_8310.jpg,11
135.Bank_Swallow/Bank_Swallow_0068_129806.jpg,134
115.Brewer_Sparrow/Brewer_Sparrow_0060_107391.jpg,114
080.Green_Kingfisher/Green_Kingfisher_0005_71352.jpg,79
042.Vermilion_Flycatcher/Vermilion_Flycatcher_0042_42266.jpg,41
135.Bank_Swallow/Bank_Swallow_0069_129802.jpg,134
041.Scissor_tailed_Flycatcher/Scissor_Tailed_Flycatcher_0111_42118.jpg,40
135.Bank_Swallow/Bank_Swallow_0053_129501.jpg,134
180.Wilson_Warbler/Wilson_Warbler_0136_175186.jpg,179
043.Yellow_bellied_Flycatcher/Yellow_Bellied_Flycatcher_0034_795511.jpg,42
079.Belted_Kingfisher/Belted_Kingfisher_0082_70711.jpg,78
098.Scott_Oriole/Scott_Oriole_0075_795817.jpg,97
102.Western_Wood_Pewee/Western_Wood_Pewee_0020_795054.jpg,101
031.Black_billed_Cuckoo/Black_Billed_Cuckoo_0047_26176.jpg,30
001.Black_footed_Albatross/Black_Footed_Albatross_0041_796108.jpg,0
099.Ovenbird/Ovenbird_0022_92702.jpg,98
116.Chipping_Sparrow/Chipping_Sparrow_0030_109741.jpg,115
188.Pileated_Woodpecker/Pileated_Woodpecker_0089_179969.jpg,187
034.Gray_crowned_Rosy_Finch/Gray_Crowned_Rosy_Finch_0046_797295.jpg,33
063.Ivory_Gull/Ivory_Gull_0065_49566.jpg,62
066.Western_Gull/Western_Gull_0073_54118.jpg,65
158.Bay_breasted_Warbler/Bay_Breasted_Warbler_0072_797114.jpg,157
156.White_eyed_Vireo/White_Eyed_Vireo_0016_158978.jpg,155
008.Rhinoceros_Auklet/Rhinoceros_Auklet_0026_797519.jpg,7
186.Cedar_Waxwing/Cedar_Waxwing_0096_178164.jpg,185
022.Chuck_will_Widow/Chuck_Will_Widow_0016_796974.jpg,21
141.Artic_Tern/Artic_Tern_0052_143244.jpg,140
062.Herring_Gull/Herring_Gull_0048_46061.jpg,61
051.Horned_Grebe/Horned_Grebe_0078_34799.jpg,50
063.Ivory_Gull/Ivory_Gull_0099_49218.jpg,62
126.Nelson_Sharp_tailed_Sparrow/Nelson_Sharp_Tailed_Sparrow_0038_796920.jpg,125
107.Common_Raven/Common_Raven_0099_102534.jpg,106
102.Western_Wood_Pewee/Western_Wood_Pewee_0011_98205.jpg,101
046.Gadwall/Gadwall_0049_30936.jpg,45
126.Nelson_Sharp_tailed_Sparrow/Nelson_Sharp_Tailed_Sparrow_0018_118011.jpg,125
003.Sooty_Albatross/Sooty_Albatross_0031_1066.jpg,2
094.White_breasted_Nuthatch/White_Breasted_Nuthatch_0040_86127.jpg,93
048.European_Goldfinch/European_Goldfinch_0012_794646.jpg,47
087.Mallard/Mallard_0141_76977.jpg,86
102.Western_Wood_Pewee/Western_Wood_Pewee_0072_98035.jpg,101
027.Shiny_Cowbird/Shiny_Cowbird_0024_24281.jpg,26
126.Nelson_Sharp_tailed_Sparrow/Nelson_Sharp_Tailed_Sparrow_0004_796941.jpg,125
046.Gadwall/Gadwall_0035_30985.jpg,45
172.Nashville_Warbler/Nashville_Warbler_0102_167195.jpg,171
003.Sooty_Albatross/Sooty_Albatross_0058_796360.jpg,2
189.Red_bellied_Woodpecker/Red_Bellied_Woodpecker_0055_180768.jpg,188
074.Florida_Jay/Florida_Jay_0111_64651.jpg,73
002.Laysan_Albatross/Laysan_Albatross_0013_910.jpg,1
176.Prairie_Warbler/Prairie_Warbler_0105_172982.jpg,175
082.Ringed_Kingfisher/Ringed_Kingfisher_0108_73169.jpg,81
058.Pigeon_Guillemot/Pigeon_Guillemot_0077_39885.jpg,57
070.Green_Violetear/Green_Violetear_0084_795641.jpg,69
185.Bohemian_Waxwing/Bohemian_Waxwing_0010_796672.jpg,184
046.Gadwall/Gadwall_0084_31135.jpg,45
057.Rose_breasted_Grosbeak/Rose_Breasted_Grosbeak_0017_39161.jpg,56
085.Horned_Lark/Horned_Lark_0010_75291.jpg,84
166.Golden_winged_Warbler/Golden_Winged_Warbler_0024_794807.jpg,165
023.Brandt_Cormorant/Brandt_Cormorant_0022_23157.jpg,22
196.House_Wren/House_Wren_0119_187552.jpg,195
039.Least_Flycatcher/Least_Flycatcher_0067_30397.jpg,38
108.White_necked_Raven/White_Necked_Raven_0007_102676.jpg,107
197.Marsh_Wren/Marsh_Wren_0012_188275.jpg,196
150.Sage_Thrasher/Sage_Thrasher_0019_107436.jpg,149
068.Ruby_throated_Hummingbird/Ruby_Throated_Hummingbird_0095_57990.jpg,67
157.Yellow_throated_Vireo/Yellow_Throated_Vireo_0040_159624.jpg,156
076.Dark_eyed_Junco/Dark_Eyed_Junco_0091_67304.jpg,75
097.Orchard_Oriole/Orchard_Oriole_0046_91646.jpg,96
017.Cardinal/Cardinal_0028_18054.jpg,16
006.Least_Auklet/Least_Auklet_0054_795130.jpg,5
138.Tree_Swallow/Tree_Swallow_0004_135411.jpg,137
091.Mockingbird/Mockingbird_0024_79623.jpg,90
187.American_Three_toed_Woodpecker/American_Three_Toed_Woodpecker_0037_796166.jpg,186
149.Brown_Thrasher/Brown_Thrasher_0030_155152.jpg,148
172.Nashville_Warbler/Nashville_Warbler_0048_167071.jpg,171
057.Rose_breasted_Grosbeak/Rose_Breasted_Grosbeak_0080_39734.jpg,56
111.Loggerhead_Shrike/Loggerhead_Shrike_0019_106132.jpg,110
144.Common_Tern/Common_Tern_0049_149159.jpg,143
112.Great_Grey_Shrike/Great_Grey_Shrike_0054_106768.jpg,111
193.Bewick_Wren/Bewick_Wren_0034_185130.jpg,192
151.Black_capped_Vireo/Black_Capped_Vireo_0053_797478.jpg,150
163.Cape_May_Warbler/Cape_May_Warbler_0108_163108.jpg,162
021.Eastern_Towhee/Eastern_Towhee_0068_22194.jpg,20
082.Ringed_Kingfisher/Ringed_Kingfisher_0011_72982.jpg,81
054.Blue_Grosbeak/Blue_Grosbeak_0067_36965.jpg,53
132.White_crowned_Sparrow/White_Crowned_Sparrow_0072_127080.jpg,131
003.Sooty_Albatross/Sooty_Albatross_0038_1065.jpg,2
156.White_eyed_Vireo/White_Eyed_Vireo_0125_159078.jpg,155
111.Loggerhead_Shrike/Loggerhead_Shrike_0018_26407.jpg,110
123.Henslow_Sparrow/Henslow_Sparrow_0081_116755.jpg,122
075.Green_Jay/Green_Jay_0049_65600.jpg,74
069.Rufous_Hummingbird/Rufous_Hummingbird_0025_59461.jpg,68
102.Western_Wood_Pewee/Western_Wood_Pewee_0041_795048.jpg,101
105.Whip_poor_Will/Whip_Poor_Will_0017_796429.jpg,104
194.Cactus_Wren/Cactus_Wren_0123_186068.jpg,193
064.Ring_billed_Gull/Ring_Billed_Gull_0003_51480.jpg,63
043.Yellow_bellied_Flycatcher/Yellow_Bellied_Flycatcher_0052_42621.jpg,42
087.Mallard/Mallard_0111_76722.jpg,86
008.Rhinoceros_Auklet/Rhinoceros_Auklet_0011_797530.jpg,7
097.Orchard_Oriole/Orchard_Oriole_0019_91338.jpg,96
095.Baltimore_Oriole/Baltimore_Oriole_0038_87083.jpg,94
101.White_Pelican/White_Pelican_0035_96312.jpg,100
053.Western_Grebe/Western_Grebe_0069_36486.jpg,52
155.Warbling_Vireo/Warbling_Vireo_0030_158488.jpg,154
106.Horned_Puffin/Horned_Puffin_0007_100699.jpg,105
079.Belted_Kingfisher/Belted_Kingfisher_0075_70873.jpg,78
067.Anna_Hummingbird/Anna_Hummingbird_0047_56049.jpg,66
038.Great_Crested_Flycatcher/Great_Crested_Flycatcher_0099_29305.jpg,37
138.Tree_Swallow/Tree_Swallow_0127_135912.jpg,137
198.Rock_Wren/Rock_Wren_0004_189046.jpg,197
125.Lincoln_Sparrow/Lincoln_Sparrow_0109_117940.jpg,124
126.Nelson_Sharp_tailed_Sparrow/Nelson_Sharp_Tailed_Sparrow_0014_796906.jpg,125
150.Sage_Thrasher/Sage_Thrasher_0083_796450.jpg,149
141.Artic_Tern/Artic_Tern_0122_142448.jpg,140
024.Red_faced_Cormorant/Red_Faced_Cormorant_0046_23446.jpg,23
004.Groove_billed_Ani/Groove_Billed_Ani_0051_1650.jpg,3
149.Brown_Thrasher/Brown_Thrasher_0051_155344.jpg,148
024.Red_faced_Cormorant/Red_Faced_Cormorant_0033_796337.jpg,23
141.Artic_Tern/Artic_Tern_0063_142495.jpg,140
116.Chipping_Sparrow/Chipping_Sparrow_0025_108653.jpg,115
094.White_breasted_Nuthatch/White_Breasted_Nuthatch_0106_85955.jpg,93
046.Gadwall/Gadwall_0096_31560.jpg,45
055.Evening_Grosbeak/Evening_Grosbeak_0033_37707.jpg,54
011.Rusty_Blackbird/Rusty_Blackbird_0087_6727.jpg,10
192.Downy_Woodpecker/Downy_Woodpecker_0005_184098.jpg,191
103.Sayornis/Sayornis_0025_98620.jpg,102
182.Yellow_Warbler/Yellow_Warbler_0028_176391.jpg,181
068.Ruby_throated_Hummingbird/Ruby_Throated_Hummingbird_0045_57347.jpg,67
071.Long_tailed_Jaeger/Long_Tailed_Jaeger_0069_61060.jpg,70
124.Le_Conte_Sparrow/Le_Conte_Sparrow_0032_795186.jpg,123
104.American_Pipit/American_Pipit_0006_99857.jpg,103
097.Orchard_Oriole/Orchard_Oriole_0116_91645.jpg,96
196.House_Wren/House_Wren_0072_187899.jpg,195
066.Western_Gull/Western_Gull_0025_55421.jpg,65
129.Song_Sparrow/Song_Sparrow_0020_121490.jpg,128
195.Carolina_Wren/Carolina_Wren_0045_186165.jpg,194
078.Gray_Kingbird/Gray_Kingbird_0069_70082.jpg,77
192.Downy_Woodpecker/Downy_Woodpecker_0032_184622.jpg,191
003.Sooty_Albatross/Sooty_Albatross_0025_796361.jpg,2
192.Downy_Woodpecker/Downy_Woodpecker_0073_184430.jpg,191
046.Gadwall/Gadwall_0071_31655.jpg,45
061.Heermann_Gull/Heermann_Gull_0053_45854.jpg,60
058.Pigeon_Guillemot/Pigeon_Guillemot_0018_40195.jpg,57
102.Western_Wood_Pewee/Western_Wood_Pewee_0059_98262.jpg,101
010.Red_winged_Blackbird/Red_Winged_Blackbird_0012_6015.jpg,9
158.Bay_breasted_Warbler/Bay_Breasted_Warbler_0100_797142.jpg,157
005.Crested_Auklet/Crested_Auklet_0032_794931.jpg,4
161.Blue_winged_Warbler/Blue_Winged_Warbler_0036_161758.jpg,160
192.Downy_Woodpecker/Downy_Woodpecker_0049_183920.jpg,191
101.White_Pelican/White_Pelican_0012_97261.jpg,100
156.White_eyed_Vireo/White_Eyed_Vireo_0118_159036.jpg,155
174.Palm_Warbler/Palm_Warbler_0133_169575.jpg,173
057.Rose_breasted_Grosbeak/Rose_Breasted_Grosbeak_0067_39592.jpg,56
162.Canada_Warbler/Canada_Warbler_0009_162343.jpg,161
095.Baltimore_Oriole/Baltimore_Oriole_0131_87542.jpg,94
144.Common_Tern/Common_Tern_0030_147825.jpg,143
165.Chestnut_sided_Warbler/Chestnut_Sided_Warbler_0098_164352.jpg,164
076.Dark_eyed_Junco/Dark_Eyed_Junco_0094_68735.jpg,75
146.Forsters_Tern/Forsters_Tern_0027_151456.jpg,145
161.Blue_winged_Warbler/Blue_Winged_Warbler_0020_161875.jpg,160
014.Indigo_Bunting/Indigo_Bunting_0028_12335.jpg,13
156.White_eyed_Vireo/White_Eyed_Vireo_0009_158830.jpg,155
200.Common_Yellowthroat/Common_Yellowthroat_0094_190690.jpg,199
090.Red_breasted_Merganser/Red_Breasted_Merganser_0076_79312.jpg,89
090.Red_breasted_Merganser/Red_Breasted_Merganser_0080_79488.jpg,89
030.Fish_Crow/Fish_Crow_0001_26031.jpg,29
120.Fox_Sparrow/Fox_Sparrow_0039_114816.jpg,119
091.Mockingbird/Mockingbird_0049_80336.jpg,90
180.Wilson_Warbler/Wilson_Warbler_0073_175876.jpg,179
088.Western_Meadowlark/Western_Meadowlark_0024_78432.jpg,87
162.Canada_Warbler/Canada_Warbler_0005_162389.jpg,161
053.Western_Grebe/Western_Grebe_0088_36428.jpg,52
040.Olive_sided_Flycatcher/Olive_Sided_Flycatcher_0033_30532.jpg,39
004.Groove_billed_Ani/Groove_Billed_Ani_0090_1567.jpg,3
098.Scott_Oriole/Scott_Oriole_0022_92356.jpg,97
009.Brewer_Blackbird/Brewer_Blackbird_0002_2278.jpg,8
170.Mourning_Warbler/Mourning_Warbler_0052_166537.jpg,169
008.Rhinoceros_Auklet/Rhinoceros_Auklet_0024_797529.jpg,7
084.Red_legged_Kittiwake/Red_Legged_Kittiwake_0054_795396.jpg,83
143.Caspian_Tern/Caspian_Tern_0072_147667.jpg,142
024.Red_faced_Cormorant/Red_Faced_Cormorant_0073_796332.jpg,23
031.Black_billed_Cuckoo/Black_Billed_Cuckoo_0001_26242.jpg,30
038.Great_Crested_Flycatcher/Great_Crested_Flycatcher_0038_29533.jpg,37
045.Northern_Fulmar/Northern_Fulmar_0070_43916.jpg,44
124.Le_Conte_Sparrow/Le_Conte_Sparrow_0067_117146.jpg,123
015.Lazuli_Bunting/Lazuli_Bunting_0008_15195.jpg,14
115.Brewer_Sparrow/Brewer_Sparrow_0032_796702.jpg,114
092.Nighthawk/Nighthawk_0073_83540.jpg,91
034.Gray_crowned_Rosy_Finch/Gray_Crowned_Rosy_Finch_0038_797309.jpg,33
003.Sooty_Albatross/Sooty_Albatross_0001_1071.jpg,2
171.Myrtle_Warbler/Myrtle_Warbler_0067_166828.jpg,170
078.Gray_Kingbird/Gray_Kingbird_0022_70155.jpg,77
109.American_Redstart/American_Redstart_0045_102823.jpg,108
118.House_Sparrow/House_Sparrow_0067_112913.jpg,117
154.Red_eyed_Vireo/Red_Eyed_Vireo_0029_156777.jpg,153
195.Carolina_Wren/Carolina_Wren_0086_186431.jpg,194
066.Western_Gull/Western_Gull_0124_53838.jpg,65
055.Evening_Grosbeak/Evening_Grosbeak_0101_37697.jpg,54
076.Dark_eyed_Junco/Dark_Eyed_Junco_0061_66858.jpg,75
023.Brandt_Cormorant/Brandt_Cormorant_0025_22820.jpg,22
150.Sage_Thrasher/Sage_Thrasher_0066_155666.jpg,149
009.Brewer_Blackbird/Brewer_Blackbird_0112_2340.jpg,8
090.Red_breasted_Merganser/Red_Breasted_Merganser_0017_79224.jpg,89
114.Black_throated_Sparrow/Black_Throated_Sparrow_0026_107198.jpg,113
137.Cliff_Swallow/Cliff_Swallow_0046_133165.jpg,136
005.Crested_Auklet/Crested_Auklet_0040_794912.jpg,4
192.Downy_Woodpecker/Downy_Woodpecker_0066_183953.jpg,191
085.Horned_Lark/Horned_Lark_0046_73950.jpg,84
008.Rhinoceros_Auklet/Rhinoceros_Auklet_0005_2111.jpg,7
115.Brewer_Sparrow/Brewer_Sparrow_0069_796709.jpg,114
093.Clark_Nutcracker/Clark_Nutcracker_0084_85149.jpg,92
140.Summer_Tanager/Summer_Tanager_0025_139320.jpg,139
024.Red_faced_Cormorant/Red_Faced_Cormorant_0032_796334.jpg,23
183.Northern_Waterthrush/Northern_Waterthrush_0084_177239.jpg,182
129.Song_Sparrow/Song_Sparrow_0061_120891.jpg,128
060.Glaucous_winged_Gull/Glaucous_Winged_Gull_0034_44625.jpg,59
049.Boat_tailed_Grackle/Boat_Tailed_Grackle_0082_33488.jpg,48
097.Orchard_Oriole/Orchard_Oriole_0035_92003.jpg,96
026.Bronzed_Cowbird/Bronzed_Cowbird_0005_24173.jpg,25
193.Bewick_Wren/Bewick_Wren_0083_185190.jpg,192
132.White_crowned_Sparrow/White_Crowned_Sparrow_0129_127860.jpg,131
182.Yellow_Warbler/Yellow_Warbler_0046_176212.jpg,181
187.American_Three_toed_Woodpecker/American_Three_Toed_Woodpecker_0009_179919.jpg,186
073.Blue_Jay/Blue_Jay_0052_63148.jpg,72
199.Winter_Wren/Winter_Wren_0116_189834.jpg,198
161.Blue_winged_Warbler/Blue_Winged_Warbler_0035_161741.jpg,160
052.Pied_billed_Grebe/Pied_Billed_Grebe_0072_35939.jpg,51
180.Wilson_Warbler/Wilson_Warbler_0025_175859.jpg,179
089.Hooded_Merganser/Hooded_Merganser_0085_79146.jpg,88
045.Northern_Fulmar/Northern_Fulmar_0095_43860.jpg,44
062.Herring_Gull/Herring_Gull_0039_46420.jpg,61
200.Common_Yellowthroat/Common_Yellowthroat_0106_190989.jpg,199
026.Bronzed_Cowbird/Bronzed_Cowbird_0008_796250.jpg,25
162.Canada_Warbler/Canada_Warbler_0016_162411.jpg,161
069.Rufous_Hummingbird/Rufous_Hummingbird_0022_58725.jpg,68
046.Gadwall/Gadwall_0077_30929.jpg,45
041.Scissor_tailed_Flycatcher/Scissor_Tailed_Flycatcher_0098_41731.jpg,40
131.Vesper_Sparrow/Vesper_Sparrow_0076_125737.jpg,130
019.Gray_Catbird/Gray_Catbird_0045_20950.jpg,18
015.Lazuli_Bunting/Lazuli_Bunting_0073_14594.jpg,14
192.Downy_Woodpecker/Downy_Woodpecker_0042_184144.jpg,191
069.Rufous_Hummingbird/Rufous_Hummingbird_0018_59447.jpg,68
123.Henslow_Sparrow/Henslow_Sparrow_0030_116890.jpg,122
029.American_Crow/American_Crow_0093_25694.jpg,28
023.Brandt_Cormorant/Brandt_Cormorant_0075_22970.jpg,22
147.Least_Tern/Least_Tern_0050_153254.jpg,146
089.Hooded_Merganser/Hooded_Merganser_0006_796778.jpg,88
013.Bobolink/Bobolink_0059_10041.jpg,12
018.Spotted_Catbird/Spotted_Catbird_0019_796788.jpg,17
090.Red_breasted_Merganser/Red_Breasted_Merganser_0032_79280.jpg,89
088.Western_Meadowlark/Western_Meadowlark_0085_77745.jpg,87
079.Belted_Kingfisher/Belted_Kingfisher_0073_70326.jpg,78
110.Geococcyx/Geococcyx_0030_104525.jpg,109
096.Hooded_Oriole/Hooded_Oriole_0115_90442.jpg,95
013.Bobolink/Bobolink_0044_9990.jpg,12
120.Fox_Sparrow/Fox_Sparrow_0116_115311.jpg,119
100.Brown_Pelican/Brown_Pelican_0085_95053.jpg,99
087.Mallard/Mallard_0136_76593.jpg,86
174.Palm_Warbler/Palm_Warbler_0136_170276.jpg,173
023.Brandt_Cormorant/Brandt_Cormorant_0074_22881.jpg,22
173.Orange_crowned_Warbler/Orange_Crowned_Warbler_0118_167640.jpg,172
026.Bronzed_Cowbird/Bronzed_Cowbird_0009_24033.jpg,25
156.White_eyed_Vireo/White_Eyed_Vireo_0012_159495.jpg,155
118.House_Sparrow/House_Sparrow_0073_112745.jpg,117
168.Kentucky_Warbler/Kentucky_Warbler_0040_795868.jpg,167
102.Western_Wood_Pewee/Western_Wood_Pewee_0047_98274.jpg,101
132.White_crowned_Sparrow/White_Crowned_Sparrow_0114_127027.jpg,131
025.Pelagic_Cormorant/Pelagic_Cormorant_0084_23836.jpg,24
074.Florida_Jay/Florida_Jay_0108_64694.jpg,73
188.Pileated_Woodpecker/Pileated_Woodpecker_0059_180177.jpg,187
079.Belted_Kingfisher/Belted_Kingfisher_0084_70399.jpg,78
194.Cactus_Wren/Cactus_Wren_0117_185591.jpg,193
171.Myrtle_Warbler/Myrtle_Warbler_0084_166747.jpg,170
200.Common_Yellowthroat/Common_Yellowthroat_0015_190556.jpg,199
061.Heermann_Gull/Heermann_Gull_0115_45797.jpg,60
066.Western_Gull/Western_Gull_0004_55605.jpg,65
107.Common_Raven/Common_Raven_0072_102443.jpg,106
048.European_Goldfinch/European_Goldfinch_0088_794651.jpg,47
034.Gray_crowned_Rosy_Finch/Gray_Crowned_Rosy_Finch_0043_26990.jpg,33
105.Whip_poor_Will/Whip_Poor_Will_0016_796424.jpg,104
013.Bobolink/Bobolink_0101_9811.jpg,12
114.Black_throated_Sparrow/Black_Throated_Sparrow_0065_107087.jpg,113
056.Pine_Grosbeak/Pine_Grosbeak_0006_38421.jpg,55
105.Whip_poor_Will/Whip_Poor_Will_0010_100464.jpg,104
154.Red_eyed_Vireo/Red_Eyed_Vireo_0101_156988.jpg,153
064.Ring_billed_Gull/Ring_Billed_Gull_0018_51505.jpg,63
071.Long_tailed_Jaeger/Long_Tailed_Jaeger_0060_60886.jpg,70
181.Worm_eating_Warbler/Worm_Eating_Warbler_0012_795515.jpg,180
122.Harris_Sparrow/Harris_Sparrow_0074_116539.jpg,121
072.Pomarine_Jaeger/Pomarine_Jaeger_0031_61420.jpg,71
089.Hooded_Merganser/Hooded_Merganser_0079_796768.jpg,88
194.Cactus_Wren/Cactus_Wren_0118_185788.jpg,193
154.Red_eyed_Vireo/Red_Eyed_Vireo_0019_156921.jpg,153
074.Florida_Jay/Florida_Jay_0079_64713.jpg,73
113.Baird_Sparrow/Baird_Sparrow_0022_794570.jpg,112
091.Mockingbird/Mockingbird_0038_81299.jpg,90
028.Brown_Creeper/Brown_Creeper_0002_24838.jpg,27
060.Glaucous_winged_Gull/Glaucous_Winged_Gull_0032_44594.jpg,59
191.Red_headed_Woodpecker/Red_Headed_Woodpecker_0098_182732.jpg,190
060.Glaucous_winged_Gull/Glaucous_Winged_Gull_0127_44258.jpg,59
177.Prothonotary_Warbler/Prothonotary_Warbler_0046_174104.jpg,176
042.Vermilion_Flycatcher/Vermilion_Flycatcher_0004_42395.jpg,41
010.Red_winged_Blackbird/Red_Winged_Blackbird_0060_4688.jpg,9
072.Pomarine_Jaeger/Pomarine_Jaeger_0001_795772.jpg,71
009.Brewer_Blackbird/Brewer_Blackbird_0111_2613.jpg,8
160.Black_throated_Blue_Warbler/Black_Throated_Blue_Warbler_0010_161169.jpg,159
092.Nighthawk/Nighthawk_0090_82579.jpg,91
116.Chipping_Sparrow/Chipping_Sparrow_0039_107864.jpg,115
086.Pacific_Loon/Pacific_Loon_0067_75423.jpg,85
033.Yellow_billed_Cuckoo/Yellow_Billed_Cuckoo_0097_26713.jpg,32
025.Pelagic_Cormorant/Pelagic_Cormorant_0044_23536.jpg,24
048.European_Goldfinch/European_Goldfinch_0014_794672.jpg,47
147.Least_Tern/Least_Tern_0109_154127.jpg,146
058.Pigeon_Guillemot/Pigeon_Guillemot_0083_39980.jpg,57
143.Caspian_Tern/Caspian_Tern_0096_145009.jpg,142
158.Bay_breasted_Warbler/Bay_Breasted_Warbler_0020_159737.jpg,157
029.American_Crow/American_Crow_0130_25163.jpg,28
127.Savannah_Sparrow/Savannah_Sparrow_0079_118817.jpg,126
050.Eared_Grebe/Eared_Grebe_0068_34052.jpg,49
073.Blue_Jay/Blue_Jay_0102_61494.jpg,72
199.Winter_Wren/Winter_Wren_0029_190376.jpg,198
144.Common_Tern/Common_Tern_0125_148767.jpg,143
002.Laysan_Albatross/Laysan_Albatross_0100_735.jpg,1
140.Summer_Tanager/Summer_Tanager_0004_139916.jpg,139
197.Marsh_Wren/Marsh_Wren_0141_188796.jpg,196
030.Fish_Crow/Fish_Crow_0070_25504.jpg,29
192.Downy_Woodpecker/Downy_Woodpecker_0080_184240.jpg,191
183.Northern_Waterthrush/Northern_Waterthrush_0050_177331.jpg,182
114.Black_throated_Sparrow/Black_Throated_Sparrow_0034_107327.jpg,113
179.Tennessee_Warbler/Tennessee_Warbler_0030_172338.jpg,178
054.Blue_Grosbeak/Blue_Grosbeak_0053_36709.jpg,53
077.Tropical_Kingbird/Tropical_Kingbird_0007_69361.jpg,76
026.Bronzed_Cowbird/Bronzed_Cowbird_0085_24152.jpg,25
187.American_Three_toed_Woodpecker/American_Three_Toed_Woodpecker_0012_179905.jpg,186
103.Sayornis/Sayornis_0019_98636.jpg,102
096.Hooded_Oriole/Hooded_Oriole_0013_90445.jpg,95
153.Philadelphia_Vireo/Philadelphia_Vireo_0061_156613.jpg,152
041.Scissor_tailed_Flycatcher/Scissor_Tailed_Flycatcher_0008_41670.jpg,40
098.Scott_Oriole/Scott_Oriole_0042_795844.jpg,97
195.Carolina_Wren/Carolina_Wren_0112_186562.jpg,194
142.Black_Tern/Black_Tern_0069_144359.jpg,141
155.Warbling_Vireo/Warbling_Vireo_0070_158459.jpg,154
063.Ivory_Gull/Ivory_Gull_0061_49416.jpg,62
011.Rusty_Blackbird/Rusty_Blackbird_0017_6755.jpg,10
170.Mourning_Warbler/Mourning_Warbler_0007_166500.jpg,169
115.Brewer_Sparrow/Brewer_Sparrow_0009_107481.jpg,114
176.Prairie_Warbler/Prairie_Warbler_0034_172549.jpg,175
004.Groove_billed_Ani/Groove_Billed_Ani_0036_1604.jpg,3
186.Cedar_Waxwing/Cedar_Waxwing_0060_178190.jpg,185
140.Summer_Tanager/Summer_Tanager_0018_139290.jpg,139
054.Blue_Grosbeak/Blue_Grosbeak_0086_36818.jpg,53
080.Green_Kingfisher/Green_Kingfisher_0020_71155.jpg,79
178.Swainson_Warbler/Swainson_Warbler_0040_794860.jpg,177
021.Eastern_Towhee/Eastern_Towhee_0030_22693.jpg,20
096.Hooded_Oriole/Hooded_Oriole_0038_90575.jpg,95
018.Spotted_Catbird/Spotted_Catbird_0004_796804.jpg,17
137.Cliff_Swallow/Cliff_Swallow_0049_132965.jpg,136
061.Heermann_Gull/Heermann_Gull_0032_45774.jpg,60
146.Forsters_Tern/Forsters_Tern_0053_152175.jpg,145
089.Hooded_Merganser/Hooded_Merganser_0059_79016.jpg,88
186.Cedar_Waxwing/Cedar_Waxwing_0008_178345.jpg,185
128.Seaside_Sparrow/Seaside_Sparrow_0017_796513.jpg,127
054.Blue_Grosbeak/Blue_Grosbeak_0009_36992.jpg,53
187.American_Three_toed_Woodpecker/American_Three_Toed_Woodpecker_0011_179847.jpg,186
090.Red_breasted_Merganser/Red_Breasted_Merganser_0048_79323.jpg,89
080.Green_Kingfisher/Green_Kingfisher_0011_71183.jpg,79
073.Blue_Jay/Blue_Jay_0035_63560.jpg,72
145.Elegant_Tern/Elegant_Tern_0028_151019.jpg,144
103.Sayornis/Sayornis_0111_98406.jpg,102
181.Worm_eating_Warbler/Worm_Eating_Warbler_0101_795557.jpg,180
164.Cerulean_Warbler/Cerulean_Warbler_0078_163271.jpg,163
049.Boat_tailed_Grackle/Boat_Tailed_Grackle_0117_33576.jpg,48
113.Baird_Sparrow/Baird_Sparrow_0027_794590.jpg,112
189.Red_bellied_Woodpecker/Red_Bellied_Woodpecker_0120_181420.jpg,188
106.Horned_Puffin/Horned_Puffin_0055_100882.jpg,105
106.Horned_Puffin/Horned_Puffin_0056_101030.jpg,105
032.Mangrove_Cuckoo/Mangrove_Cuckoo_0042_794628.jpg,31
164.Cerulean_Warbler/Cerulean_Warbler_0033_797176.jpg,163
070.Green_Violetear/Green_Violetear_0102_795702.jpg,69
055.Evening_Grosbeak/Evening_Grosbeak_0104_37661.jpg,54
154.Red_eyed_Vireo/Red_Eyed_Vireo_0038_156963.jpg,153
172.Nashville_Warbler/Nashville_Warbler_0100_167226.jpg,171
141.Artic_Tern/Artic_Tern_0099_141170.jpg,140
056.Pine_Grosbeak/Pine_Grosbeak_0104_38362.jpg,55
061.Heermann_Gull/Heermann_Gull_0056_45751.jpg,60
132.White_crowned_Sparrow/White_Crowned_Sparrow_0140_125967.jpg,131
160.Black_throated_Blue_Warbler/Black_Throated_Blue_Warbler_0126_161724.jpg,159
125.Lincoln_Sparrow/Lincoln_Sparrow_0057_117334.jpg,124
040.Olive_sided_Flycatcher/Olive_Sided_Flycatcher_0078_30752.jpg,39
177.Prothonotary_Warbler/Prothonotary_Warbler_0055_173419.jpg,176
005.Crested_Auklet/Crested_Auklet_0062_794968.jpg,4
106.Horned_Puffin/Horned_Puffin_0040_100891.jpg,105
078.Gray_Kingbird/Gray_Kingbird_0040_70313.jpg,77
157.Yellow_throated_Vireo/Yellow_Throated_Vireo_0066_795007.jpg,156
036.Northern_Flicker/Northern_Flicker_0106_28441.jpg,35
141.Artic_Tern/Artic_Tern_0092_141849.jpg,140
101.White_Pelican/White_Pelican_0015_96952.jpg,100
083.White_breasted_Kingfisher/White_Breasted_Kingfisher_0062_73425.jpg,82
142.Black_Tern/Black_Tern_0089_144174.jpg,141
172.Nashville_Warbler/Nashville_Warbler_0035_167283.jpg,171
138.Tree_Swallow/Tree_Swallow_0058_134987.jpg,137
177.Prothonotary_Warbler/Prothonotary_Warbler_0063_173830.jpg,176
005.Crested_Auklet/Crested_Auklet_0047_794918.jpg,4
193.Bewick_Wren/Bewick_Wren_0062_185063.jpg,192
132.White_crowned_Sparrow/White_Crowned_Sparrow_0094_128627.jpg,131
123.Henslow_Sparrow/Henslow_Sparrow_0076_116810.jpg,122
157.Yellow_throated_Vireo/Yellow_Throated_Vireo_0064_794992.jpg,156
114.Black_throated_Sparrow/Black_Throated_Sparrow_0019_107192.jpg,113
144.Common_Tern/Common_Tern_0064_148761.jpg,143
083.White_breasted_Kingfisher/White_Breasted_Kingfisher_0074_73408.jpg,82
066.Western_Gull/Western_Gull_0042_53843.jpg,65
116.Chipping_Sparrow/Chipping_Sparrow_0098_108644.jpg,115
106.Horned_Puffin/Horned_Puffin_0029_100888.jpg,105
023.Brandt_Cormorant/Brandt_Cormorant_0029_23043.jpg,22
145.Elegant_Tern/Elegant_Tern_0045_150752.jpg,144
035.Purple_Finch/Purple_Finch_0005_27512.jpg,34
108.White_necked_Raven/White_Necked_Raven_0036_797359.jpg,107
184.Louisiana_Waterthrush/Louisiana_Waterthrush_0035_177457.jpg,183
105.Whip_poor_Will/Whip_Poor_Will_0011_796416.jpg,104
100.Brown_Pelican/Brown_Pelican_0140_93438.jpg,99
076.Dark_eyed_Junco/Dark_Eyed_Junco_0099_67868.jpg,75
106.Horned_Puffin/Horned_Puffin_0081_101054.jpg,105
066.Western_Gull/Western_Gull_0002_54825.jpg,65
151.Black_capped_Vireo/Black_Capped_Vireo_0039_797451.jpg,150
063.Ivory_Gull/Ivory_Gull_0098_49810.jpg,62
056.Pine_Grosbeak/Pine_Grosbeak_0025_38443.jpg,55
114.Black_throated_Sparrow/Black_Throated_Sparrow_0102_107243.jpg,113
190.Red_cockaded_Woodpecker/Red_Cockaded_Woodpecker_0054_794699.jpg,189
090.Red_breasted_Merganser/Red_Breasted_Merganser_0063_79238.jpg,89
011.Rusty_Blackbird/Rusty_Blackbird_0086_6658.jpg,10
049.Boat_tailed_Grackle/Boat_Tailed_Grackle_0123_33695.jpg,48
049.Boat_tailed_Grackle/Boat_Tailed_Grackle_0067_34032.jpg,48
078.Gray_Kingbird/Gray_Kingbird_0045_70256.jpg,77
118.House_Sparrow/House_Sparrow_0104_113105.jpg,117
110.Geococcyx/Geococcyx_0114_104136.jpg,109
067.Anna_Hummingbird/Anna_Hummingbird_0052_56344.jpg,66
039.Least_Flycatcher/Least_Flycatcher_0060_30214.jpg,38
034.Gray_crowned_Rosy_Finch/Gray_Crowned_Rosy_Finch_0001_27211.jpg,33
091.Mockingbird/Mockingbird_0097_79951.jpg,90
097.Orchard_Oriole/Orchard_Oriole_0023_91705.jpg,96
133.White_throated_Sparrow/White_Throated_Sparrow_0069_128951.jpg,132
065.Slaty_backed_Gull/Slaty_Backed_Gull_0046_796035.jpg,64
157.Yellow_throated_Vireo/Yellow_Throated_Vireo_0009_794976.jpg,156
063.Ivory_Gull/Ivory_Gull_0079_49179.jpg,62
161.Blue_winged_Warbler/Blue_Winged_Warbler_0091_162051.jpg,160
055.Evening_Grosbeak/Evening_Grosbeak_0079_37979.jpg,54
175.Pine_Warbler/Pine_Warbler_0108_170597.jpg,174
146.Forsters_Tern/Forsters_Tern_0127_150418.jpg,145
130.Tree_Sparrow/Tree_Sparrow_0022_123496.jpg,129
084.Red_legged_Kittiwake/Red_Legged_Kittiwake_0021_73808.jpg,83
034.Gray_crowned_Rosy_Finch/Gray_Crowned_Rosy_Finch_0013_27110.jpg,33
105.Whip_poor_Will/Whip_Poor_Will_0049_83621.jpg,104
010.Red_winged_Blackbird/Red_Winged_Blackbird_0105_4842.jpg,9
115.Brewer_Sparrow/Brewer_Sparrow_0074_107408.jpg,114
182.Yellow_Warbler/Yellow_Warbler_0095_176202.jpg,181
027.Shiny_Cowbird/Shiny_Cowbird_0061_796874.jpg,26
029.American_Crow/American_Crow_0101_25118.jpg,28
117.Clay_colored_Sparrow/Clay_Colored_Sparrow_0061_110830.jpg,116
169.Magnolia_Warbler/Magnolia_Warbler_0097_165455.jpg,168
180.Wilson_Warbler/Wilson_Warbler_0129_175256.jpg,179
014.Indigo_Bunting/Indigo_Bunting_0022_12781.jpg,13
107.Common_Raven/Common_Raven_0007_102020.jpg,106
100.Brown_Pelican/Brown_Pelican_0011_94683.jpg,99
101.White_Pelican/White_Pelican_0056_97071.jpg,100
127.Savannah_Sparrow/Savannah_Sparrow_0011_119459.jpg,126
039.Least_Flycatcher/Least_Flycatcher_0049_30361.jpg,38
059.California_Gull/California_Gull_0105_41116.jpg,58
117.Clay_colored_Sparrow/Clay_Colored_Sparrow_0105_110547.jpg,116
176.Prairie_Warbler/Prairie_Warbler_0109_172909.jpg,175
186.Cedar_Waxwing/Cedar_Waxwing_0029_179569.jpg,185
119.Field_Sparrow/Field_Sparrow_0074_113504.jpg,118
015.Lazuli_Bunting/Lazuli_Bunting_0067_14672.jpg,14
006.Least_Auklet/Least_Auklet_0045_795069.jpg,5
050.Eared_Grebe/Eared_Grebe_0029_34258.jpg,49
133.White_throated_Sparrow/White_Throated_Sparrow_0118_129084.jpg,132
131.Vesper_Sparrow/Vesper_Sparrow_0087_125712.jpg,130
069.Rufous_Hummingbird/Rufous_Hummingbird_0048_58478.jpg,68
176.Prairie_Warbler/Prairie_Warbler_0112_173383.jpg,175
031.Black_billed_Cuckoo/Black_Billed_Cuckoo_0053_795321.jpg,30
065.Slaty_backed_Gull/Slaty_Backed_Gull_0068_53206.jpg,64
043.Yellow_bellied_Flycatcher/Yellow_Bellied_Flycatcher_0068_42701.jpg,42
064.Ring_billed_Gull/Ring_Billed_Gull_0129_51246.jpg,63
115.Brewer_Sparrow/Brewer_Sparrow_0022_107440.jpg,114
169.Magnolia_Warbler/Magnolia_Warbler_0023_165827.jpg,168
022.Chuck_will_Widow/Chuck_Will_Widow_0006_796986.jpg,21
034.Gray_crowned_Rosy_Finch/Gray_Crowned_Rosy_Finch_0012_27062.jpg,33
058.Pigeon_Guillemot/Pigeon_Guillemot_0059_39929.jpg,57
012.Yellow_headed_Blackbird/Yellow_Headed_Blackbird_0007_8366.jpg,11
160.Black_throated_Blue_Warbler/Black_Throated_Blue_Warbler_0017_161220.jpg,159
094.White_breasted_Nuthatch/White_Breasted_Nuthatch_0114_86554.jpg,93
096.Hooded_Oriole/Hooded_Oriole_0049_89955.jpg,95
064.Ring_billed_Gull/Ring_Billed_Gull_0108_51108.jpg,63
144.Common_Tern/Common_Tern_0076_148391.jpg,143
026.Bronzed_Cowbird/Bronzed_Cowbird_0011_24138.jpg,25
164.Cerulean_Warbler/Cerulean_Warbler_0023_797191.jpg,163
076.Dark_eyed_Junco/Dark_Eyed_Junco_0008_68321.jpg,75
101.White_Pelican/White_Pelican_0005_95916.jpg,100
001.Black_footed_Albatross/Black_Footed_Albatross_0007_796138.jpg,0
030.Fish_Crow/Fish_Crow_0014_26041.jpg,29
027.Shiny_Cowbird/Shiny_Cowbird_0070_796832.jpg,26
060.Glaucous_winged_Gull/Glaucous_Winged_Gull_0012_44264.jpg,59
164.Cerulean_Warbler/Cerulean_Warbler_0072_163200.jpg,163
040.Olive_sided_Flycatcher/Olive_Sided_Flycatcher_0067_30749.jpg,39
091.Mockingbird/Mockingbird_0047_80819.jpg,90
078.Gray_Kingbird/Gray_Kingbird_0062_795026.jpg,77
137.Cliff_Swallow/Cliff_Swallow_0047_133955.jpg,136
123.Henslow_Sparrow/Henslow_Sparrow_0054_116850.jpg,122
124.Le_Conte_Sparrow/Le_Conte_Sparrow_0099_795182.jpg,123
010.Red_winged_Blackbird/Red_Winged_Blackbird_0059_4612.jpg,9
012.Yellow_headed_Blackbird/Yellow_Headed_Blackbird_0095_8458.jpg,11
145.Elegant_Tern/Elegant_Tern_0078_151196.jpg,144
187.American_Three_toed_Woodpecker/American_Three_Toed_Woodpecker_0038_796182.jpg,186
060.Glaucous_winged_Gull/Glaucous_Winged_Gull_0091_44848.jpg,59
192.Downy_Woodpecker/Downy_Woodpecker_0041_184528.jpg,191
155.Warbling_Vireo/Warbling_Vireo_0107_158453.jpg,154
017.Cardinal/Cardinal_0085_19162.jpg,16
120.Fox_Sparrow/Fox_Sparrow_0110_115172.jpg,119
065.Slaty_backed_Gull/Slaty_Backed_Gull_0026_53245.jpg,64
082.Ringed_Kingfisher/Ringed_Kingfisher_0044_72976.jpg,81
125.Lincoln_Sparrow/Lincoln_Sparrow_0072_117951.jpg,124
081.Pied_Kingfisher/Pied_Kingfisher_0121_72378.jpg,80
198.Rock_Wren/Rock_Wren_0087_188988.jpg,197
133.White_throated_Sparrow/White_Throated_Sparrow_0113_128936.jpg,132
075.Green_Jay/Green_Jay_0129_65680.jpg,74
012.Yellow_headed_Blackbird/Yellow_Headed_Blackbird_0031_8456.jpg,11
175.Pine_Warbler/Pine_Warbler_0088_170980.jpg,174
004.Groove_billed_Ani/Groove_Billed_Ani_0056_1493.jpg,3
096.Hooded_Oriole/Hooded_Oriole_0076_90895.jpg,95
008.Rhinoceros_Auklet/Rhinoceros_Auklet_0028_2056.jpg,7
133.White_throated_Sparrow/White_Throated_Sparrow_0023_129179.jpg,132
060.Glaucous_winged_Gull/Glaucous_Winged_Gull_0078_44461.jpg,59
065.Slaty_backed_Gull/Slaty_Backed_Gull_0029_45047.jpg,64
185.Bohemian_Waxwing/Bohemian_Waxwing_0031_796633.jpg,184
032.Mangrove_Cuckoo/Mangrove_Cuckoo_0028_26358.jpg,31
108.White_necked_Raven/White_Necked_Raven_0038_797369.jpg,107
167.Hooded_Warbler/Hooded_Warbler_0078_165123.jpg,166
117.Clay_colored_Sparrow/Clay_Colored_Sparrow_0081_110682.jpg,116
035.Purple_Finch/Purple_Finch_0025_28174.jpg,34
085.Horned_Lark/Horned_Lark_0013_74374.jpg,84
134.Cape_Glossy_Starling/Cape_Glossy_Starling_0028_129309.jpg,133
054.Blue_Grosbeak/Blue_Grosbeak_0079_36656.jpg,53
184.Louisiana_Waterthrush/Louisiana_Waterthrush_0004_177455.jpg,183
172.Nashville_Warbler/Nashville_Warbler_0050_167475.jpg,171
083.White_breasted_Kingfisher/White_Breasted_Kingfisher_0018_71137.jpg,82
047.American_Goldfinch/American_Goldfinch_0045_31974.jpg,46
112.Great_Grey_Shrike/Great_Grey_Shrike_0058_106634.jpg,111
122.Harris_Sparrow/Harris_Sparrow_0034_116439.jpg,121
041.Scissor_tailed_Flycatcher/Scissor_Tailed_Flycatcher_0016_42111.jpg,40
059.California_Gull/California_Gull_0031_41469.jpg,58
123.Henslow_Sparrow/Henslow_Sparrow_0096_116758.jpg,122
112.Great_Grey_Shrike/Great_Grey_Shrike_0070_106547.jpg,111
020.Yellow_breasted_Chat/Yellow_Breasted_Chat_0026_21845.jpg,19
049.Boat_tailed_Grackle/Boat_Tailed_Grackle_0126_33593.jpg,48
036.Northern_Flicker/Northern_Flicker_0008_28591.jpg,35
078.Gray_Kingbird/Gray_Kingbird_0026_70089.jpg,77
049.Boat_tailed_Grackle/Boat_Tailed_Grackle_0112_33841.jpg,48
129.Song_Sparrow/Song_Sparrow_0077_121196.jpg,128
148.Green_tailed_Towhee/Green_Tailed_Towhee_0018_154825.jpg,147
122.Harris_Sparrow/Harris_Sparrow_0020_116379.jpg,121
038.Great_Crested_Flycatcher/Great_Crested_Flycatcher_0058_29523.jpg,37
081.Pied_Kingfisher/Pied_Kingfisher_0063_71999.jpg,80
043.Yellow_bellied_Flycatcher/Yellow_Bellied_Flycatcher_0045_42575.jpg,42
123.Henslow_Sparrow/Henslow_Sparrow_0059_796569.jpg,122
133.White_throated_Sparrow/White_Throated_Sparrow_0020_129007.jpg,132
129.Song_Sparrow/Song_Sparrow_0091_121651.jpg,128
002.Laysan_Albatross/Laysan_Albatross_0003_1033.jpg,1
081.Pied_Kingfisher/Pied_Kingfisher_0093_72465.jpg,80
189.Red_bellied_Woodpecker/Red_Bellied_Woodpecker_0115_180775.jpg,188
102.Western_Wood_Pewee/Western_Wood_Pewee_0008_795043.jpg,101
031.Black_billed_Cuckoo/Black_Billed_Cuckoo_0075_795298.jpg,30
015.Lazuli_Bunting/Lazuli_Bunting_0009_15163.jpg,14
043.Yellow_bellied_Flycatcher/Yellow_Bellied_Flycatcher_0004_795513.jpg,42
005.Crested_Auklet/Crested_Auklet_0077_785257.jpg,4
084.Red_legged_Kittiwake/Red_Legged_Kittiwake_0030_73818.jpg,83
017.Cardinal/Cardinal_0007_18537.jpg,16
147.Least_Tern/Least_Tern_0020_153458.jpg,146
163.Cape_May_Warbler/Cape_May_Warbler_0073_162993.jpg,162
053.Western_Grebe/Western_Grebe_0022_36148.jpg,52
139.Scarlet_Tanager/Scarlet_Tanager_0110_138274.jpg,138
124.Le_Conte_Sparrow/Le_Conte_Sparrow_0021_117105.jpg,123
110.Geococcyx/Geococcyx_0022_104157.jpg,109
069.Rufous_Hummingbird/Rufous_Hummingbird_0064_58509.jpg,68
047.American_Goldfinch/American_Goldfinch_0001_32306.jpg,46
076.Dark_eyed_Junco/Dark_Eyed_Junco_0030_68439.jpg,75
159.Black_and_white_Warbler/Black_And_White_Warbler_0007_160758.jpg,158
045.Northern_Fulmar/Northern_Fulmar_0098_43578.jpg,44
131.Vesper_Sparrow/Vesper_Sparrow_0040_125441.jpg,130
110.Geococcyx/Geococcyx_0036_104173.jpg,109
148.Green_tailed_Towhee/Green_Tailed_Towhee_0001_797412.jpg,147
020.Yellow_breasted_Chat/Yellow_Breasted_Chat_0071_22129.jpg,19
082.Ringed_Kingfisher/Ringed_Kingfisher_0056_72863.jpg,81
007.Parakeet_Auklet/Parakeet_Auklet_0001_795972.jpg,6
170.Mourning_Warbler/Mourning_Warbler_0042_166493.jpg,169
077.Tropical_Kingbird/Tropical_Kingbird_0003_69852.jpg,76
050.Eared_Grebe/Eared_Grebe_0013_34150.jpg,49
091.Mockingbird/Mockingbird_0072_80789.jpg,90
105.Whip_poor_Will/Whip_Poor_Will_0003_796409.jpg,104
081.Pied_Kingfisher/Pied_Kingfisher_0074_71830.jpg,80
197.Marsh_Wren/Marsh_Wren_0095_188371.jpg,196
089.Hooded_Merganser/Hooded_Merganser_0014_796739.jpg,88
106.Horned_Puffin/Horned_Puffin_0062_100693.jpg,105
191.Red_headed_Woodpecker/Red_Headed_Woodpecker_0068_183662.jpg,190
073.Blue_Jay/Blue_Jay_0042_61545.jpg,72
037.Acadian_Flycatcher/Acadian_Flycatcher_0047_795593.jpg,36
080.Green_Kingfisher/Green_Kingfisher_0097_71102.jpg,79
097.Orchard_Oriole/Orchard_Oriole_0015_91565.jpg,96
055.Evening_Grosbeak/Evening_Grosbeak_0046_37280.jpg,54
162.Canada_Warbler/Canada_Warbler_0077_162437.jpg,161
151.Black_capped_Vireo/Black_Capped_Vireo_0015_797450.jpg,150
156.White_eyed_Vireo/White_Eyed_Vireo_0033_159079.jpg,155
171.Myrtle_Warbler/Myrtle_Warbler_0103_166963.jpg,170
169.Magnolia_Warbler/Magnolia_Warbler_0134_165801.jpg,168
154.Red_eyed_Vireo/Red_Eyed_Vireo_0041_156954.jpg,153
069.Rufous_Hummingbird/Rufous_Hummingbird_0043_58652.jpg,68
100.Brown_Pelican/Brown_Pelican_0056_95229.jpg,99
094.White_breasted_Nuthatch/White_Breasted_Nuthatch_0095_86425.jpg,93
029.American_Crow/American_Crow_0109_25123.jpg,28
001.Black_footed_Albatross/Black_Footed_Albatross_0057_796106.jpg,0
073.Blue_Jay/Blue_Jay_0074_63487.jpg,72
052.Pied_billed_Grebe/Pied_Billed_Grebe_0005_35437.jpg,51
093.Clark_Nutcracker/Clark_Nutcracker_0101_85656.jpg,92
104.American_Pipit/American_Pipit_0036_99658.jpg,103
079.Belted_Kingfisher/Belted_Kingfisher_0005_70389.jpg,78
093.Clark_Nutcracker/Clark_Nutcracker_0003_85296.jpg,92
162.Canada_Warbler/Canada_Warbler_0088_162341.jpg,161
021.Eastern_Towhee/Eastern_Towhee_0064_22649.jpg,20
148.Green_tailed_Towhee/Green_Tailed_Towhee_0042_154801.jpg,147
016.Painted_Bunting/Painted_Bunting_0084_16531.jpg,15
188.Pileated_Woodpecker/Pileated_Woodpecker_0110_180521.jpg,187
098.Scott_Oriole/Scott_Oriole_0031_90270.jpg,97
169.Magnolia_Warbler/Magnolia_Warbler_0114_165467.jpg,168
009.Brewer_Blackbird/Brewer_Blackbird_0018_2261.jpg,8
009.Brewer_Blackbird/Brewer_Blackbird_0035_2611.jpg,8
152.Blue_headed_Vireo/Blue_Headed_Vireo_0039_156397.jpg,151
077.Tropical_Kingbird/Tropical_Kingbird_0060_69942.jpg,76
111.Loggerhead_Shrike/Loggerhead_Shrike_0117_104838.jpg,110
071.Long_tailed_Jaeger/Long_Tailed_Jaeger_0009_797070.jpg,70
168.Kentucky_Warbler/Kentucky_Warbler_0051_795884.jpg,167
059.California_Gull/California_Gull_0032_41335.jpg,58
102.Western_Wood_Pewee/Western_Wood_Pewee_0030_98272.jpg,101
140.Summer_Tanager/Summer_Tanager_0030_139210.jpg,139
071.Long_tailed_Jaeger/Long_Tailed_Jaeger_0012_797101.jpg,70
146.Forsters_Tern/Forsters_Tern_0062_151780.jpg,145
153.Philadelphia_Vireo/Philadelphia_Vireo_0019_156640.jpg,152
001.Black_footed_Albatross/Black_Footed_Albatross_0010_796097.jpg,0
024.Red_faced_Cormorant/Red_Faced_Cormorant_0009_796314.jpg,23
159.Black_and_white_Warbler/Black_And_White_Warbler_0028_160371.jpg,158
200.Common_Yellowthroat/Common_Yellowthroat_0004_190606.jpg,199
039.Least_Flycatcher/Least_Flycatcher_0019_30358.jpg,38
171.Myrtle_Warbler/Myrtle_Warbler_0101_166942.jpg,170
173.Orange_crowned_Warbler/Orange_Crowned_Warbler_0057_168424.jpg,172
066.Western_Gull/Western_Gull_0098_53925.jpg,65
096.Hooded_Oriole/Hooded_Oriole_0106_90899.jpg,95
181.Worm_eating_Warbler/Worm_Eating_Warbler_0063_795553.jpg,180
114.Black_throated_Sparrow/Black_Throated_Sparrow_0091_107346.jpg,113
091.Mockingbird/Mockingbird_0046_81086.jpg,90
129.Song_Sparrow/Song_Sparrow_0046_121903.jpg,128
086.Pacific_Loon/Pacific_Loon_0063_75865.jpg,85
015.Lazuli_Bunting/Lazuli_Bunting_0014_14824.jpg,14
062.Herring_Gull/Herring_Gull_0129_46708.jpg,61
187.American_Three_toed_Woodpecker/American_Three_Toed_Woodpecker_0004_179908.jpg,186
132.White_crowned_Sparrow/White_Crowned_Sparrow_0122_128577.jpg,131
040.Olive_sided_Flycatcher/Olive_Sided_Flycatcher_0035_30799.jpg,39
037.Acadian_Flycatcher/Acadian_Flycatcher_0006_795595.jpg,36
025.Pelagic_Cormorant/Pelagic_Cormorant_0093_23722.jpg,24
083.White_breasted_Kingfisher/White_Breasted_Kingfisher_0002_73491.jpg,82
092.Nighthawk/Nighthawk_0068_82368.jpg,91
148.Green_tailed_Towhee/Green_Tailed_Towhee_0099_154882.jpg,147
015.Lazuli_Bunting/Lazuli_Bunting_0081_14709.jpg,14
116.Chipping_Sparrow/Chipping_Sparrow_0066_109187.jpg,115
162.Canada_Warbler/Canada_Warbler_0112_162398.jpg,161
085.Horned_Lark/Horned_Lark_0116_73840.jpg,84
083.White_breasted_Kingfisher/White_Breasted_Kingfisher_0026_73201.jpg,82
025.Pelagic_Cormorant/Pelagic_Cormorant_0012_23565.jpg,24
191.Red_headed_Woodpecker/Red_Headed_Woodpecker_0052_182702.jpg,190
121.Grasshopper_Sparrow/Grasshopper_Sparrow_0001_115938.jpg,120
074.Florida_Jay/Florida_Jay_0071_64993.jpg,73
002.Laysan_Albatross/Laysan_Albatross_0094_1013.jpg,1
041.Scissor_tailed_Flycatcher/Scissor_Tailed_Flycatcher_0069_41827.jpg,40
110.Geococcyx/Geococcyx_0106_104216.jpg,109
162.Canada_Warbler/Canada_Warbler_0121_162310.jpg,161
145.Elegant_Tern/Elegant_Tern_0061_150524.jpg,144
089.Hooded_Merganser/Hooded_Merganser_0023_796784.jpg,88
086.Pacific_Loon/Pacific_Loon_0057_75854.jpg,85
174.Palm_Warbler/Palm_Warbler_0134_168943.jpg,173
130.Tree_Sparrow/Tree_Sparrow_0039_124140.jpg,129
005.Crested_Auklet/Crested_Auklet_0061_794904.jpg,4
185.Bohemian_Waxwing/Bohemian_Waxwing_0095_177709.jpg,184
004.Groove_billed_Ani/Groove_Billed_Ani_0012_1784.jpg,3
152.Blue_headed_Vireo/Blue_Headed_Vireo_0055_156247.jpg,151
182.Yellow_Warbler/Yellow_Warbler_0094_176365.jpg,181
093.Clark_Nutcracker/Clark_Nutcracker_0087_84898.jpg,92
150.Sage_Thrasher/Sage_Thrasher_0070_155732.jpg,149
127.Savannah_Sparrow/Savannah_Sparrow_0068_119972.jpg,126
192.Downy_Woodpecker/Downy_Woodpecker_0044_184170.jpg,191
023.Brandt_Cormorant/Brandt_Cormorant_0082_22978.jpg,22
091.Mockingbird/Mockingbird_0057_79643.jpg,90
158.Bay_breasted_Warbler/Bay_Breasted_Warbler_0109_159883.jpg,157
068.Ruby_throated_Hummingbird/Ruby_Throated_Hummingbird_0064_57387.jpg,67
019.Gray_Catbird/Gray_Catbird_0091_20416.jpg,18
104.American_Pipit/American_Pipit_0102_99979.jpg,103
113.Baird_Sparrow/Baird_Sparrow_0038_794592.jpg,112
024.Red_faced_Cormorant/Red_Faced_Cormorant_0037_796305.jpg,23
036.Northern_Flicker/Northern_Flicker_0069_28924.jpg,35
170.Mourning_Warbler/Mourning_Warbler_0049_166469.jpg,169
039.Least_Flycatcher/Least_Flycatcher_0033_30449.jpg,38
147.Least_Tern/Least_Tern_0092_153361.jpg,146
134.Cape_Glossy_Starling/Cape_Glossy_Starling_0033_129435.jpg,133
052.Pied_billed_Grebe/Pied_Billed_Grebe_0044_35425.jpg,51
114.Black_throated_Sparrow/Black_Throated_Sparrow_0010_107375.jpg,113
117.Clay_colored_Sparrow/Clay_Colored_Sparrow_0064_110664.jpg,116
028.Brown_Creeper/Brown_Creeper_0023_24940.jpg,27
093.Clark_Nutcracker/Clark_Nutcracker_0060_84862.jpg,92
193.Bewick_Wren/Bewick_Wren_0112_184956.jpg,192
042.Vermilion_Flycatcher/Vermilion_Flycatcher_0036_42389.jpg,41
134.Cape_Glossy_Starling/Cape_Glossy_Starling_0088_129437.jpg,133
151.Black_capped_Vireo/Black_Capped_Vireo_0007_797481.jpg,150
081.Pied_Kingfisher/Pied_Kingfisher_0022_72247.jpg,80
129.Song_Sparrow/Song_Sparrow_0125_122435.jpg,128
172.Nashville_Warbler/Nashville_Warbler_0040_167454.jpg,171
124.Le_Conte_Sparrow/Le_Conte_Sparrow_0064_795235.jpg,123
079.Belted_Kingfisher/Belted_Kingfisher_0031_70506.jpg,78
090.Red_breasted_Merganser/Red_Breasted_Merganser_0049_79432.jpg,89
077.Tropical_Kingbird/Tropical_Kingbird_0087_69592.jpg,76
025.Pelagic_Cormorant/Pelagic_Cormorant_0083_23557.jpg,24
092.Nighthawk/Nighthawk_0046_82246.jpg,91
137.Cliff_Swallow/Cliff_Swallow_0015_133176.jpg,136
098.Scott_Oriole/Scott_Oriole_0016_92398.jpg,97
132.White_crowned_Sparrow/White_Crowned_Sparrow_0034_126199.jpg,131
114.Black_throated_Sparrow/Black_Throated_Sparrow_0081_107111.jpg,113
117.Clay_colored_Sparrow/Clay_Colored_Sparrow_0041_110726.jpg,116
109.American_Redstart/American_Redstart_0033_103783.jpg,108
098.Scott_Oriole/Scott_Oriole_0064_92321.jpg,97
164.Cerulean_Warbler/Cerulean_Warbler_0086_797214.jpg,163
056.Pine_Grosbeak/Pine_Grosbeak_0002_38214.jpg,55
169.Magnolia_Warbler/Magnolia_Warbler_0063_166121.jpg,168
086.Pacific_Loon/Pacific_Loon_0051_75514.jpg,85
131.Vesper_Sparrow/Vesper_Sparrow_0053_125641.jpg,130
120.Fox_Sparrow/Fox_Sparrow_0035_114866.jpg,119
149.Brown_Thrasher/Brown_Thrasher_0100_155129.jpg,148
181.Worm_eating_Warbler/Worm_Eating_Warbler_0055_795555.jpg,180
015.Lazuli_Bunting/Lazuli_Bunting_0089_14598.jpg,14
088.Western_Meadowlark/Western_Meadowlark_0104_78105.jpg,87
005.Crested_Auklet/Crested_Auklet_0039_794944.jpg,4
017.Cardinal/Cardinal_0083_18042.jpg,16
084.Red_legged_Kittiwake/Red_Legged_Kittiwake_0063_795453.jpg,83
108.White_necked_Raven/White_Necked_Raven_0041_797394.jpg,107
052.Pied_billed_Grebe/Pied_Billed_Grebe_0058_35503.jpg,51
175.Pine_Warbler/Pine_Warbler_0022_172197.jpg,174
188.Pileated_Woodpecker/Pileated_Woodpecker_0034_180419.jpg,187
105.Whip_poor_Will/Whip_Poor_Will_0018_796403.jpg,104
197.Marsh_Wren/Marsh_Wren_0044_188270.jpg,196
028.Brown_Creeper/Brown_Creeper_0032_24800.jpg,27
192.Downy_Woodpecker/Downy_Woodpecker_0136_184534.jpg,191
006.Least_Auklet/Least_Auklet_0040_795100.jpg,5
050.Eared_Grebe/Eared_Grebe_0062_34249.jpg,49
176.Prairie_Warbler/Prairie_Warbler_0040_173056.jpg,175
193.Bewick_Wren/Bewick_Wren_0004_185202.jpg,192
162.Canada_Warbler/Canada_Warbler_0080_162392.jpg,161
132.White_crowned_Sparrow/White_Crowned_Sparrow_0057_127927.jpg,131
167.Hooded_Warbler/Hooded_Warbler_0053_164631.jpg,166
004.Groove_billed_Ani/Groove_Billed_Ani_0061_1510.jpg,3
005.Crested_Auklet/Crested_Auklet_0045_794940.jpg,4
047.American_Goldfinch/American_Goldfinch_0056_32169.jpg,46
166.Golden_winged_Warbler/Golden_Winged_Warbler_0009_794813.jpg,165
072.Pomarine_Jaeger/Pomarine_Jaeger_0060_795756.jpg,71
104.American_Pipit/American_Pipit_0073_99642.jpg,103
080.Green_Kingfisher/Green_Kingfisher_0032_71050.jpg,79
033.Yellow_billed_Cuckoo/Yellow_Billed_Cuckoo_0094_26643.jpg,32
034.Gray_crowned_Rosy_Finch/Gray_Crowned_Rosy_Finch_0047_797303.jpg,33
124.Le_Conte_Sparrow/Le_Conte_Sparrow_0084_795189.jpg,123
171.Myrtle_Warbler/Myrtle_Warbler_0104_166829.jpg,170
123.Henslow_Sparrow/Henslow_Sparrow_0107_796614.jpg,122
040.Olive_sided_Flycatcher/Olive_Sided_Flycatcher_0014_30651.jpg,39
150.Sage_Thrasher/Sage_Thrasher_0092_155482.jpg,149
181.Worm_eating_Warbler/Worm_Eating_Warbler_0094_795522.jpg,180
030.Fish_Crow/Fish_Crow_0028_25968.jpg,29
143.Caspian_Tern/Caspian_Tern_0034_147643.jpg,142
047.American_Goldfinch/American_Goldfinch_0091_31938.jpg,46
009.Brewer_Blackbird/Brewer_Blackbird_0115_2279.jpg,8
039.Least_Flycatcher/Least_Flycatcher_0082_30132.jpg,38
143.Caspian_Tern/Caspian_Tern_0015_145664.jpg,142
115.Brewer_Sparrow/Brewer_Sparrow_0035_107509.jpg,114
165.Chestnut_sided_Warbler/Chestnut_Sided_Warbler_0066_164078.jpg,164
164.Cerulean_Warbler/Cerulean_Warbler_0045_797217.jpg,163
054.Blue_Grosbeak/Blue_Grosbeak_0092_36711.jpg,53
101.White_Pelican/White_Pelican_0028_95950.jpg,100
007.Parakeet_Auklet/Parakeet_Auklet_0048_795980.jpg,6
103.Sayornis/Sayornis_0002_98596.jpg,102
078.Gray_Kingbird/Gray_Kingbird_0059_795030.jpg,77
078.Gray_Kingbird/Gray_Kingbird_0008_70282.jpg,77
139.Scarlet_Tanager/Scarlet_Tanager_0024_137712.jpg,138
095.Baltimore_Oriole/Baltimore_Oriole_0039_88027.jpg,94
115.Brewer_Sparrow/Brewer_Sparrow_0004_107496.jpg,114
174.Palm_Warbler/Palm_Warbler_0003_170474.jpg,173
191.Red_headed_Woodpecker/Red_Headed_Woodpecker_0103_183571.jpg,190
171.Myrtle_Warbler/Myrtle_Warbler_0100_166871.jpg,170
160.Black_throated_Blue_Warbler/Black_Throated_Blue_Warbler_0036_161517.jpg,159
071.Long_tailed_Jaeger/Long_Tailed_Jaeger_0048_797087.jpg,70
001.Black_footed_Albatross/Black_Footed_Albatross_0040_796066.jpg,0
158.Bay_breasted_Warbler/Bay_Breasted_Warbler_0087_797122.jpg,157
019.Gray_Catbird/Gray_Catbird_0127_20034.jpg,18
088.Western_Meadowlark/Western_Meadowlark_0050_77864.jpg,87
032.Mangrove_Cuckoo/Mangrove_Cuckoo_0034_26415.jpg,31
111.Loggerhead_Shrike/Loggerhead_Shrike_0051_105447.jpg,110
170.Mourning_Warbler/Mourning_Warbler_0069_166559.jpg,169
171.Myrtle_Warbler/Myrtle_Warbler_0112_166754.jpg,170
173.Orange_crowned_Warbler/Orange_Crowned_Warbler_0119_167658.jpg,172
124.Le_Conte_Sparrow/Le_Conte_Sparrow_0081_795215.jpg,123
193.Bewick_Wren/Bewick_Wren_0104_185256.jpg,192
062.Herring_Gull/Herring_Gull_0130_46675.jpg,61
133.White_throated_Sparrow/White_Throated_Sparrow_0027_128847.jpg,132
105.Whip_poor_Will/Whip_Poor_Will_0047_796412.jpg,104
110.Geococcyx/Geococcyx_0105_104239.jpg,109
018.Spotted_Catbird/Spotted_Catbird_0013_19428.jpg,17
139.Scarlet_Tanager/Scarlet_Tanager_0075_137602.jpg,138
033.Yellow_billed_Cuckoo/Yellow_Billed_Cuckoo_0022_26423.jpg,32
093.Clark_Nutcracker/Clark_Nutcracker_0058_85384.jpg,92
058.Pigeon_Guillemot/Pigeon_Guillemot_0084_40217.jpg,57
032.Mangrove_Cuckoo/Mangrove_Cuckoo_0022_794625.jpg,31
172.Nashville_Warbler/Nashville_Warbler_0023_167242.jpg,171
165.Chestnut_sided_Warbler/Chestnut_Sided_Warbler_0097_163750.jpg,164
140.Summer_Tanager/Summer_Tanager_0116_139923.jpg,139
166.Golden_winged_Warbler/Golden_Winged_Warbler_0062_794850.jpg,165
082.Ringed_Kingfisher/Ringed_Kingfisher_0077_72872.jpg,81
029.American_Crow/American_Crow_0107_25353.jpg,28
069.Rufous_Hummingbird/Rufous_Hummingbird_0047_59448.jpg,68
091.Mockingbird/Mockingbird_0077_81470.jpg,90
026.Bronzed_Cowbird/Bronzed_Cowbird_0057_24074.jpg,25
024.Red_faced_Cormorant/Red_Faced_Cormorant_0072_796269.jpg,23
038.Great_Crested_Flycatcher/Great_Crested_Flycatcher_0107_29501.jpg,37
067.Anna_Hummingbird/Anna_Hummingbird_0127_56520.jpg,66
197.Marsh_Wren/Marsh_Wren_0018_188363.jpg,196
113.Baird_Sparrow/Baird_Sparrow_0039_794591.jpg,112
138.Tree_Swallow/Tree_Swallow_0087_137354.jpg,137
047.American_Goldfinch/American_Goldfinch_0135_32107.jpg,46
178.Swainson_Warbler/Swainson_Warbler_0017_174685.jpg,177
123.Henslow_Sparrow/Henslow_Sparrow_0083_116844.jpg,122
152.Blue_headed_Vireo/Blue_Headed_Vireo_0097_156272.jpg,151
195.Carolina_Wren/Carolina_Wren_0055_186154.jpg,194
172.Nashville_Warbler/Nashville_Warbler_0128_166444.jpg,171
135.Bank_Swallow/Bank_Swallow_0049_129611.jpg,134
182.Yellow_Warbler/Yellow_Warbler_0121_176402.jpg,181
097.Orchard_Oriole/Orchard_Oriole_0098_91401.jpg,96
164.Cerulean_Warbler/Cerulean_Warbler_0076_163294.jpg,163
150.Sage_Thrasher/Sage_Thrasher_0033_155511.jpg,149
073.Blue_Jay/Blue_Jay_0089_61521.jpg,72
083.White_breasted_Kingfisher/White_Breasted_Kingfisher_0022_73459.jpg,82
122.Harris_Sparrow/Harris_Sparrow_0024_116480.jpg,121
007.Parakeet_Auklet/Parakeet_Auklet_0045_795953.jpg,6
109.American_Redstart/American_Redstart_0022_103701.jpg,108
010.Red_winged_Blackbird/Red_Winged_Blackbird_0054_4625.jpg,9
115.Brewer_Sparrow/Brewer_Sparrow_0023_107489.jpg,114
067.Anna_Hummingbird/Anna_Hummingbird_0098_56388.jpg,66
078.Gray_Kingbird/Gray_Kingbird_0060_795021.jpg,77
147.Least_Tern/Least_Tern_0112_153074.jpg,146
063.Ivory_Gull/Ivory_Gull_0052_50013.jpg,62
045.Northern_Fulmar/Northern_Fulmar_0060_43813.jpg,44
097.Orchard_Oriole/Orchard_Oriole_0006_91724.jpg,96
080.Green_Kingfisher/Green_Kingfisher_0081_70953.jpg,79
127.Savannah_Sparrow/Savannah_Sparrow_0124_118820.jpg,126
196.House_Wren/House_Wren_0129_187376.jpg,195
091.Mockingbird/Mockingbird_0056_81986.jpg,90
025.Pelagic_Cormorant/Pelagic_Cormorant_0037_23889.jpg,24
030.Fish_Crow/Fish_Crow_0081_25908.jpg,29
160.Black_throated_Blue_Warbler/Black_Throated_Blue_Warbler_0050_161154.jpg,159
120.Fox_Sparrow/Fox_Sparrow_0118_114884.jpg,119
022.Chuck_will_Widow/Chuck_Will_Widow_0001_796975.jpg,21
173.Orange_crowned_Warbler/Orange_Crowned_Warbler_0042_167614.jpg,172
144.Common_Tern/Common_Tern_0053_148472.jpg,143
004.Groove_billed_Ani/Groove_Billed_Ani_0076_1661.jpg,3
119.Field_Sparrow/Field_Sparrow_0078_113575.jpg,118
163.Cape_May_Warbler/Cape_May_Warbler_0103_162972.jpg,162
109.American_Redstart/American_Redstart_0031_102890.jpg,108
185.Bohemian_Waxwing/Bohemian_Waxwing_0022_177642.jpg,184
173.Orange_crowned_Warbler/Orange_Crowned_Warbler_0030_168376.jpg,172
092.Nighthawk/Nighthawk_0022_84183.jpg,91
179.Tennessee_Warbler/Tennessee_Warbler_0026_175118.jpg,178
121.Grasshopper_Sparrow/Grasshopper_Sparrow_0029_115761.jpg,120
157.Yellow_throated_Vireo/Yellow_Throated_Vireo_0017_794988.jpg,156
008.Rhinoceros_Auklet/Rhinoceros_Auklet_0031_797518.jpg,7
059.California_Gull/California_Gull_0096_40978.jpg,58
151.Black_capped_Vireo/Black_Capped_Vireo_0044_155819.jpg,150
147.Least_Tern/Least_Tern_0088_152941.jpg,146
005.Crested_Auklet/Crested_Auklet_0052_794952.jpg,4
085.Horned_Lark/Horned_Lark_0095_74640.jpg,84
035.Purple_Finch/Purple_Finch_0094_27323.jpg,34
196.House_Wren/House_Wren_0091_188046.jpg,195
034.Gray_crowned_Rosy_Finch/Gray_Crowned_Rosy_Finch_0061_26979.jpg,33
140.Summer_Tanager/Summer_Tanager_0125_139399.jpg,139
058.Pigeon_Guillemot/Pigeon_Guillemot_0064_40044.jpg,57
048.European_Goldfinch/European_Goldfinch_0045_794690.jpg,47
166.Golden_winged_Warbler/Golden_Winged_Warbler_0003_164469.jpg,165
134.Cape_Glossy_Starling/Cape_Glossy_Starling_0080_129362.jpg,133
188.Pileated_Woodpecker/Pileated_Woodpecker_0025_180253.jpg,187
093.Clark_Nutcracker/Clark_Nutcracker_0098_85105.jpg,92
086.Pacific_Loon/Pacific_Loon_0021_75859.jpg,85
121.Grasshopper_Sparrow/Grasshopper_Sparrow_0038_115704.jpg,120
104.American_Pipit/American_Pipit_0058_100218.jpg,103
115.Brewer_Sparrow/Brewer_Sparrow_0014_107435.jpg,114
042.Vermilion_Flycatcher/Vermilion_Flycatcher_0060_42293.jpg,41
085.Horned_Lark/Horned_Lark_0133_73882.jpg,84
181.Worm_eating_Warbler/Worm_Eating_Warbler_0078_795532.jpg,180
135.Bank_Swallow/Bank_Swallow_0031_129507.jpg,134
083.White_breasted_Kingfisher/White_Breasted_Kingfisher_0088_73386.jpg,82
174.Palm_Warbler/Palm_Warbler_0092_170604.jpg,173
117.Clay_colored_Sparrow/Clay_Colored_Sparrow_0005_110911.jpg,116
079.Belted_Kingfisher/Belted_Kingfisher_0054_70424.jpg,78
114.Black_throated_Sparrow/Black_Throated_Sparrow_0055_107213.jpg,113
181.Worm_eating_Warbler/Worm_Eating_Warbler_0102_176069.jpg,180
200.Common_Yellowthroat/Common_Yellowthroat_0080_190663.jpg,199
021.Eastern_Towhee/Eastern_Towhee_0099_22566.jpg,20
078.Gray_Kingbird/Gray_Kingbird_0050_70056.jpg,77
006.Least_Auklet/Least_Auklet_0007_795123.jpg,5
031.Black_billed_Cuckoo/Black_Billed_Cuckoo_0005_26161.jpg,30
128.Seaside_Sparrow/Seaside_Sparrow_0049_120735.jpg,127
003.Sooty_Albatross/Sooty_Albatross_0073_1171.jpg,2
111.Loggerhead_Shrike/Loggerhead_Shrike_0100_105106.jpg,110
176.Prairie_Warbler/Prairie_Warbler_0123_172603.jpg,175
046.Gadwall/Gadwall_0083_30959.jpg,45
123.Henslow_Sparrow/Henslow_Sparrow_0085_116971.jpg,122
074.Florida_Jay/Florida_Jay_0037_64515.jpg,73
074.Florida_Jay/Florida_Jay_0075_65093.jpg,73
058.Pigeon_Guillemot/Pigeon_Guillemot_0025_40511.jpg,57
158.Bay_breasted_Warbler/Bay_Breasted_Warbler_0105_797143.jpg,157
018.Spotted_Catbird/Spotted_Catbird_0036_19406.jpg,17
164.Cerulean_Warbler/Cerulean_Warbler_0012_163417.jpg,163
011.Rusty_Blackbird/Rusty_Blackbird_0001_6548.jpg,10
089.Hooded_Merganser/Hooded_Merganser_0061_796723.jpg,88
053.Western_Grebe/Western_Grebe_0050_36163.jpg,52
143.Caspian_Tern/Caspian_Tern_0023_147194.jpg,142
174.Palm_Warbler/Palm_Warbler_0020_168857.jpg,173
092.Nighthawk/Nighthawk_0058_83270.jpg,91
197.Marsh_Wren/Marsh_Wren_0089_188318.jpg,196
059.California_Gull/California_Gull_0046_41209.jpg,58
199.Winter_Wren/Winter_Wren_0081_190049.jpg,198
037.Acadian_Flycatcher/Acadian_Flycatcher_0058_795602.jpg,36
052.Pied_billed_Grebe/Pied_Billed_Grebe_0100_35310.jpg,51
022.Chuck_will_Widow/Chuck_Will_Widow_0057_796970.jpg,21
163.Cape_May_Warbler/Cape_May_Warbler_0066_163005.jpg,162
145.Elegant_Tern/Elegant_Tern_0074_151036.jpg,144
144.Common_Tern/Common_Tern_0070_150292.jpg,143
002.Laysan_Albatross/Laysan_Albatross_0005_565.jpg,1
132.White_crowned_Sparrow/White_Crowned_Sparrow_0099_127213.jpg,131
080.Green_Kingfisher/Green_Kingfisher_0091_71248.jpg,79
195.Carolina_Wren/Carolina_Wren_0051_186510.jpg,194
067.Anna_Hummingbird/Anna_Hummingbird_0128_57047.jpg,66
103.Sayornis/Sayornis_0076_98941.jpg,102
172.Nashville_Warbler/Nashville_Warbler_0076_167389.jpg,171
137.Cliff_Swallow/Cliff_Swallow_0023_134314.jpg,136
187.American_Three_toed_Woodpecker/American_Three_Toed_Woodpecker_0046_796153.jpg,186
113.Baird_Sparrow/Baird_Sparrow_0009_106882.jpg,112
168.Kentucky_Warbler/Kentucky_Warbler_0041_795888.jpg,167
126.Nelson_Sharp_tailed_Sparrow/Nelson_Sharp_Tailed_Sparrow_0045_118004.jpg,125
005.Crested_Auklet/Crested_Auklet_0033_794964.jpg,4
104.American_Pipit/American_Pipit_0039_99841.jpg,103
040.Olive_sided_Flycatcher/Olive_Sided_Flycatcher_0005_30734.jpg,39
194.Cactus_Wren/Cactus_Wren_0034_185817.jpg,193
139.Scarlet_Tanager/Scarlet_Tanager_0128_138711.jpg,138
192.Downy_Woodpecker/Downy_Woodpecker_0115_184096.jpg,191
028.Brown_Creeper/Brown_Creeper_0125_24995.jpg,27
192.Downy_Woodpecker/Downy_Woodpecker_0123_184692.jpg,191
017.Cardinal/Cardinal_0020_18664.jpg,16
152.Blue_headed_Vireo/Blue_Headed_Vireo_0019_156311.jpg,151
188.Pileated_Woodpecker/Pileated_Woodpecker_0079_180388.jpg,187
179.Tennessee_Warbler/Tennessee_Warbler_0060_174840.jpg,178
138.Tree_Swallow/Tree_Swallow_0060_134961.jpg,137
078.Gray_Kingbird/Gray_Kingbird_0030_70110.jpg,77
171.Myrtle_Warbler/Myrtle_Warbler_0064_166679.jpg,170
082.Ringed_Kingfisher/Ringed_Kingfisher_0103_72894.jpg,81
073.Blue_Jay/Blue_Jay_0066_61490.jpg,72
022.Chuck_will_Widow/Chuck_Will_Widow_0017_796960.jpg,21
085.Horned_Lark/Horned_Lark_0134_74689.jpg,84
004.Groove_billed_Ani/Groove_Billed_Ani_0015_1653.jpg,3
014.Indigo_Bunting/Indigo_Bunting_0049_13641.jpg,13
181.Worm_eating_Warbler/Worm_Eating_Warbler_0065_795551.jpg,180
164.Cerulean_Warbler/Cerulean_Warbler_0056_163339.jpg,163
198.Rock_Wren/Rock_Wren_0003_189167.jpg,197
163.Cape_May_Warbler/Cape_May_Warbler_0012_162701.jpg,162
027.Shiny_Cowbird/Shiny_Cowbird_0069_24351.jpg,26
194.Cactus_Wren/Cactus_Wren_0089_186023.jpg,193
046.Gadwall/Gadwall_0075_30892.jpg,45
013.Bobolink/Bobolink_0050_9821.jpg,12
125.Lincoln_Sparrow/Lincoln_Sparrow_0110_117264.jpg,124
029.American_Crow/American_Crow_0059_25599.jpg,28
029.American_Crow/American_Crow_0124_25356.jpg,28
092.Nighthawk/Nighthawk_0018_83639.jpg,91
056.Pine_Grosbeak/Pine_Grosbeak_0068_38981.jpg,55
097.Orchard_Oriole/Orchard_Oriole_0080_91417.jpg,96
112.Great_Grey_Shrike/Great_Grey_Shrike_0049_797025.jpg,111
149.Brown_Thrasher/Brown_Thrasher_0010_155231.jpg,148
173.Orange_crowned_Warbler/Orange_Crowned_Warbler_0018_168126.jpg,172
150.Sage_Thrasher/Sage_Thrasher_0025_155661.jpg,149
133.White_throated_Sparrow/White_Throated_Sparrow_0125_128832.jpg,132
077.Tropical_Kingbird/Tropical_Kingbird_0011_69877.jpg,76
050.Eared_Grebe/Eared_Grebe_0016_34334.jpg,49
126.Nelson_Sharp_tailed_Sparrow/Nelson_Sharp_Tailed_Sparrow_0023_796899.jpg,125
008.Rhinoceros_Auklet/Rhinoceros_Auklet_0019_797513.jpg,7
060.Glaucous_winged_Gull/Glaucous_Winged_Gull_0057_44807.jpg,59
196.House_Wren/House_Wren_0087_187946.jpg,195
100.Brown_Pelican/Brown_Pelican_0031_93874.jpg,99
124.Le_Conte_Sparrow/Le_Conte_Sparrow_0003_795175.jpg,123
165.Chestnut_sided_Warbler/Chestnut_Sided_Warbler_0121_164125.jpg,164
150.Sage_Thrasher/Sage_Thrasher_0039_796449.jpg,149
045.Northern_Fulmar/Northern_Fulmar_0039_43689.jpg,44
133.White_throated_Sparrow/White_Throated_Sparrow_0102_128911.jpg,132
167.Hooded_Warbler/Hooded_Warbler_0070_164930.jpg,166
114.Black_throated_Sparrow/Black_Throated_Sparrow_0035_107185.jpg,113
112.Great_Grey_Shrike/Great_Grey_Shrike_0063_797042.jpg,111
013.Bobolink/Bobolink_0047_9204.jpg,12
002.Laysan_Albatross/Laysan_Albatross_0029_482.jpg,1
057.Rose_breasted_Grosbeak/Rose_Breasted_Grosbeak_0095_39178.jpg,56
129.Song_Sparrow/Song_Sparrow_0042_121314.jpg,128
094.White_breasted_Nuthatch/White_Breasted_Nuthatch_0077_86462.jpg,93
093.Clark_Nutcracker/Clark_Nutcracker_0069_84767.jpg,92
085.Horned_Lark/Horned_Lark_0043_74450.jpg,84
101.White_Pelican/White_Pelican_0081_96148.jpg,100
044.Frigatebird/Frigatebird_0053_43220.jpg,43
056.Pine_Grosbeak/Pine_Grosbeak_0012_38466.jpg,55
010.Red_winged_Blackbird/Red_Winged_Blackbird_0040_4522.jpg,9
093.Clark_Nutcracker/Clark_Nutcracker_0062_85464.jpg,92
089.Hooded_Merganser/Hooded_Merganser_0058_796770.jpg,88
011.Rusty_Blackbird/Rusty_Blackbird_0108_6867.jpg,10
131.Vesper_Sparrow/Vesper_Sparrow_0046_125575.jpg,130
022.Chuck_will_Widow/Chuck_Will_Widow_0018_796980.jpg,21
150.Sage_Thrasher/Sage_Thrasher_0031_796455.jpg,149
166.Golden_winged_Warbler/Golden_Winged_Warbler_0056_794845.jpg,165
162.Canada_Warbler/Canada_Warbler_0042_162448.jpg,161
197.Marsh_Wren/Marsh_Wren_0133_188565.jpg,196
059.California_Gull/California_Gull_0008_40942.jpg,58
070.Green_Violetear/Green_Violetear_0082_795706.jpg,69
194.Cactus_Wren/Cactus_Wren_0060_185950.jpg,193
148.Green_tailed_Towhee/Green_Tailed_Towhee_0066_797439.jpg,147
027.Shiny_Cowbird/Shiny_Cowbird_0063_24259.jpg,26
164.Cerulean_Warbler/Cerulean_Warbler_0010_797210.jpg,163
023.Brandt_Cormorant/Brandt_Cormorant_0021_23097.jpg,22
024.Red_faced_Cormorant/Red_Faced_Cormorant_0049_796279.jpg,23
179.Tennessee_Warbler/Tennessee_Warbler_0091_175050.jpg,178
107.Common_Raven/Common_Raven_0116_101350.jpg,106
054.Blue_Grosbeak/Blue_Grosbeak_0107_36696.jpg,53
170.Mourning_Warbler/Mourning_Warbler_0036_166432.jpg,169
102.Western_Wood_Pewee/Western_Wood_Pewee_0004_98257.jpg,101
094.White_breasted_Nuthatch/White_Breasted_Nuthatch_0039_86166.jpg,93
169.Magnolia_Warbler/Magnolia_Warbler_0018_165958.jpg,168
004.Groove_billed_Ani/Groove_Billed_Ani_0047_1706.jpg,3
036.Northern_Flicker/Northern_Flicker_0036_28681.jpg,35
113.Baird_Sparrow/Baird_Sparrow_0032_794553.jpg,112
066.Western_Gull/Western_Gull_0117_44697.jpg,65
149.Brown_Thrasher/Brown_Thrasher_0052_155254.jpg,148
041.Scissor_tailed_Flycatcher/Scissor_Tailed_Flycatcher_0106_41684.jpg,40
055.Evening_Grosbeak/Evening_Grosbeak_0107_37933.jpg,54
078.Gray_Kingbird/Gray_Kingbird_0038_70118.jpg,77
041.Scissor_tailed_Flycatcher/Scissor_Tailed_Flycatcher_0020_41680.jpg,40
149.Brown_Thrasher/Brown_Thrasher_0105_155187.jpg,148
104.American_Pipit/American_Pipit_0008_100390.jpg,103
011.Rusty_Blackbird/Rusty_Blackbird_0054_6676.jpg,10
145.Elegant_Tern/Elegant_Tern_0073_150925.jpg,144
081.Pied_Kingfisher/Pied_Kingfisher_0046_72156.jpg,80
011.Rusty_Blackbird/Rusty_Blackbird_0011_7028.jpg,10
195.Carolina_Wren/Carolina_Wren_0049_186129.jpg,194
111.Loggerhead_Shrike/Loggerhead_Shrike_0127_105742.jpg,110
164.Cerulean_Warbler/Cerulean_Warbler_0089_163412.jpg,163
197.Marsh_Wren/Marsh_Wren_0006_188126.jpg,196
168.Kentucky_Warbler/Kentucky_Warbler_0052_795874.jpg,167
167.Hooded_Warbler/Hooded_Warbler_0115_165041.jpg,166
167.Hooded_Warbler/Hooded_Warbler_0011_164801.jpg,166
009.Brewer_Blackbird/Brewer_Blackbird_0032_2214.jpg,8
119.Field_Sparrow/Field_Sparrow_0091_113486.jpg,118
075.Green_Jay/Green_Jay_0066_65902.jpg,74
046.Gadwall/Gadwall_0060_31686.jpg,45
094.White_breasted_Nuthatch/White_Breasted_Nuthatch_0104_85969.jpg,93
004.Groove_billed_Ani/Groove_Billed_Ani_0019_1585.jpg,3
051.Horned_Grebe/Horned_Grebe_0101_35203.jpg,50
072.Pomarine_Jaeger/Pomarine_Jaeger_0024_61281.jpg,71
153.Philadelphia_Vireo/Philadelphia_Vireo_0040_794764.jpg,152
090.Red_breasted_Merganser/Red_Breasted_Merganser_0047_79486.jpg,89
099.Ovenbird/Ovenbird_0112_93018.jpg,98
056.Pine_Grosbeak/Pine_Grosbeak_0054_38953.jpg,55
055.Evening_Grosbeak/Evening_Grosbeak_0034_37349.jpg,54
067.Anna_Hummingbird/Anna_Hummingbird_0091_56004.jpg,66
127.Savannah_Sparrow/Savannah_Sparrow_0052_118583.jpg,126
092.Nighthawk/Nighthawk_0057_82640.jpg,91
172.Nashville_Warbler/Nashville_Warbler_0028_167065.jpg,171
186.Cedar_Waxwing/Cedar_Waxwing_0048_178960.jpg,185
008.Rhinoceros_Auklet/Rhinoceros_Auklet_0038_797544.jpg,7
125.Lincoln_Sparrow/Lincoln_Sparrow_0119_117270.jpg,124
126.Nelson_Sharp_tailed_Sparrow/Nelson_Sharp_Tailed_Sparrow_0074_796901.jpg,125
153.Philadelphia_Vireo/Philadelphia_Vireo_0068_794763.jpg,152
078.Gray_Kingbird/Gray_Kingbird_0025_70152.jpg,77
090.Red_breasted_Merganser/Red_Breasted_Merganser_0055_79397.jpg,89
091.Mockingbird/Mockingbird_0103_79659.jpg,90
107.Common_Raven/Common_Raven_0035_101466.jpg,106
185.Bohemian_Waxwing/Bohemian_Waxwing_0046_177864.jpg,184
050.Eared_Grebe/Eared_Grebe_0026_34383.jpg,49
120.Fox_Sparrow/Fox_Sparrow_0063_114350.jpg,119
093.Clark_Nutcracker/Clark_Nutcracker_0130_85304.jpg,92
088.Western_Meadowlark/Western_Meadowlark_0112_78760.jpg,87
017.Cardinal/Cardinal_0057_17128.jpg,16
085.Horned_Lark/Horned_Lark_0088_74590.jpg,84
175.Pine_Warbler/Pine_Warbler_0127_171742.jpg,174
121.Grasshopper_Sparrow/Grasshopper_Sparrow_0014_116129.jpg,120
080.Green_Kingfisher/Green_Kingfisher_0059_71119.jpg,79
147.Least_Tern/Least_Tern_0046_153006.jpg,146
038.Great_Crested_Flycatcher/Great_Crested_Flycatcher_0069_29603.jpg,37
041.Scissor_tailed_Flycatcher/Scissor_Tailed_Flycatcher_0026_41774.jpg,40
101.White_Pelican/White_Pelican_0084_95877.jpg,100
097.Orchard_Oriole/Orchard_Oriole_0092_92128.jpg,96
111.Loggerhead_Shrike/Loggerhead_Shrike_0114_104960.jpg,110
087.Mallard/Mallard_0018_76511.jpg,86
121.Grasshopper_Sparrow/Grasshopper_Sparrow_0110_115644.jpg,120
106.Horned_Puffin/Horned_Puffin_0042_100760.jpg,105
148.Green_tailed_Towhee/Green_Tailed_Towhee_0012_797435.jpg,147
148.Green_tailed_Towhee/Green_Tailed_Towhee_0090_797434.jpg,147
087.Mallard/Mallard_0093_77419.jpg,86
184.Louisiana_Waterthrush/Louisiana_Waterthrush_0048_795277.jpg,183
150.Sage_Thrasher/Sage_Thrasher_0095_796446.jpg,149
193.Bewick_Wren/Bewick_Wren_0047_184707.jpg,192
032.Mangrove_Cuckoo/Mangrove_Cuckoo_0020_794629.jpg,31
108.White_necked_Raven/White_Necked_Raven_0045_797381.jpg,107
020.Yellow_breasted_Chat/Yellow_Breasted_Chat_0068_21860.jpg,19
190.Red_cockaded_Woodpecker/Red_Cockaded_Woodpecker_0007_794755.jpg,189
184.Louisiana_Waterthrush/Louisiana_Waterthrush_0087_795261.jpg,183
103.Sayornis/Sayornis_0012_98881.jpg,102
039.Least_Flycatcher/Least_Flycatcher_0096_30233.jpg,38
158.Bay_breasted_Warbler/Bay_Breasted_Warbler_0049_797129.jpg,157
092.Nighthawk/Nighthawk_0027_84697.jpg,91
007.Parakeet_Auklet/Parakeet_Auklet_0004_795921.jpg,6
098.Scott_Oriole/Scott_Oriole_0069_92271.jpg,97
053.Western_Grebe/Western_Grebe_0085_36224.jpg,52
155.Warbling_Vireo/Warbling_Vireo_0104_158800.jpg,154
030.Fish_Crow/Fish_Crow_0060_26016.jpg,29
089.Hooded_Merganser/Hooded_Merganser_0053_796728.jpg,88
183.Northern_Waterthrush/Northern_Waterthrush_0068_177273.jpg,182
041.Scissor_tailed_Flycatcher/Scissor_Tailed_Flycatcher_0035_42025.jpg,40
028.Brown_Creeper/Brown_Creeper_0113_24560.jpg,27
070.Green_Violetear/Green_Violetear_0060_795657.jpg,69
053.Western_Grebe/Western_Grebe_0014_36185.jpg,52
196.House_Wren/House_Wren_0134_188077.jpg,195
091.Mockingbird/Mockingbird_0015_80652.jpg,90
025.Pelagic_Cormorant/Pelagic_Cormorant_0022_23802.jpg,24
170.Mourning_Warbler/Mourning_Warbler_0073_166524.jpg,169
141.Artic_Tern/Artic_Tern_0032_141313.jpg,140
047.American_Goldfinch/American_Goldfinch_0046_32105.jpg,46
020.Yellow_breasted_Chat/Yellow_Breasted_Chat_0062_21673.jpg,19
053.Western_Grebe/Western_Grebe_0032_36439.jpg,52
168.Kentucky_Warbler/Kentucky_Warbler_0035_795878.jpg,167
128.Seaside_Sparrow/Seaside_Sparrow_0025_796518.jpg,127
069.Rufous_Hummingbird/Rufous_Hummingbird_0127_59587.jpg,68
177.Prothonotary_Warbler/Prothonotary_Warbler_0110_173857.jpg,176
144.Common_Tern/Common_Tern_0118_148201.jpg,143
028.Brown_Creeper/Brown_Creeper_0115_24488.jpg,27
170.Mourning_Warbler/Mourning_Warbler_0026_166538.jpg,169
014.Indigo_Bunting/Indigo_Bunting_0076_12950.jpg,13
048.European_Goldfinch/European_Goldfinch_0076_33173.jpg,47
126.Nelson_Sharp_tailed_Sparrow/Nelson_Sharp_Tailed_Sparrow_0067_796912.jpg,125
100.Brown_Pelican/Brown_Pelican_0080_93439.jpg,99
030.Fish_Crow/Fish_Crow_0011_25866.jpg,29
194.Cactus_Wren/Cactus_Wren_0080_185901.jpg,193
138.Tree_Swallow/Tree_Swallow_0111_135253.jpg,137
133.White_throated_Sparrow/White_Throated_Sparrow_0042_128899.jpg,132
048.European_Goldfinch/European_Goldfinch_0074_33348.jpg,47
102.Western_Wood_Pewee/Western_Wood_Pewee_0046_98113.jpg,101
083.White_breasted_Kingfisher/White_Breasted_Kingfisher_0056_73353.jpg,82
004.Groove_billed_Ani/Groove_Billed_Ani_0023_1485.jpg,3
018.Spotted_Catbird/Spotted_Catbird_0025_796819.jpg,17
137.Cliff_Swallow/Cliff_Swallow_0005_133696.jpg,136
022.Chuck_will_Widow/Chuck_Will_Widow_0054_22782.jpg,21
106.Horned_Puffin/Horned_Puffin_0024_100620.jpg,105
046.Gadwall/Gadwall_0036_31760.jpg,45
181.Worm_eating_Warbler/Worm_Eating_Warbler_0057_176006.jpg,180
052.Pied_billed_Grebe/Pied_Billed_Grebe_0024_35949.jpg,51
115.Brewer_Sparrow/Brewer_Sparrow_0041_796711.jpg,114
170.Mourning_Warbler/Mourning_Warbler_0011_795380.jpg,169
117.Clay_colored_Sparrow/Clay_Colored_Sparrow_0071_110656.jpg,116
127.Savannah_Sparrow/Savannah_Sparrow_0137_119757.jpg,126
093.Clark_Nutcracker/Clark_Nutcracker_0011_85698.jpg,92
128.Seaside_Sparrow/Seaside_Sparrow_0039_796530.jpg,127
022.Chuck_will_Widow/Chuck_Will_Widow_0043_797001.jpg,21
118.House_Sparrow/House_Sparrow_0006_111034.jpg,117
188.Pileated_Woodpecker/Pileated_Woodpecker_0028_180258.jpg,187
037.Acadian_Flycatcher/Acadian_Flycatcher_0063_795585.jpg,36
041.Scissor_tailed_Flycatcher/Scissor_Tailed_Flycatcher_0119_41879.jpg,40
031.Black_billed_Cuckoo/Black_Billed_Cuckoo_0074_795286.jpg,30
185.Bohemian_Waxwing/Bohemian_Waxwing_0048_177821.jpg,184
014.Indigo_Bunting/Indigo_Bunting_0001_12469.jpg,13
136.Barn_Swallow/Barn_Swallow_0076_130757.jpg,135
164.Cerulean_Warbler/Cerulean_Warbler_0083_163380.jpg,163
129.Song_Sparrow/Song_Sparrow_0112_121027.jpg,128
190.Red_cockaded_Woodpecker/Red_Cockaded_Woodpecker_0023_794701.jpg,189
082.Ringed_Kingfisher/Ringed_Kingfisher_0015_72835.jpg,81
185.Bohemian_Waxwing/Bohemian_Waxwing_0006_796651.jpg,184
047.American_Goldfinch/American_Goldfinch_0106_32182.jpg,46
046.Gadwall/Gadwall_0048_31312.jpg,45
036.Northern_Flicker/Northern_Flicker_0078_28338.jpg,35
006.Least_Auklet/Least_Auklet_0058_1931.jpg,5
104.American_Pipit/American_Pipit_0081_99785.jpg,103
170.Mourning_Warbler/Mourning_Warbler_0082_166574.jpg,169
163.Cape_May_Warbler/Cape_May_Warbler_0001_139008.jpg,162
136.Barn_Swallow/Barn_Swallow_0021_130367.jpg,135
089.Hooded_Merganser/Hooded_Merganser_0089_796740.jpg,88
191.Red_headed_Woodpecker/Red_Headed_Woodpecker_0007_182728.jpg,190
112.Great_Grey_Shrike/Great_Grey_Shrike_0050_797012.jpg,111
114.Black_throated_Sparrow/Black_Throated_Sparrow_0097_106935.jpg,113
014.Indigo_Bunting/Indigo_Bunting_0050_11811.jpg,13
059.California_Gull/California_Gull_0052_41047.jpg,58
141.Artic_Tern/Artic_Tern_0107_141181.jpg,140
146.Forsters_Tern/Forsters_Tern_0104_152666.jpg,145
024.Red_faced_Cormorant/Red_Faced_Cormorant_0052_796316.jpg,23
090.Red_breasted_Merganser/Red_Breasted_Merganser_0046_79330.jpg,89
104.American_Pipit/American_Pipit_0089_100260.jpg,103
016.Painted_Bunting/Painted_Bunting_0056_16599.jpg,15
069.Rufous_Hummingbird/Rufous_Hummingbird_0106_60465.jpg,68
063.Ivory_Gull/Ivory_Gull_0040_49180.jpg,62
034.Gray_crowned_Rosy_Finch/Gray_Crowned_Rosy_Finch_0042_27143.jpg,33
021.Eastern_Towhee/Eastern_Towhee_0124_22585.jpg,20
110.Geococcyx/Geococcyx_0010_104197.jpg,109
047.American_Goldfinch/American_Goldfinch_0041_31969.jpg,46
093.Clark_Nutcracker/Clark_Nutcracker_0117_84912.jpg,92
151.Black_capped_Vireo/Black_Capped_Vireo_0002_797466.jpg,150
194.Cactus_Wren/Cactus_Wren_0016_185582.jpg,193
199.Winter_Wren/Winter_Wren_0065_189675.jpg,198
132.White_crowned_Sparrow/White_Crowned_Sparrow_0087_128008.jpg,131
176.Prairie_Warbler/Prairie_Warbler_0073_172771.jpg,175
096.Hooded_Oriole/Hooded_Oriole_0117_90464.jpg,95
114.Black_throated_Sparrow/Black_Throated_Sparrow_0033_107042.jpg,113
165.Chestnut_sided_Warbler/Chestnut_Sided_Warbler_0124_164109.jpg,164
074.Florida_Jay/Florida_Jay_0093_64675.jpg,73
121.Grasshopper_Sparrow/Grasshopper_Sparrow_0126_116029.jpg,120
090.Red_breasted_Merganser/Red_Breasted_Merganser_0054_79542.jpg,89
139.Scarlet_Tanager/Scarlet_Tanager_0058_137710.jpg,138
080.Green_Kingfisher/Green_Kingfisher_0094_71112.jpg,79
159.Black_and_white_Warbler/Black_And_White_Warbler_0046_160202.jpg,158
144.Common_Tern/Common_Tern_0095_149960.jpg,143
112.Great_Grey_Shrike/Great_Grey_Shrike_0020_797052.jpg,111
160.Black_throated_Blue_Warbler/Black_Throated_Blue_Warbler_0083_161462.jpg,159
011.Rusty_Blackbird/Rusty_Blackbird_0085_6713.jpg,10
072.Pomarine_Jaeger/Pomarine_Jaeger_0032_795789.jpg,71
147.Least_Tern/Least_Tern_0082_154396.jpg,146
047.American_Goldfinch/American_Goldfinch_0122_32186.jpg,46
085.Horned_Lark/Horned_Lark_0069_74093.jpg,84
049.Boat_tailed_Grackle/Boat_Tailed_Grackle_0068_33387.jpg,48
021.Eastern_Towhee/Eastern_Towhee_0013_22336.jpg,20
105.Whip_poor_Will/Whip_Poor_Will_0038_100443.jpg,104
131.Vesper_Sparrow/Vesper_Sparrow_0005_125440.jpg,130
139.Scarlet_Tanager/Scarlet_Tanager_0095_137618.jpg,138
006.Least_Auklet/Least_Auklet_0021_795127.jpg,5
010.Red_winged_Blackbird/Red_Winged_Blackbird_0046_4242.jpg,9
076.Dark_eyed_Junco/Dark_Eyed_Junco_0056_67498.jpg,75
200.Common_Yellowthroat/Common_Yellowthroat_0087_190414.jpg,199
124.Le_Conte_Sparrow/Le_Conte_Sparrow_0056_795178.jpg,123
146.Forsters_Tern/Forsters_Tern_0100_151774.jpg,145
082.Ringed_Kingfisher/Ringed_Kingfisher_0024_73178.jpg,81
161.Blue_winged_Warbler/Blue_Winged_Warbler_0092_162044.jpg,160
167.Hooded_Warbler/Hooded_Warbler_0043_164864.jpg,166
027.Shiny_Cowbird/Shiny_Cowbird_0045_796856.jpg,26
012.Yellow_headed_Blackbird/Yellow_Headed_Blackbird_0070_8583.jpg,11
157.Yellow_throated_Vireo/Yellow_Throated_Vireo_0008_159573.jpg,156
084.Red_legged_Kittiwake/Red_Legged_Kittiwake_0068_795430.jpg,83
179.Tennessee_Warbler/Tennessee_Warbler_0015_174847.jpg,178
139.Scarlet_Tanager/Scarlet_Tanager_0053_138940.jpg,138
098.Scott_Oriole/Scott_Oriole_0023_795835.jpg,97
195.Carolina_Wren/Carolina_Wren_0029_186212.jpg,194
116.Chipping_Sparrow/Chipping_Sparrow_0011_108081.jpg,115
182.Yellow_Warbler/Yellow_Warbler_0083_176292.jpg,181
099.Ovenbird/Ovenbird_0050_92672.jpg,98
108.White_necked_Raven/White_Necked_Raven_0002_797370.jpg,107
182.Yellow_Warbler/Yellow_Warbler_0043_176247.jpg,181
026.Bronzed_Cowbird/Bronzed_Cowbird_0055_24076.jpg,25
103.Sayornis/Sayornis_0056_99553.jpg,102
160.Black_throated_Blue_Warbler/Black_Throated_Blue_Warbler_0053_161684.jpg,159
040.Olive_sided_Flycatcher/Olive_Sided_Flycatcher_0020_796881.jpg,39
062.Herring_Gull/Herring_Gull_0116_47222.jpg,61
019.Gray_Catbird/Gray_Catbird_0125_19833.jpg,18
048.European_Goldfinch/European_Goldfinch_0078_33170.jpg,47
163.Cape_May_Warbler/Cape_May_Warbler_0077_162979.jpg,162
190.Red_cockaded_Woodpecker/Red_Cockaded_Woodpecker_0055_182520.jpg,189
139.Scarlet_Tanager/Scarlet_Tanager_0132_138001.jpg,138
070.Green_Violetear/Green_Violetear_0013_795684.jpg,69
166.Golden_winged_Warbler/Golden_Winged_Warbler_0011_794812.jpg,165
138.Tree_Swallow/Tree_Swallow_0108_135068.jpg,137
043.Yellow_bellied_Flycatcher/Yellow_Bellied_Flycatcher_0051_795470.jpg,42
135.Bank_Swallow/Bank_Swallow_0023_129878.jpg,134
013.Bobolink/Bobolink_0019_10552.jpg,12
195.Carolina_Wren/Carolina_Wren_0117_186916.jpg,194
181.Worm_eating_Warbler/Worm_Eating_Warbler_0034_795560.jpg,180
101.White_Pelican/White_Pelican_0013_96901.jpg,100
018.Spotted_Catbird/Spotted_Catbird_0006_796823.jpg,17
098.Scott_Oriole/Scott_Oriole_0003_92247.jpg,97
009.Brewer_Blackbird/Brewer_Blackbird_0064_2290.jpg,8
006.Least_Auklet/Least_Auklet_0043_795067.jpg,5
141.Artic_Tern/Artic_Tern_0050_140887.jpg,140
113.Baird_Sparrow/Baird_Sparrow_0016_794556.jpg,112
199.Winter_Wren/Winter_Wren_0044_190068.jpg,198
013.Bobolink/Bobolink_0133_9618.jpg,12
168.Kentucky_Warbler/Kentucky_Warbler_0055_165426.jpg,167
046.Gadwall/Gadwall_0029_31637.jpg,45
003.Sooty_Albatross/Sooty_Albatross_0019_796391.jpg,2
124.Le_Conte_Sparrow/Le_Conte_Sparrow_0045_795162.jpg,123
129.Song_Sparrow/Song_Sparrow_0044_121931.jpg,128
036.Northern_Flicker/Northern_Flicker_0085_28378.jpg,35
111.Loggerhead_Shrike/Loggerhead_Shrike_0048_106215.jpg,110
049.Boat_tailed_Grackle/Boat_Tailed_Grackle_0016_33770.jpg,48
095.Baltimore_Oriole/Baltimore_Oriole_0024_89720.jpg,94
083.White_breasted_Kingfisher/White_Breasted_Kingfisher_0036_73403.jpg,82
086.Pacific_Loon/Pacific_Loon_0052_75451.jpg,85
121.Grasshopper_Sparrow/Grasshopper_Sparrow_0064_116106.jpg,120
050.Eared_Grebe/Eared_Grebe_0067_34416.jpg,49
194.Cactus_Wren/Cactus_Wren_0103_185506.jpg,193
136.Barn_Swallow/Barn_Swallow_0078_130385.jpg,135
140.Summer_Tanager/Summer_Tanager_0111_139605.jpg,139
041.Scissor_tailed_Flycatcher/Scissor_Tailed_Flycatcher_0109_41720.jpg,40
077.Tropical_Kingbird/Tropical_Kingbird_0057_69283.jpg,76
177.Prothonotary_Warbler/Prothonotary_Warbler_0058_173440.jpg,176
016.Painted_Bunting/Painted_Bunting_0039_15235.jpg,15
120.Fox_Sparrow/Fox_Sparrow_0104_114908.jpg,119
105.Whip_poor_Will/Whip_Poor_Will_0026_100456.jpg,104
012.Yellow_headed_Blackbird/Yellow_Headed_Blackbird_0041_8264.jpg,11
172.Nashville_Warbler/Nashville_Warbler_0129_167053.jpg,171
155.Warbling_Vireo/Warbling_Vireo_0029_158679.jpg,154
041.Scissor_tailed_Flycatcher/Scissor_Tailed_Flycatcher_0088_41700.jpg,40
058.Pigeon_Guillemot/Pigeon_Guillemot_0098_39902.jpg,57
162.Canada_Warbler/Canada_Warbler_0021_162325.jpg,161
129.Song_Sparrow/Song_Sparrow_0086_121999.jpg,128
116.Chipping_Sparrow/Chipping_Sparrow_0005_108931.jpg,115
023.Brandt_Cormorant/Brandt_Cormorant_0072_23069.jpg,22
166.Golden_winged_Warbler/Golden_Winged_Warbler_0018_164558.jpg,165
007.Parakeet_Auklet/Parakeet_Auklet_0024_2045.jpg,6
061.Heermann_Gull/Heermann_Gull_0130_45700.jpg,60
092.Nighthawk/Nighthawk_0063_795339.jpg,91
161.Blue_winged_Warbler/Blue_Winged_Warbler_0034_161861.jpg,160
178.Swainson_Warbler/Swainson_Warbler_0043_794865.jpg,177
064.Ring_billed_Gull/Ring_Billed_Gull_0114_50214.jpg,63
107.Common_Raven/Common_Raven_0017_102044.jpg,106
187.American_Three_toed_Woodpecker/American_Three_Toed_Woodpecker_0016_179927.jpg,186
180.Wilson_Warbler/Wilson_Warbler_0050_175573.jpg,179
069.Rufous_Hummingbird/Rufous_Hummingbird_0109_60021.jpg,68
097.Orchard_Oriole/Orchard_Oriole_0033_91532.jpg,96
053.Western_Grebe/Western_Grebe_0007_36074.jpg,52
014.Indigo_Bunting/Indigo_Bunting_0024_13523.jpg,13
133.White_throated_Sparrow/White_Throated_Sparrow_0034_129054.jpg,132
020.Yellow_breasted_Chat/Yellow_Breasted_Chat_0098_21987.jpg,19
057.Rose_breasted_Grosbeak/Rose_Breasted_Grosbeak_0042_39158.jpg,56
175.Pine_Warbler/Pine_Warbler_0025_171110.jpg,174
115.Brewer_Sparrow/Brewer_Sparrow_0012_107411.jpg,114
015.Lazuli_Bunting/Lazuli_Bunting_0010_14915.jpg,14
022.Chuck_will_Widow/Chuck_Will_Widow_0002_796959.jpg,21
167.Hooded_Warbler/Hooded_Warbler_0040_165173.jpg,166
184.Louisiana_Waterthrush/Louisiana_Waterthrush_0049_795244.jpg,183
168.Kentucky_Warbler/Kentucky_Warbler_0066_165290.jpg,167
164.Cerulean_Warbler/Cerulean_Warbler_0035_163269.jpg,163
129.Song_Sparrow/Song_Sparrow_0088_121615.jpg,128
103.Sayornis/Sayornis_0114_98976.jpg,102
177.Prothonotary_Warbler/Prothonotary_Warbler_0083_173929.jpg,176
023.Brandt_Cormorant/Brandt_Cormorant_0062_23038.jpg,22
090.Red_breasted_Merganser/Red_Breasted_Merganser_0074_79497.jpg,89
034.Gray_crowned_Rosy_Finch/Gray_Crowned_Rosy_Finch_0015_797291.jpg,33
081.Pied_Kingfisher/Pied_Kingfisher_0073_72508.jpg,80
186.Cedar_Waxwing/Cedar_Waxwing_0041_179183.jpg,185
200.Common_Yellowthroat/Common_Yellowthroat_0003_190521.jpg,199
120.Fox_Sparrow/Fox_Sparrow_0086_115484.jpg,119
100.Brown_Pelican/Brown_Pelican_0111_93872.jpg,99
056.Pine_Grosbeak/Pine_Grosbeak_0097_38735.jpg,55
116.Chipping_Sparrow/Chipping_Sparrow_0033_109069.jpg,115
130.Tree_Sparrow/Tree_Sparrow_0100_122945.jpg,129
162.Canada_Warbler/Canada_Warbler_0048_162326.jpg,161
115.Brewer_Sparrow/Brewer_Sparrow_0066_107510.jpg,114
087.Mallard/Mallard_0052_76946.jpg,86
063.Ivory_Gull/Ivory_Gull_0027_48974.jpg,62
118.House_Sparrow/House_Sparrow_0046_112845.jpg,117
173.Orange_crowned_Warbler/Orange_Crowned_Warbler_0052_168013.jpg,172
034.Gray_crowned_Rosy_Finch/Gray_Crowned_Rosy_Finch_0068_27196.jpg,33
067.Anna_Hummingbird/Anna_Hummingbird_0050_56794.jpg,66
035.Purple_Finch/Purple_Finch_0114_27837.jpg,34
193.Bewick_Wren/Bewick_Wren_0042_184878.jpg,192
170.Mourning_Warbler/Mourning_Warbler_0064_166447.jpg,169
160.Black_throated_Blue_Warbler/Black_Throated_Blue_Warbler_0108_161714.jpg,159
060.Glaucous_winged_Gull/Glaucous_Winged_Gull_0067_45156.jpg,59
038.Great_Crested_Flycatcher/Great_Crested_Flycatcher_0082_29445.jpg,37
143.Caspian_Tern/Caspian_Tern_0117_146009.jpg,142
159.Black_and_white_Warbler/Black_And_White_Warbler_0022_160512.jpg,158
012.Yellow_headed_Blackbird/Yellow_Headed_Blackbird_0017_8511.jpg,11
092.Nighthawk/Nighthawk_0051_82619.jpg,91
099.Ovenbird/Ovenbird_0054_92594.jpg,98
167.Hooded_Warbler/Hooded_Warbler_0001_164704.jpg,166
003.Sooty_Albatross/Sooty_Albatross_0016_1075.jpg,2
061.Heermann_Gull/Heermann_Gull_0098_45753.jpg,60
117.Clay_colored_Sparrow/Clay_Colored_Sparrow_0003_110672.jpg,116
011.Rusty_Blackbird/Rusty_Blackbird_0036_6550.jpg,10
064.Ring_billed_Gull/Ring_Billed_Gull_0050_51567.jpg,63
171.Myrtle_Warbler/Myrtle_Warbler_0023_166764.jpg,170
190.Red_cockaded_Woodpecker/Red_Cockaded_Woodpecker_0020_182683.jpg,189
040.Olive_sided_Flycatcher/Olive_Sided_Flycatcher_0054_30732.jpg,39
130.Tree_Sparrow/Tree_Sparrow_0046_125344.jpg,129
033.Yellow_billed_Cuckoo/Yellow_Billed_Cuckoo_0009_26656.jpg,32
178.Swainson_Warbler/Swainson_Warbler_0044_794894.jpg,177
095.Baltimore_Oriole/Baltimore_Oriole_0064_89554.jpg,94
190.Red_cockaded_Woodpecker/Red_Cockaded_Woodpecker_0004_182340.jpg,189
075.Green_Jay/Green_Jay_0044_66228.jpg,74
032.Mangrove_Cuckoo/Mangrove_Cuckoo_0038_794600.jpg,31
089.Hooded_Merganser/Hooded_Merganser_0057_796742.jpg,88
151.Black_capped_Vireo/Black_Capped_Vireo_0008_797454.jpg,150
036.Northern_Flicker/Northern_Flicker_0035_28332.jpg,35
055.Evening_Grosbeak/Evening_Grosbeak_0069_37684.jpg,54
175.Pine_Warbler/Pine_Warbler_0017_171678.jpg,174
039.Least_Flycatcher/Least_Flycatcher_0024_30230.jpg,38
125.Lincoln_Sparrow/Lincoln_Sparrow_0108_117773.jpg,124
086.Pacific_Loon/Pacific_Loon_0006_75386.jpg,85
071.Long_tailed_Jaeger/Long_Tailed_Jaeger_0058_60900.jpg,70
018.Spotted_Catbird/Spotted_Catbird_0030_796801.jpg,17
142.Black_Tern/Black_Tern_0077_144117.jpg,141
114.Black_throated_Sparrow/Black_Throated_Sparrow_0078_107298.jpg,113
077.Tropical_Kingbird/Tropical_Kingbird_0018_69619.jpg,76
125.Lincoln_Sparrow/Lincoln_Sparrow_0058_117503.jpg,124
188.Pileated_Woodpecker/Pileated_Woodpecker_0038_180300.jpg,187
164.Cerulean_Warbler/Cerulean_Warbler_0039_163420.jpg,163
128.Seaside_Sparrow/Seaside_Sparrow_0036_120785.jpg,127
171.Myrtle_Warbler/Myrtle_Warbler_0059_166946.jpg,170
121.Grasshopper_Sparrow/Grasshopper_Sparrow_0114_116160.jpg,120
069.Rufous_Hummingbird/Rufous_Hummingbird_0060_58986.jpg,68
193.Bewick_Wren/Bewick_Wren_0110_185216.jpg,192
191.Red_headed_Woodpecker/Red_Headed_Woodpecker_0081_182811.jpg,190
129.Song_Sparrow/Song_Sparrow_0090_121057.jpg,128
189.Red_bellied_Woodpecker/Red_Bellied_Woodpecker_0012_181765.jpg,188
090.Red_breasted_Merganser/Red_Breasted_Merganser_0033_79353.jpg,89
185.Bohemian_Waxwing/Bohemian_Waxwing_0092_796666.jpg,184
062.Herring_Gull/Herring_Gull_0024_48309.jpg,61
113.Baird_Sparrow/Baird_Sparrow_0029_794583.jpg,112
093.Clark_Nutcracker/Clark_Nutcracker_0075_85715.jpg,92
135.Bank_Swallow/Bank_Swallow_0062_129548.jpg,134
184.Louisiana_Waterthrush/Louisiana_Waterthrush_0062_177285.jpg,183
106.Horned_Puffin/Horned_Puffin_0001_100973.jpg,105
019.Gray_Catbird/Gray_Catbird_0001_20695.jpg,18
050.Eared_Grebe/Eared_Grebe_0004_34277.jpg,49
035.Purple_Finch/Purple_Finch_0071_27443.jpg,34
073.Blue_Jay/Blue_Jay_0010_61939.jpg,72
057.Rose_breasted_Grosbeak/Rose_Breasted_Grosbeak_0125_39597.jpg,56
144.Common_Tern/Common_Tern_0085_147937.jpg,143
116.Chipping_Sparrow/Chipping_Sparrow_0063_108139.jpg,115
055.Evening_Grosbeak/Evening_Grosbeak_0102_37927.jpg,54
074.Florida_Jay/Florida_Jay_0002_64476.jpg,73
172.Nashville_Warbler/Nashville_Warbler_0108_167259.jpg,171
029.American_Crow/American_Crow_0012_25305.jpg,28
169.Magnolia_Warbler/Magnolia_Warbler_0090_166087.jpg,168
114.Black_throated_Sparrow/Black_Throated_Sparrow_0023_107104.jpg,113
069.Rufous_Hummingbird/Rufous_Hummingbird_0113_59444.jpg,68
085.Horned_Lark/Horned_Lark_0127_74414.jpg,84
145.Elegant_Tern/Elegant_Tern_0046_150905.jpg,144
012.Yellow_headed_Blackbird/Yellow_Headed_Blackbird_0089_8326.jpg,11
026.Bronzed_Cowbird/Bronzed_Cowbird_0053_24170.jpg,25
064.Ring_billed_Gull/Ring_Billed_Gull_0092_51521.jpg,63
021.Eastern_Towhee/Eastern_Towhee_0073_22247.jpg,20
109.American_Redstart/American_Redstart_0087_103371.jpg,108
074.Florida_Jay/Florida_Jay_0109_64558.jpg,73
161.Blue_winged_Warbler/Blue_Winged_Warbler_0075_161844.jpg,160
090.Red_breasted_Merganser/Red_Breasted_Merganser_0040_79207.jpg,89
143.Caspian_Tern/Caspian_Tern_0120_145650.jpg,142
007.Parakeet_Auklet/Parakeet_Auklet_0080_795965.jpg,6
191.Red_headed_Woodpecker/Red_Headed_Woodpecker_0063_183358.jpg,190
026.Bronzed_Cowbird/Bronzed_Cowbird_0089_796220.jpg,25
129.Song_Sparrow/Song_Sparrow_0040_121617.jpg,128
037.Acadian_Flycatcher/Acadian_Flycatcher_0019_795592.jpg,36
092.Nighthawk/Nighthawk_0055_83352.jpg,91
134.Cape_Glossy_Starling/Cape_Glossy_Starling_0017_129337.jpg,133
164.Cerulean_Warbler/Cerulean_Warbler_0018_797183.jpg,163
009.Brewer_Blackbird/Brewer_Blackbird_0097_2322.jpg,8
056.Pine_Grosbeak/Pine_Grosbeak_0036_38968.jpg,55
146.Forsters_Tern/Forsters_Tern_0119_152709.jpg,145
067.Anna_Hummingbird/Anna_Hummingbird_0112_56353.jpg,66
009.Brewer_Blackbird/Brewer_Blackbird_0140_2586.jpg,8
105.Whip_poor_Will/Whip_Poor_Will_0008_796420.jpg,104
109.American_Redstart/American_Redstart_0085_103155.jpg,108
051.Horned_Grebe/Horned_Grebe_0033_34736.jpg,50
135.Bank_Swallow/Bank_Swallow_0030_129560.jpg,134
079.Belted_Kingfisher/Belted_Kingfisher_0085_70503.jpg,78
145.Elegant_Tern/Elegant_Tern_0076_150519.jpg,144
033.Yellow_billed_Cuckoo/Yellow_Billed_Cuckoo_0048_26632.jpg,32
003.Sooty_Albatross/Sooty_Albatross_0045_1162.jpg,2
004.Groove_billed_Ani/Groove_Billed_Ani_0055_1501.jpg,3
020.Yellow_breasted_Chat/Yellow_Breasted_Chat_0012_21961.jpg,19
055.Evening_Grosbeak/Evening_Grosbeak_0044_37938.jpg,54
191.Red_headed_Woodpecker/Red_Headed_Woodpecker_0057_183234.jpg,190
128.Seaside_Sparrow/Seaside_Sparrow_0011_120820.jpg,127
122.Harris_Sparrow/Harris_Sparrow_0038_116610.jpg,121
027.Shiny_Cowbird/Shiny_Cowbird_0086_24386.jpg,26
183.Northern_Waterthrush/Northern_Waterthrush_0013_177343.jpg,182
033.Yellow_billed_Cuckoo/Yellow_Billed_Cuckoo_0082_26655.jpg,32
106.Horned_Puffin/Horned_Puffin_0028_100765.jpg,105
118.House_Sparrow/House_Sparrow_0030_111387.jpg,117
158.Bay_breasted_Warbler/Bay_Breasted_Warbler_0026_159744.jpg,157
129.Song_Sparrow/Song_Sparrow_0036_121679.jpg,128
041.Scissor_tailed_Flycatcher/Scissor_Tailed_Flycatcher_0023_42117.jpg,40
189.Red_bellied_Woodpecker/Red_Bellied_Woodpecker_0086_181891.jpg,188
078.Gray_Kingbird/Gray_Kingbird_0023_795035.jpg,77
075.Green_Jay/Green_Jay_0086_65847.jpg,74
200.Common_Yellowthroat/Common_Yellowthroat_0009_190578.jpg,199
125.Lincoln_Sparrow/Lincoln_Sparrow_0050_117744.jpg,124
180.Wilson_Warbler/Wilson_Warbler_0117_175262.jpg,179
032.Mangrove_Cuckoo/Mangrove_Cuckoo_0051_794627.jpg,31
182.Yellow_Warbler/Yellow_Warbler_0102_176821.jpg,181
076.Dark_eyed_Junco/Dark_Eyed_Junco_0090_69051.jpg,75
085.Horned_Lark/Horned_Lark_0076_73931.jpg,84
062.Herring_Gull/Herring_Gull_0100_46677.jpg,61
181.Worm_eating_Warbler/Worm_Eating_Warbler_0049_795561.jpg,180
011.Rusty_Blackbird/Rusty_Blackbird_0033_6879.jpg,10
119.Field_Sparrow/Field_Sparrow_0125_113869.jpg,118
103.Sayornis/Sayornis_0066_98309.jpg,102
004.Groove_billed_Ani/Groove_Billed_Ani_0002_1670.jpg,3
068.Ruby_throated_Hummingbird/Ruby_Throated_Hummingbird_0049_57891.jpg,67
110.Geococcyx/Geococcyx_0117_104227.jpg,109
126.Nelson_Sharp_tailed_Sparrow/Nelson_Sharp_Tailed_Sparrow_0062_796919.jpg,125
001.Black_footed_Albatross/Black_Footed_Albatross_0039_796132.jpg,0
183.Northern_Waterthrush/Northern_Waterthrush_0055_177114.jpg,182
123.Henslow_Sparrow/Henslow_Sparrow_0037_796579.jpg,122
189.Red_bellied_Woodpecker/Red_Bellied_Woodpecker_0073_180994.jpg,188
179.Tennessee_Warbler/Tennessee_Warbler_0043_175003.jpg,178
086.Pacific_Loon/Pacific_Loon_0035_75395.jpg,85
043.Yellow_bellied_Flycatcher/Yellow_Bellied_Flycatcher_0063_42704.jpg,42
122.Harris_Sparrow/Harris_Sparrow_0073_116577.jpg,121
130.Tree_Sparrow/Tree_Sparrow_0123_125324.jpg,129
073.Blue_Jay/Blue_Jay_0051_63339.jpg,72
118.House_Sparrow/House_Sparrow_0083_111470.jpg,117
011.Rusty_Blackbird/Rusty_Blackbird_0073_6744.jpg,10
167.Hooded_Warbler/Hooded_Warbler_0084_164944.jpg,166
124.Le_Conte_Sparrow/Le_Conte_Sparrow_0020_117035.jpg,123
067.Anna_Hummingbird/Anna_Hummingbird_0113_56296.jpg,66
056.Pine_Grosbeak/Pine_Grosbeak_0082_38552.jpg,55
035.Purple_Finch/Purple_Finch_0108_28143.jpg,34
025.Pelagic_Cormorant/Pelagic_Cormorant_0008_23602.jpg,24
165.Chestnut_sided_Warbler/Chestnut_Sided_Warbler_0126_164090.jpg,164
118.House_Sparrow/House_Sparrow_0119_111471.jpg,117
010.Red_winged_Blackbird/Red_Winged_Blackbird_0055_4345.jpg,9
049.Boat_tailed_Grackle/Boat_Tailed_Grackle_0050_33501.jpg,48
058.Pigeon_Guillemot/Pigeon_Guillemot_0026_40126.jpg,57
054.Blue_Grosbeak/Blue_Grosbeak_0033_36980.jpg,53
133.White_throated_Sparrow/White_Throated_Sparrow_0119_128827.jpg,132
170.Mourning_Warbler/Mourning_Warbler_0021_166560.jpg,169
088.Western_Meadowlark/Western_Meadowlark_0125_77850.jpg,87
034.Gray_crowned_Rosy_Finch/Gray_Crowned_Rosy_Finch_0016_27181.jpg,33
151.Black_capped_Vireo/Black_Capped_Vireo_0035_797471.jpg,150
186.Cedar_Waxwing/Cedar_Waxwing_0095_178163.jpg,185
046.Gadwall/Gadwall_0039_31013.jpg,45
025.Pelagic_Cormorant/Pelagic_Cormorant_0054_23812.jpg,24
040.Olive_sided_Flycatcher/Olive_Sided_Flycatcher_0023_796887.jpg,39
007.Parakeet_Auklet/Parakeet_Auklet_0069_795936.jpg,6
043.Yellow_bellied_Flycatcher/Yellow_Bellied_Flycatcher_0038_795477.jpg,42
185.Bohemian_Waxwing/Bohemian_Waxwing_0091_796634.jpg,184
124.Le_Conte_Sparrow/Le_Conte_Sparrow_0016_795223.jpg,123
044.Frigatebird/Frigatebird_0001_43101.jpg,43
022.Chuck_will_Widow/Chuck_Will_Widow_0040_796976.jpg,21
151.Black_capped_Vireo/Black_Capped_Vireo_0020_797461.jpg,150
125.Lincoln_Sparrow/Lincoln_Sparrow_0038_117461.jpg,124
121.Grasshopper_Sparrow/Grasshopper_Sparrow_0040_115696.jpg,120
172.Nashville_Warbler/Nashville_Warbler_0092_167457.jpg,171
141.Artic_Tern/Artic_Tern_0026_141839.jpg,140
077.Tropical_Kingbird/Tropical_Kingbird_0098_69642.jpg,76
046.Gadwall/Gadwall_0031_30935.jpg,45
176.Prairie_Warbler/Prairie_Warbler_0075_172709.jpg,175
025.Pelagic_Cormorant/Pelagic_Cormorant_0064_23641.jpg,24
011.Rusty_Blackbird/Rusty_Blackbird_0093_6628.jpg,10
072.Pomarine_Jaeger/Pomarine_Jaeger_0055_795762.jpg,71
171.Myrtle_Warbler/Myrtle_Warbler_0050_166820.jpg,170
173.Orange_crowned_Warbler/Orange_Crowned_Warbler_0055_168600.jpg,172
048.European_Goldfinch/European_Goldfinch_0103_794664.jpg,47
121.Grasshopper_Sparrow/Grasshopper_Sparrow_0039_115980.jpg,120
023.Brandt_Cormorant/Brandt_Cormorant_0087_23126.jpg,22
002.Laysan_Albatross/Laysan_Albatross_0073_927.jpg,1
186.Cedar_Waxwing/Cedar_Waxwing_0130_178308.jpg,185
140.Summer_Tanager/Summer_Tanager_0088_139473.jpg,139
056.Pine_Grosbeak/Pine_Grosbeak_0111_38741.jpg,55
024.Red_faced_Cormorant/Red_Faced_Cormorant_0056_796297.jpg,23
020.Yellow_breasted_Chat/Yellow_Breasted_Chat_0090_21931.jpg,19
053.Western_Grebe/Western_Grebe_0080_36310.jpg,52
166.Golden_winged_Warbler/Golden_Winged_Warbler_0030_164462.jpg,165
031.Black_billed_Cuckoo/Black_Billed_Cuckoo_0081_26209.jpg,30
077.Tropical_Kingbird/Tropical_Kingbird_0064_69889.jpg,76
049.Boat_tailed_Grackle/Boat_Tailed_Grackle_0017_33480.jpg,48
055.Evening_Grosbeak/Evening_Grosbeak_0065_37296.jpg,54
083.White_breasted_Kingfisher/White_Breasted_Kingfisher_0032_73248.jpg,82
048.European_Goldfinch/European_Goldfinch_0098_33152.jpg,47
039.Least_Flycatcher/Least_Flycatcher_0021_30355.jpg,38
031.Black_billed_Cuckoo/Black_Billed_Cuckoo_0096_26204.jpg,30
098.Scott_Oriole/Scott_Oriole_0019_795815.jpg,97
041.Scissor_tailed_Flycatcher/Scissor_Tailed_Flycatcher_0115_42137.jpg,40
009.Brewer_Blackbird/Brewer_Blackbird_0079_2343.jpg,8
193.Bewick_Wren/Bewick_Wren_0068_184895.jpg,192
178.Swainson_Warbler/Swainson_Warbler_0021_794898.jpg,177
133.White_throated_Sparrow/White_Throated_Sparrow_0108_129184.jpg,132
038.Great_Crested_Flycatcher/Great_Crested_Flycatcher_0048_29586.jpg,37
127.Savannah_Sparrow/Savannah_Sparrow_0049_119596.jpg,126
072.Pomarine_Jaeger/Pomarine_Jaeger_0038_61446.jpg,71
154.Red_eyed_Vireo/Red_Eyed_Vireo_0062_157324.jpg,153
159.Black_and_white_Warbler/Black_And_White_Warbler_0065_160111.jpg,158
052.Pied_billed_Grebe/Pied_Billed_Grebe_0076_35432.jpg,51
195.Carolina_Wren/Carolina_Wren_0122_186365.jpg,194
198.Rock_Wren/Rock_Wren_0001_189289.jpg,197
139.Scarlet_Tanager/Scarlet_Tanager_0100_138006.jpg,138
077.Tropical_Kingbird/Tropical_Kingbird_0102_69654.jpg,76
189.Red_bellied_Woodpecker/Red_Bellied_Woodpecker_0099_180766.jpg,188
195.Carolina_Wren/Carolina_Wren_0107_186972.jpg,194
015.Lazuli_Bunting/Lazuli_Bunting_0041_15152.jpg,14
065.Slaty_backed_Gull/Slaty_Backed_Gull_0021_796008.jpg,64
069.Rufous_Hummingbird/Rufous_Hummingbird_0035_59434.jpg,68
086.Pacific_Loon/Pacific_Loon_0046_75439.jpg,85
048.European_Goldfinch/European_Goldfinch_0046_33307.jpg,47
007.Parakeet_Auklet/Parakeet_Auklet_0042_795961.jpg,6
088.Western_Meadowlark/Western_Meadowlark_0040_77823.jpg,87
001.Black_footed_Albatross/Black_Footed_Albatross_0067_170.jpg,0
077.Tropical_Kingbird/Tropical_Kingbird_0122_69687.jpg,76
010.Red_winged_Blackbird/Red_Winged_Blackbird_0081_6081.jpg,9
197.Marsh_Wren/Marsh_Wren_0033_188778.jpg,196
186.Cedar_Waxwing/Cedar_Waxwing_0101_179707.jpg,185
066.Western_Gull/Western_Gull_0022_54607.jpg,65
020.Yellow_breasted_Chat/Yellow_Breasted_Chat_0097_21748.jpg,19
165.Chestnut_sided_Warbler/Chestnut_Sided_Warbler_0069_163921.jpg,164
144.Common_Tern/Common_Tern_0033_148675.jpg,143
151.Black_capped_Vireo/Black_Capped_Vireo_0012_797473.jpg,150
083.White_breasted_Kingfisher/White_Breasted_Kingfisher_0011_73267.jpg,82
066.Western_Gull/Western_Gull_0028_55680.jpg,65
024.Red_faced_Cormorant/Red_Faced_Cormorant_0070_796319.jpg,23
034.Gray_crowned_Rosy_Finch/Gray_Crowned_Rosy_Finch_0071_797285.jpg,33
042.Vermilion_Flycatcher/Vermilion_Flycatcher_0022_42559.jpg,41
199.Winter_Wren/Winter_Wren_0087_190135.jpg,198
116.Chipping_Sparrow/Chipping_Sparrow_0080_108685.jpg,115
144.Common_Tern/Common_Tern_0062_147947.jpg,143
016.Painted_Bunting/Painted_Bunting_0100_16735.jpg,15
042.Vermilion_Flycatcher/Vermilion_Flycatcher_0071_42429.jpg,41
138.Tree_Swallow/Tree_Swallow_0041_136439.jpg,137
130.Tree_Sparrow/Tree_Sparrow_0129_124960.jpg,129
130.Tree_Sparrow/Tree_Sparrow_0060_123743.jpg,129
016.Painted_Bunting/Painted_Bunting_0028_15205.jpg,15
043.Yellow_bellied_Flycatcher/Yellow_Bellied_Flycatcher_0057_795485.jpg,42
121.Grasshopper_Sparrow/Grasshopper_Sparrow_0073_115996.jpg,120
020.Yellow_breasted_Chat/Yellow_Breasted_Chat_0094_21693.jpg,19
045.Northern_Fulmar/Northern_Fulmar_0066_43714.jpg,44
032.Mangrove_Cuckoo/Mangrove_Cuckoo_0012_26382.jpg,31
016.Painted_Bunting/Painted_Bunting_0093_15212.jpg,15
023.Brandt_Cormorant/Brandt_Cormorant_0023_23254.jpg,22
059.California_Gull/California_Gull_0066_41188.jpg,58
128.Seaside_Sparrow/Seaside_Sparrow_0042_796528.jpg,127
126.Nelson_Sharp_tailed_Sparrow/Nelson_Sharp_Tailed_Sparrow_0066_118088.jpg,125
169.Magnolia_Warbler/Magnolia_Warbler_0030_165782.jpg,168
150.Sage_Thrasher/Sage_Thrasher_0051_155464.jpg,149
079.Belted_Kingfisher/Belted_Kingfisher_0013_70753.jpg,78
020.Yellow_breasted_Chat/Yellow_Breasted_Chat_0100_21913.jpg,19
061.Heermann_Gull/Heermann_Gull_0079_45468.jpg,60
155.Warbling_Vireo/Warbling_Vireo_0016_158681.jpg,154
028.Brown_Creeper/Brown_Creeper_0059_25010.jpg,27
125.Lincoln_Sparrow/Lincoln_Sparrow_0079_117919.jpg,124
176.Prairie_Warbler/Prairie_Warbler_0086_172534.jpg,175
141.Artic_Tern/Artic_Tern_0065_141472.jpg,140
026.Bronzed_Cowbird/Bronzed_Cowbird_0092_796215.jpg,25
196.House_Wren/House_Wren_0126_187647.jpg,195
001.Black_footed_Albatross/Black_Footed_Albatross_0014_89.jpg,0
158.Bay_breasted_Warbler/Bay_Breasted_Warbler_0011_159736.jpg,157
114.Black_throated_Sparrow/Black_Throated_Sparrow_0046_107339.jpg,113
073.Blue_Jay/Blue_Jay_0070_63684.jpg,72
188.Pileated_Woodpecker/Pileated_Woodpecker_0112_180439.jpg,187
082.Ringed_Kingfisher/Ringed_Kingfisher_0042_72913.jpg,81
192.Downy_Woodpecker/Downy_Woodpecker_0031_184120.jpg,191
166.Golden_winged_Warbler/Golden_Winged_Warbler_0059_794855.jpg,165
068.Ruby_throated_Hummingbird/Ruby_Throated_Hummingbird_0001_58162.jpg,67
012.Yellow_headed_Blackbird/Yellow_Headed_Blackbird_0040_7514.jpg,11
032.Mangrove_Cuckoo/Mangrove_Cuckoo_0019_794621.jpg,31
036.Northern_Flicker/Northern_Flicker_0095_28938.jpg,35
149.Brown_Thrasher/Brown_Thrasher_0009_155221.jpg,148
138.Tree_Swallow/Tree_Swallow_0049_134740.jpg,137
038.Great_Crested_Flycatcher/Great_Crested_Flycatcher_0084_29716.jpg,37
067.Anna_Hummingbird/Anna_Hummingbird_0118_55773.jpg,66
123.Henslow_Sparrow/Henslow_Sparrow_0002_116930.jpg,122
190.Red_cockaded_Woodpecker/Red_Cockaded_Woodpecker_0028_182395.jpg,189
147.Least_Tern/Least_Tern_0062_153259.jpg,146
125.Lincoln_Sparrow/Lincoln_Sparrow_0083_117272.jpg,124
118.House_Sparrow/House_Sparrow_0108_112963.jpg,117
185.Bohemian_Waxwing/Bohemian_Waxwing_0002_177986.jpg,184
153.Philadelphia_Vireo/Philadelphia_Vireo_0087_794767.jpg,152
166.Golden_winged_Warbler/Golden_Winged_Warbler_0079_794820.jpg,165
072.Pomarine_Jaeger/Pomarine_Jaeger_0061_795788.jpg,71
023.Brandt_Cormorant/Brandt_Cormorant_0009_22890.jpg,22
186.Cedar_Waxwing/Cedar_Waxwing_0054_178141.jpg,185
118.House_Sparrow/House_Sparrow_0053_111388.jpg,117
160.Black_throated_Blue_Warbler/Black_Throated_Blue_Warbler_0054_161158.jpg,159
034.Gray_crowned_Rosy_Finch/Gray_Crowned_Rosy_Finch_0075_27165.jpg,33
054.Blue_Grosbeak/Blue_Grosbeak_0051_37065.jpg,53
053.Western_Grebe/Western_Grebe_0046_36118.jpg,52
012.Yellow_headed_Blackbird/Yellow_Headed_Blackbird_0057_8236.jpg,11
177.Prothonotary_Warbler/Prothonotary_Warbler_0064_174106.jpg,176
125.Lincoln_Sparrow/Lincoln_Sparrow_0088_117634.jpg,124
128.Seaside_Sparrow/Seaside_Sparrow_0064_120813.jpg,127
063.Ivory_Gull/Ivory_Gull_0107_49186.jpg,62
154.Red_eyed_Vireo/Red_Eyed_Vireo_0002_156470.jpg,153
024.Red_faced_Cormorant/Red_Faced_Cormorant_0042_796277.jpg,23
056.Pine_Grosbeak/Pine_Grosbeak_0058_38431.jpg,55
100.Brown_Pelican/Brown_Pelican_0121_94067.jpg,99
174.Palm_Warbler/Palm_Warbler_0040_169922.jpg,173
013.Bobolink/Bobolink_0092_10026.jpg,12
112.Great_Grey_Shrike/Great_Grey_Shrike_0042_797056.jpg,111
041.Scissor_tailed_Flycatcher/Scissor_Tailed_Flycatcher_0110_42136.jpg,40
126.Nelson_Sharp_tailed_Sparrow/Nelson_Sharp_Tailed_Sparrow_0058_118023.jpg,125
127.Savannah_Sparrow/Savannah_Sparrow_0066_119949.jpg,126
165.Chestnut_sided_Warbler/Chestnut_Sided_Warbler_0105_163996.jpg,164
008.Rhinoceros_Auklet/Rhinoceros_Auklet_0030_797509.jpg,7
096.Hooded_Oriole/Hooded_Oriole_0069_90981.jpg,95
040.Olive_sided_Flycatcher/Olive_Sided_Flycatcher_0080_30515.jpg,39
165.Chestnut_sided_Warbler/Chestnut_Sided_Warbler_0053_163615.jpg,164
101.White_Pelican/White_Pelican_0032_96920.jpg,100
178.Swainson_Warbler/Swainson_Warbler_0002_174683.jpg,177
037.Acadian_Flycatcher/Acadian_Flycatcher_0056_29086.jpg,36
132.White_crowned_Sparrow/White_Crowned_Sparrow_0107_128662.jpg,131
082.Ringed_Kingfisher/Ringed_Kingfisher_0016_73029.jpg,81
200.Common_Yellowthroat/Common_Yellowthroat_0037_190698.jpg,199
066.Western_Gull/Western_Gull_0089_55306.jpg,65
179.Tennessee_Warbler/Tennessee_Warbler_0067_174999.jpg,178
102.Western_Wood_Pewee/Western_Wood_Pewee_0012_98031.jpg,101
157.Yellow_throated_Vireo/Yellow_Throated_Vireo_0075_795004.jpg,156
099.Ovenbird/Ovenbird_0032_93199.jpg,98
153.Philadelphia_Vireo/Philadelphia_Vireo_0070_794758.jpg,152
167.Hooded_Warbler/Hooded_Warbler_0087_164833.jpg,166
200.Common_Yellowthroat/Common_Yellowthroat_0122_190570.jpg,199
101.White_Pelican/White_Pelican_0068_95635.jpg,100
075.Green_Jay/Green_Jay_0095_65881.jpg,74
072.Pomarine_Jaeger/Pomarine_Jaeger_0046_61301.jpg,71
179.Tennessee_Warbler/Tennessee_Warbler_0021_174761.jpg,178
136.Barn_Swallow/Barn_Swallow_0026_132386.jpg,135
005.Crested_Auklet/Crested_Auklet_0018_1817.jpg,4
024.Red_faced_Cormorant/Red_Faced_Cormorant_0048_796296.jpg,23
012.Yellow_headed_Blackbird/Yellow_Headed_Blackbird_0086_8487.jpg,11
004.Groove_billed_Ani/Groove_Billed_Ani_0004_1528.jpg,3
122.Harris_Sparrow/Harris_Sparrow_0025_116648.jpg,121
140.Summer_Tanager/Summer_Tanager_0120_140060.jpg,139
145.Elegant_Tern/Elegant_Tern_0008_145044.jpg,144
062.Herring_Gull/Herring_Gull_0034_48824.jpg,61
023.Brandt_Cormorant/Brandt_Cormorant_0017_23141.jpg,22
031.Black_billed_Cuckoo/Black_Billed_Cuckoo_0070_795310.jpg,30
024.Red_faced_Cormorant/Red_Faced_Cormorant_0062_796336.jpg,23
145.Elegant_Tern/Elegant_Tern_0047_150626.jpg,144
045.Northern_Fulmar/Northern_Fulmar_0046_43760.jpg,44
119.Field_Sparrow/Field_Sparrow_0059_113759.jpg,118
049.Boat_tailed_Grackle/Boat_Tailed_Grackle_0070_33612.jpg,48
015.Lazuli_Bunting/Lazuli_Bunting_0080_14893.jpg,14
177.Prothonotary_Warbler/Prothonotary_Warbler_0037_173418.jpg,176
185.Bohemian_Waxwing/Bohemian_Waxwing_0015_177816.jpg,184
105.Whip_poor_Will/Whip_Poor_Will_0012_796414.jpg,104
022.Chuck_will_Widow/Chuck_Will_Widow_0056_796996.jpg,21
150.Sage_Thrasher/Sage_Thrasher_0071_155642.jpg,149
077.Tropical_Kingbird/Tropical_Kingbird_0001_69958.jpg,76
197.Marsh_Wren/Marsh_Wren_0040_188252.jpg,196
189.Red_bellied_Woodpecker/Red_Bellied_Woodpecker_0002_180879.jpg,188
122.Harris_Sparrow/Harris_Sparrow_0052_116544.jpg,121
122.Harris_Sparrow/Harris_Sparrow_0023_116363.jpg,121
096.Hooded_Oriole/Hooded_Oriole_0096_90311.jpg,95
043.Yellow_bellied_Flycatcher/Yellow_Bellied_Flycatcher_0031_42580.jpg,42
160.Black_throated_Blue_Warbler/Black_Throated_Blue_Warbler_0043_161438.jpg,159
135.Bank_Swallow/Bank_Swallow_0002_129654.jpg,134
123.Henslow_Sparrow/Henslow_Sparrow_0006_796607.jpg,122
147.Least_Tern/Least_Tern_0052_154021.jpg,146
195.Carolina_Wren/Carolina_Wren_0024_186377.jpg,194
057.Rose_breasted_Grosbeak/Rose_Breasted_Grosbeak_0020_39152.jpg,56
110.Geococcyx/Geococcyx_0091_104301.jpg,109
149.Brown_Thrasher/Brown_Thrasher_0045_155182.jpg,148
038.Great_Crested_Flycatcher/Great_Crested_Flycatcher_0085_29812.jpg,37
183.Northern_Waterthrush/Northern_Waterthrush_0089_177167.jpg,182
161.Blue_winged_Warbler/Blue_Winged_Warbler_0032_162029.jpg,160
035.Purple_Finch/Purple_Finch_0092_27264.jpg,34
195.Carolina_Wren/Carolina_Wren_0056_186313.jpg,194
016.Painted_Bunting/Painted_Bunting_0066_15241.jpg,15
094.White_breasted_Nuthatch/White_Breasted_Nuthatch_0115_86760.jpg,93
200.Common_Yellowthroat/Common_Yellowthroat_0088_190594.jpg,199
193.Bewick_Wren/Bewick_Wren_0010_185142.jpg,192
139.Scarlet_Tanager/Scarlet_Tanager_0130_138661.jpg,138
176.Prairie_Warbler/Prairie_Warbler_0104_172615.jpg,175
025.Pelagic_Cormorant/Pelagic_Cormorant_0019_23546.jpg,24
185.Bohemian_Waxwing/Bohemian_Waxwing_0042_177887.jpg,184
054.Blue_Grosbeak/Blue_Grosbeak_0023_37069.jpg,53
107.Common_Raven/Common_Raven_0121_101744.jpg,106
093.Clark_Nutcracker/Clark_Nutcracker_0066_85390.jpg,92
070.Green_Violetear/Green_Violetear_0025_795692.jpg,69
022.Chuck_will_Widow/Chuck_Will_Widow_0049_22747.jpg,21
151.Black_capped_Vireo/Black_Capped_Vireo_0014_797462.jpg,150
046.Gadwall/Gadwall_0017_30979.jpg,45
172.Nashville_Warbler/Nashville_Warbler_0051_167250.jpg,171
035.Purple_Finch/Purple_Finch_0074_28101.jpg,34
180.Wilson_Warbler/Wilson_Warbler_0038_175449.jpg,179
020.Yellow_breasted_Chat/Yellow_Breasted_Chat_0106_22032.jpg,19
189.Red_bellied_Woodpecker/Red_Bellied_Woodpecker_0114_181092.jpg,188
010.Red_winged_Blackbird/Red_Winged_Blackbird_0005_5636.jpg,9
032.Mangrove_Cuckoo/Mangrove_Cuckoo_0005_794599.jpg,31
116.Chipping_Sparrow/Chipping_Sparrow_0012_108576.jpg,115
153.Philadelphia_Vireo/Philadelphia_Vireo_0067_156584.jpg,152
123.Henslow_Sparrow/Henslow_Sparrow_0023_796582.jpg,122
077.Tropical_Kingbird/Tropical_Kingbird_0041_69954.jpg,76
162.Canada_Warbler/Canada_Warbler_0024_162218.jpg,161
024.Red_faced_Cormorant/Red_Faced_Cormorant_0045_796324.jpg,23
065.Slaty_backed_Gull/Slaty_Backed_Gull_0081_53264.jpg,64
163.Cape_May_Warbler/Cape_May_Warbler_0032_162659.jpg,162
006.Least_Auklet/Least_Auklet_0020_795080.jpg,5
133.White_throated_Sparrow/White_Throated_Sparrow_0021_128804.jpg,132
002.Laysan_Albatross/Laysan_Albatross_0081_800.jpg,1
059.California_Gull/California_Gull_0109_41465.jpg,58
012.Yellow_headed_Blackbird/Yellow_Headed_Blackbird_0084_8435.jpg,11
072.Pomarine_Jaeger/Pomarine_Jaeger_0004_795796.jpg,71
162.Canada_Warbler/Canada_Warbler_0087_162342.jpg,161
127.Savannah_Sparrow/Savannah_Sparrow_0064_119316.jpg,126
125.Lincoln_Sparrow/Lincoln_Sparrow_0040_117721.jpg,124
187.American_Three_toed_Woodpecker/American_Three_Toed_Woodpecker_0015_179827.jpg,186
054.Blue_Grosbeak/Blue_Grosbeak_0094_36995.jpg,53
114.Black_throated_Sparrow/Black_Throated_Sparrow_0017_107355.jpg,113
095.Baltimore_Oriole/Baltimore_Oriole_0119_88022.jpg,94
060.Glaucous_winged_Gull/Glaucous_Winged_Gull_0126_44761.jpg,59
197.Marsh_Wren/Marsh_Wren_0109_188329.jpg,196
023.Brandt_Cormorant/Brandt_Cormorant_0080_23002.jpg,22
108.White_necked_Raven/White_Necked_Raven_0010_797350.jpg,107
108.White_necked_Raven/White_Necked_Raven_0026_797357.jpg,107
036.Northern_Flicker/Northern_Flicker_0050_28284.jpg,35
093.Clark_Nutcracker/Clark_Nutcracker_0112_85350.jpg,92
158.Bay_breasted_Warbler/Bay_Breasted_Warbler_0005_159739.jpg,157
157.Yellow_throated_Vireo/Yellow_Throated_Vireo_0025_795009.jpg,156
194.Cactus_Wren/Cactus_Wren_0108_185733.jpg,193
016.Painted_Bunting/Painted_Bunting_0002_16887.jpg,15
178.Swainson_Warbler/Swainson_Warbler_0025_794881.jpg,177
132.White_crowned_Sparrow/White_Crowned_Sparrow_0100_126267.jpg,131
179.Tennessee_Warbler/Tennessee_Warbler_0031_174802.jpg,178
071.Long_tailed_Jaeger/Long_Tailed_Jaeger_0008_797066.jpg,70
152.Blue_headed_Vireo/Blue_Headed_Vireo_0009_155953.jpg,151
080.Green_Kingfisher/Green_Kingfisher_0099_70942.jpg,79
117.Clay_colored_Sparrow/Clay_Colored_Sparrow_0104_110699.jpg,116
096.Hooded_Oriole/Hooded_Oriole_0125_90382.jpg,95
188.Pileated_Woodpecker/Pileated_Woodpecker_0051_179965.jpg,187
177.Prothonotary_Warbler/Prothonotary_Warbler_0021_173816.jpg,176
116.Chipping_Sparrow/Chipping_Sparrow_0079_110449.jpg,115
145.Elegant_Tern/Elegant_Tern_0070_147548.jpg,144
043.Yellow_bellied_Flycatcher/Yellow_Bellied_Flycatcher_0037_795500.jpg,42
060.Glaucous_winged_Gull/Glaucous_Winged_Gull_0023_45090.jpg,59
182.Yellow_Warbler/Yellow_Warbler_0013_176437.jpg,181
008.Rhinoceros_Auklet/Rhinoceros_Auklet_0008_797531.jpg,7
113.Baird_Sparrow/Baird_Sparrow_0030_794569.jpg,112
136.Barn_Swallow/Barn_Swallow_0084_130800.jpg,135
200.Common_Yellowthroat/Common_Yellowthroat_0104_190489.jpg,199
068.Ruby_throated_Hummingbird/Ruby_Throated_Hummingbird_0098_57514.jpg,67
028.Brown_Creeper/Brown_Creeper_0058_24933.jpg,27
052.Pied_billed_Grebe/Pied_Billed_Grebe_0068_35963.jpg,51
017.Cardinal/Cardinal_0056_18352.jpg,16
066.Western_Gull/Western_Gull_0115_54950.jpg,65
131.Vesper_Sparrow/Vesper_Sparrow_0094_125602.jpg,130
169.Magnolia_Warbler/Magnolia_Warbler_0106_165689.jpg,168
050.Eared_Grebe/Eared_Grebe_0053_34084.jpg,49
117.Clay_colored_Sparrow/Clay_Colored_Sparrow_0106_797247.jpg,116
077.Tropical_Kingbird/Tropical_Kingbird_0096_69684.jpg,76
104.American_Pipit/American_Pipit_0002_100023.jpg,103
198.Rock_Wren/Rock_Wren_0045_189153.jpg,197
192.Downy_Woodpecker/Downy_Woodpecker_0062_184343.jpg,191
182.Yellow_Warbler/Yellow_Warbler_0007_176616.jpg,181
053.Western_Grebe/Western_Grebe_0067_36610.jpg,52
135.Bank_Swallow/Bank_Swallow_0036_129567.jpg,134
173.Orange_crowned_Warbler/Orange_Crowned_Warbler_0051_168002.jpg,172
048.European_Goldfinch/European_Goldfinch_0054_33169.jpg,47
154.Red_eyed_Vireo/Red_Eyed_Vireo_0140_157237.jpg,153
116.Chipping_Sparrow/Chipping_Sparrow_0038_109234.jpg,115
154.Red_eyed_Vireo/Red_Eyed_Vireo_0086_157038.jpg,153
107.Common_Raven/Common_Raven_0068_101216.jpg,106
118.House_Sparrow/House_Sparrow_0111_112968.jpg,117
059.California_Gull/California_Gull_0029_41506.jpg,58
187.American_Three_toed_Woodpecker/American_Three_Toed_Woodpecker_0008_179850.jpg,186
038.Great_Crested_Flycatcher/Great_Crested_Flycatcher_0067_29384.jpg,37
155.Warbling_Vireo/Warbling_Vireo_0077_158427.jpg,154
031.Black_billed_Cuckoo/Black_Billed_Cuckoo_0019_795329.jpg,30
051.Horned_Grebe/Horned_Grebe_0099_34989.jpg,50
098.Scott_Oriole/Scott_Oriole_0005_92362.jpg,97
013.Bobolink/Bobolink_0032_10217.jpg,12
149.Brown_Thrasher/Brown_Thrasher_0019_155216.jpg,148
105.Whip_poor_Will/Whip_Poor_Will_0040_100482.jpg,104
186.Cedar_Waxwing/Cedar_Waxwing_0098_178971.jpg,185
176.Prairie_Warbler/Prairie_Warbler_0082_172783.jpg,175
158.Bay_breasted_Warbler/Bay_Breasted_Warbler_0071_797108.jpg,157
061.Heermann_Gull/Heermann_Gull_0073_45714.jpg,60
032.Mangrove_Cuckoo/Mangrove_Cuckoo_0048_26351.jpg,31
177.Prothonotary_Warbler/Prothonotary_Warbler_0116_173444.jpg,176
134.Cape_Glossy_Starling/Cape_Glossy_Starling_0096_129388.jpg,133
169.Magnolia_Warbler/Magnolia_Warbler_0064_165471.jpg,168
052.Pied_billed_Grebe/Pied_Billed_Grebe_0122_35970.jpg,51
045.Northern_Fulmar/Northern_Fulmar_0083_43618.jpg,44
022.Chuck_will_Widow/Chuck_Will_Widow_0034_796969.jpg,21
008.Rhinoceros_Auklet/Rhinoceros_Auklet_0010_797545.jpg,7
120.Fox_Sparrow/Fox_Sparrow_0055_114809.jpg,119
004.Groove_billed_Ani/Groove_Billed_Ani_0007_1615.jpg,3
109.American_Redstart/American_Redstart_0066_102774.jpg,108
079.Belted_Kingfisher/Belted_Kingfisher_0020_70922.jpg,78
038.Great_Crested_Flycatcher/Great_Crested_Flycatcher_0066_29488.jpg,37
129.Song_Sparrow/Song_Sparrow_0110_120872.jpg,128
102.Western_Wood_Pewee/Western_Wood_Pewee_0007_97985.jpg,101
199.Winter_Wren/Winter_Wren_0075_189578.jpg,198
051.Horned_Grebe/Horned_Grebe_0103_34822.jpg,50
135.Bank_Swallow/Bank_Swallow_0004_129549.jpg,134
194.Cactus_Wren/Cactus_Wren_0078_185899.jpg,193
143.Caspian_Tern/Caspian_Tern_0049_145755.jpg,142
110.Geococcyx/Geococcyx_0095_104358.jpg,109
117.Clay_colored_Sparrow/Clay_Colored_Sparrow_0080_797253.jpg,116
096.Hooded_Oriole/Hooded_Oriole_0070_90221.jpg,95
081.Pied_Kingfisher/Pied_Kingfisher_0011_72143.jpg,80
123.Henslow_Sparrow/Henslow_Sparrow_0074_116905.jpg,122
049.Boat_tailed_Grackle/Boat_Tailed_Grackle_0027_33743.jpg,48
072.Pomarine_Jaeger/Pomarine_Jaeger_0078_795758.jpg,71
009.Brewer_Blackbird/Brewer_Blackbird_0131_2289.jpg,8
114.Black_throated_Sparrow/Black_Throated_Sparrow_0086_106970.jpg,113
061.Heermann_Gull/Heermann_Gull_0131_45548.jpg,60
049.Boat_tailed_Grackle/Boat_Tailed_Grackle_0089_33807.jpg,48
092.Nighthawk/Nighthawk_0003_82827.jpg,91
002.Laysan_Albatross/Laysan_Albatross_0071_792.jpg,1
083.White_breasted_Kingfisher/White_Breasted_Kingfisher_0093_73311.jpg,82
088.Western_Meadowlark/Western_Meadowlark_0044_77758.jpg,87
068.Ruby_throated_Hummingbird/Ruby_Throated_Hummingbird_0083_57397.jpg,67
174.Palm_Warbler/Palm_Warbler_0118_170081.jpg,173
197.Marsh_Wren/Marsh_Wren_0097_188214.jpg,196
169.Magnolia_Warbler/Magnolia_Warbler_0053_165682.jpg,168
087.Mallard/Mallard_0061_76378.jpg,86
005.Crested_Auklet/Crested_Auklet_0003_794962.jpg,4
184.Louisiana_Waterthrush/Louisiana_Waterthrush_0031_177509.jpg,183
184.Louisiana_Waterthrush/Louisiana_Waterthrush_0077_795247.jpg,183
180.Wilson_Warbler/Wilson_Warbler_0089_175619.jpg,179
120.Fox_Sparrow/Fox_Sparrow_0058_114789.jpg,119
057.Rose_breasted_Grosbeak/Rose_Breasted_Grosbeak_0114_39770.jpg,56
123.Henslow_Sparrow/Henslow_Sparrow_0052_796599.jpg,122
142.Black_Tern/Black_Tern_0010_144341.jpg,141
163.Cape_May_Warbler/Cape_May_Warbler_0013_163052.jpg,162
079.Belted_Kingfisher/Belted_Kingfisher_0035_70644.jpg,78
023.Brandt_Cormorant/Brandt_Cormorant_0032_22886.jpg,22
163.Cape_May_Warbler/Cape_May_Warbler_0020_162629.jpg,162
052.Pied_billed_Grebe/Pied_Billed_Grebe_0086_35483.jpg,51
074.Florida_Jay/Florida_Jay_0021_64698.jpg,73
074.Florida_Jay/Florida_Jay_0050_65099.jpg,73
042.Vermilion_Flycatcher/Vermilion_Flycatcher_0003_42316.jpg,41
065.Slaty_backed_Gull/Slaty_Backed_Gull_0025_796047.jpg,64
017.Cardinal/Cardinal_0097_17396.jpg,16
155.Warbling_Vireo/Warbling_Vireo_0002_158319.jpg,154
142.Black_Tern/Black_Tern_0083_144083.jpg,141
024.Red_faced_Cormorant/Red_Faced_Cormorant_0017_796323.jpg,23
177.Prothonotary_Warbler/Prothonotary_Warbler_0112_174594.jpg,176
200.Common_Yellowthroat/Common_Yellowthroat_0126_190407.jpg,199
142.Black_Tern/Black_Tern_0057_143884.jpg,141
001.Black_footed_Albatross/Black_Footed_Albatross_0019_796104.jpg,0
080.Green_Kingfisher/Green_Kingfisher_0058_70998.jpg,79
184.Louisiana_Waterthrush/Louisiana_Waterthrush_0044_177526.jpg,183
139.Scarlet_Tanager/Scarlet_Tanager_0120_138344.jpg,138
045.Northern_Fulmar/Northern_Fulmar_0019_43853.jpg,44
161.Blue_winged_Warbler/Blue_Winged_Warbler_0044_161760.jpg,160
130.Tree_Sparrow/Tree_Sparrow_0081_124348.jpg,129
142.Black_Tern/Black_Tern_0059_144159.jpg,141
185.Bohemian_Waxwing/Bohemian_Waxwing_0028_796647.jpg,184
151.Black_capped_Vireo/Black_Capped_Vireo_0040_797463.jpg,150
062.Herring_Gull/Herring_Gull_0084_46406.jpg,61
183.Northern_Waterthrush/Northern_Waterthrush_0016_177345.jpg,182
066.Western_Gull/Western_Gull_0057_55312.jpg,65
003.Sooty_Albatross/Sooty_Albatross_0079_796389.jpg,2
082.Ringed_Kingfisher/Ringed_Kingfisher_0050_73002.jpg,81
051.Horned_Grebe/Horned_Grebe_0049_34779.jpg,50
109.American_Redstart/American_Redstart_0036_103231.jpg,108
016.Painted_Bunting/Painted_Bunting_0070_16515.jpg,15
087.Mallard/Mallard_0005_76026.jpg,86
060.Glaucous_winged_Gull/Glaucous_Winged_Gull_0014_44832.jpg,59
075.Green_Jay/Green_Jay_0040_65863.jpg,74
126.Nelson_Sharp_tailed_Sparrow/Nelson_Sharp_Tailed_Sparrow_0079_796934.jpg,125
106.Horned_Puffin/Horned_Puffin_0033_100731.jpg,105
006.Least_Auklet/Least_Auklet_0018_795077.jpg,5
068.Ruby_throated_Hummingbird/Ruby_Throated_Hummingbird_0054_57364.jpg,67
181.Worm_eating_Warbler/Worm_Eating_Warbler_0074_176093.jpg,180
076.Dark_eyed_Junco/Dark_Eyed_Junco_0081_67223.jpg,75
117.Clay_colored_Sparrow/Clay_Colored_Sparrow_0087_110946.jpg,116
167.Hooded_Warbler/Hooded_Warbler_0003_164915.jpg,166
181.Worm_eating_Warbler/Worm_Eating_Warbler_0022_176111.jpg,180
180.Wilson_Warbler/Wilson_Warbler_0020_175505.jpg,179
113.Baird_Sparrow/Baird_Sparrow_0041_794582.jpg,112
163.Cape_May_Warbler/Cape_May_Warbler_0031_163012.jpg,162
005.Crested_Auklet/Crested_Auklet_0076_785252.jpg,4
072.Pomarine_Jaeger/Pomarine_Jaeger_0013_795759.jpg,71
111.Loggerhead_Shrike/Loggerhead_Shrike_0073_106097.jpg,110
167.Hooded_Warbler/Hooded_Warbler_0058_164674.jpg,166
166.Golden_winged_Warbler/Golden_Winged_Warbler_0051_794805.jpg,165
139.Scarlet_Tanager/Scarlet_Tanager_0060_138384.jpg,138
140.Summer_Tanager/Summer_Tanager_0058_139427.jpg,139
043.Yellow_bellied_Flycatcher/Yellow_Bellied_Flycatcher_0010_795498.jpg,42
157.Yellow_throated_Vireo/Yellow_Throated_Vireo_0032_159632.jpg,156
096.Hooded_Oriole/Hooded_Oriole_0075_90788.jpg,95
062.Herring_Gull/Herring_Gull_0140_46455.jpg,61
086.Pacific_Loon/Pacific_Loon_0031_75531.jpg,85
142.Black_Tern/Black_Tern_0080_144130.jpg,141
042.Vermilion_Flycatcher/Vermilion_Flycatcher_0023_42565.jpg,41
087.Mallard/Mallard_0095_76080.jpg,86
162.Canada_Warbler/Canada_Warbler_0076_162393.jpg,161
035.Purple_Finch/Purple_Finch_0086_27637.jpg,34
155.Warbling_Vireo/Warbling_Vireo_0056_21117.jpg,154
034.Gray_crowned_Rosy_Finch/Gray_Crowned_Rosy_Finch_0055_27112.jpg,33
103.Sayornis/Sayornis_0127_98865.jpg,102
011.Rusty_Blackbird/Rusty_Blackbird_0006_6633.jpg,10
060.Glaucous_winged_Gull/Glaucous_Winged_Gull_0129_44742.jpg,59
101.White_Pelican/White_Pelican_0053_96236.jpg,100
053.Western_Grebe/Western_Grebe_0092_36121.jpg,52
121.Grasshopper_Sparrow/Grasshopper_Sparrow_0026_115915.jpg,120
006.Least_Auklet/Least_Auklet_0011_795109.jpg,5
175.Pine_Warbler/Pine_Warbler_0118_171152.jpg,174
183.Northern_Waterthrush/Northern_Waterthrush_0015_177075.jpg,182
076.Dark_eyed_Junco/Dark_Eyed_Junco_0113_68470.jpg,75
186.Cedar_Waxwing/Cedar_Waxwing_0026_178878.jpg,185
073.Blue_Jay/Blue_Jay_0075_63021.jpg,72
127.Savannah_Sparrow/Savannah_Sparrow_0047_119365.jpg,126
190.Red_cockaded_Woodpecker/Red_Cockaded_Woodpecker_0040_182502.jpg,189
150.Sage_Thrasher/Sage_Thrasher_0043_155574.jpg,149
140.Summer_Tanager/Summer_Tanager_0056_139211.jpg,139
146.Forsters_Tern/Forsters_Tern_0089_152372.jpg,145
155.Warbling_Vireo/Warbling_Vireo_0003_158484.jpg,154
031.Black_billed_Cuckoo/Black_Billed_Cuckoo_0088_26217.jpg,30
186.Cedar_Waxwing/Cedar_Waxwing_0006_179394.jpg,185
127.Savannah_Sparrow/Savannah_Sparrow_0033_118871.jpg,126
185.Bohemian_Waxwing/Bohemian_Waxwing_0013_796660.jpg,184
054.Blue_Grosbeak/Blue_Grosbeak_0043_37200.jpg,53
093.Clark_Nutcracker/Clark_Nutcracker_0138_85633.jpg,92
090.Red_breasted_Merganser/Red_Breasted_Merganser_0044_79321.jpg,89
151.Black_capped_Vireo/Black_Capped_Vireo_0024_155905.jpg,150
065.Slaty_backed_Gull/Slaty_Backed_Gull_0020_796012.jpg,64
184.Louisiana_Waterthrush/Louisiana_Waterthrush_0014_795238.jpg,183
090.Red_breasted_Merganser/Red_Breasted_Merganser_0085_79285.jpg,89
043.Yellow_bellied_Flycatcher/Yellow_Bellied_Flycatcher_0006_795473.jpg,42
146.Forsters_Tern/Forsters_Tern_0035_151757.jpg,145
044.Frigatebird/Frigatebird_0005_42828.jpg,43
174.Palm_Warbler/Palm_Warbler_0049_169885.jpg,173
042.Vermilion_Flycatcher/Vermilion_Flycatcher_0012_42253.jpg,41
001.Black_footed_Albatross/Black_Footed_Albatross_0009_34.jpg,0
104.American_Pipit/American_Pipit_0027_100189.jpg,103
127.Savannah_Sparrow/Savannah_Sparrow_0045_119398.jpg,126
170.Mourning_Warbler/Mourning_Warbler_0079_166564.jpg,169
047.American_Goldfinch/American_Goldfinch_0037_32071.jpg,46
161.Blue_winged_Warbler/Blue_Winged_Warbler_0082_161772.jpg,160
032.Mangrove_Cuckoo/Mangrove_Cuckoo_0025_26375.jpg,31
045.Northern_Fulmar/Northern_Fulmar_0099_44015.jpg,44
165.Chestnut_sided_Warbler/Chestnut_Sided_Warbler_0041_163944.jpg,164
052.Pied_billed_Grebe/Pied_Billed_Grebe_0050_35530.jpg,51
153.Philadelphia_Vireo/Philadelphia_Vireo_0015_794778.jpg,152
085.Horned_Lark/Horned_Lark_0138_74083.jpg,84
050.Eared_Grebe/Eared_Grebe_0073_34172.jpg,49
135.Bank_Swallow/Bank_Swallow_0067_129959.jpg,134
130.Tree_Sparrow/Tree_Sparrow_0119_124114.jpg,129
013.Bobolink/Bobolink_0099_9314.jpg,12
163.Cape_May_Warbler/Cape_May_Warbler_0058_162948.jpg,162
153.Philadelphia_Vireo/Philadelphia_Vireo_0002_156591.jpg,152
071.Long_tailed_Jaeger/Long_Tailed_Jaeger_0037_797099.jpg,70
196.House_Wren/House_Wren_0011_187547.jpg,195
174.Palm_Warbler/Palm_Warbler_0095_170610.jpg,173
074.Florida_Jay/Florida_Jay_0066_65018.jpg,73
167.Hooded_Warbler/Hooded_Warbler_0124_164923.jpg,166
064.Ring_billed_Gull/Ring_Billed_Gull_0119_51551.jpg,63
015.Lazuli_Bunting/Lazuli_Bunting_0105_15017.jpg,14
084.Red_legged_Kittiwake/Red_Legged_Kittiwake_0045_795426.jpg,83
073.Blue_Jay/Blue_Jay_0017_62854.jpg,72
151.Black_capped_Vireo/Black_Capped_Vireo_0009_797493.jpg,150
150.Sage_Thrasher/Sage_Thrasher_0069_155544.jpg,149
088.Western_Meadowlark/Western_Meadowlark_0097_78239.jpg,87
097.Orchard_Oriole/Orchard_Oriole_0059_92046.jpg,96
022.Chuck_will_Widow/Chuck_Will_Widow_0037_796961.jpg,21
047.American_Goldfinch/American_Goldfinch_0111_32022.jpg,46
097.Orchard_Oriole/Orchard_Oriole_0051_91787.jpg,96
046.Gadwall/Gadwall_0024_30942.jpg,45
144.Common_Tern/Common_Tern_0084_147980.jpg,143
040.Olive_sided_Flycatcher/Olive_Sided_Flycatcher_0061_30540.jpg,39
019.Gray_Catbird/Gray_Catbird_0006_20867.jpg,18
189.Red_bellied_Woodpecker/Red_Bellied_Woodpecker_0009_180961.jpg,188
136.Barn_Swallow/Barn_Swallow_0060_130110.jpg,135
125.Lincoln_Sparrow/Lincoln_Sparrow_0042_117507.jpg,124
100.Brown_Pelican/Brown_Pelican_0077_93464.jpg,99
198.Rock_Wren/Rock_Wren_0024_188942.jpg,197
162.Canada_Warbler/Canada_Warbler_0041_162418.jpg,161
080.Green_Kingfisher/Green_Kingfisher_0065_71132.jpg,79
140.Summer_Tanager/Summer_Tanager_0046_139802.jpg,139
005.Crested_Auklet/Crested_Auklet_0013_794914.jpg,4
090.Red_breasted_Merganser/Red_Breasted_Merganser_0062_79548.jpg,89
121.Grasshopper_Sparrow/Grasshopper_Sparrow_0035_116049.jpg,120
010.Red_winged_Blackbird/Red_Winged_Blackbird_0020_4050.jpg,9
089.Hooded_Merganser/Hooded_Merganser_0040_78984.jpg,88
133.White_throated_Sparrow/White_Throated_Sparrow_0050_129051.jpg,132
156.White_eyed_Vireo/White_Eyed_Vireo_0032_159145.jpg,155
026.Bronzed_Cowbird/Bronzed_Cowbird_0040_24134.jpg,25
095.Baltimore_Oriole/Baltimore_Oriole_0128_87796.jpg,94
134.Cape_Glossy_Starling/Cape_Glossy_Starling_0019_129407.jpg,133
046.Gadwall/Gadwall_0064_31504.jpg,45
002.Laysan_Albatross/Laysan_Albatross_0068_726.jpg,1
029.American_Crow/American_Crow_0016_25112.jpg,28
084.Red_legged_Kittiwake/Red_Legged_Kittiwake_0036_73814.jpg,83
052.Pied_billed_Grebe/Pied_Billed_Grebe_0070_35472.jpg,51
051.Horned_Grebe/Horned_Grebe_0086_34749.jpg,50
183.Northern_Waterthrush/Northern_Waterthrush_0051_177120.jpg,182
026.Bronzed_Cowbird/Bronzed_Cowbird_0018_24140.jpg,25
025.Pelagic_Cormorant/Pelagic_Cormorant_0047_23718.jpg,24
113.Baird_Sparrow/Baird_Sparrow_0018_794584.jpg,112
139.Scarlet_Tanager/Scarlet_Tanager_0042_138287.jpg,138
141.Artic_Tern/Artic_Tern_0056_141858.jpg,140
133.White_throated_Sparrow/White_Throated_Sparrow_0015_129138.jpg,132
151.Black_capped_Vireo/Black_Capped_Vireo_0029_797469.jpg,150
139.Scarlet_Tanager/Scarlet_Tanager_0040_137885.jpg,138
192.Downy_Woodpecker/Downy_Woodpecker_0014_183975.jpg,191
127.Savannah_Sparrow/Savannah_Sparrow_0054_120057.jpg,126
104.American_Pipit/American_Pipit_0034_99946.jpg,103
159.Black_and_white_Warbler/Black_And_White_Warbler_0115_160654.jpg,158
154.Red_eyed_Vireo/Red_Eyed_Vireo_0111_157030.jpg,153
129.Song_Sparrow/Song_Sparrow_0107_120990.jpg,128
090.Red_breasted_Merganser/Red_Breasted_Merganser_0002_79447.jpg,89
083.White_breasted_Kingfisher/White_Breasted_Kingfisher_0115_73252.jpg,82
017.Cardinal/Cardinal_0104_17122.jpg,16
146.Forsters_Tern/Forsters_Tern_0060_152190.jpg,145
069.Rufous_Hummingbird/Rufous_Hummingbird_0077_59452.jpg,68
139.Scarlet_Tanager/Scarlet_Tanager_0055_138186.jpg,138
183.Northern_Waterthrush/Northern_Waterthrush_0105_176970.jpg,182
087.Mallard/Mallard_0071_76940.jpg,86
054.Blue_Grosbeak/Blue_Grosbeak_0072_36774.jpg,53
128.Seaside_Sparrow/Seaside_Sparrow_0071_796519.jpg,127
105.Whip_poor_Will/Whip_Poor_Will_0004_100479.jpg,104
063.Ivory_Gull/Ivory_Gull_0020_49978.jpg,62
129.Song_Sparrow/Song_Sparrow_0007_121133.jpg,128
155.Warbling_Vireo/Warbling_Vireo_0014_158412.jpg,154
060.Glaucous_winged_Gull/Glaucous_Winged_Gull_0086_44268.jpg,59
137.Cliff_Swallow/Cliff_Swallow_0075_134516.jpg,136
118.House_Sparrow/House_Sparrow_0092_111413.jpg,117
107.Common_Raven/Common_Raven_0037_101096.jpg,106
010.Red_winged_Blackbird/Red_Winged_Blackbird_0091_4096.jpg,9
078.Gray_Kingbird/Gray_Kingbird_0041_70119.jpg,77
064.Ring_billed_Gull/Ring_Billed_Gull_0027_51266.jpg,63
061.Heermann_Gull/Heermann_Gull_0009_45905.jpg,60
121.Grasshopper_Sparrow/Grasshopper_Sparrow_0041_116288.jpg,120
176.Prairie_Warbler/Prairie_Warbler_0107_173080.jpg,175
029.American_Crow/American_Crow_0134_25206.jpg,28
095.Baltimore_Oriole/Baltimore_Oriole_0027_87561.jpg,94
184.Louisiana_Waterthrush/Louisiana_Waterthrush_0020_795265.jpg,183
179.Tennessee_Warbler/Tennessee_Warbler_0045_174913.jpg,178
173.Orange_crowned_Warbler/Orange_Crowned_Warbler_0032_167589.jpg,172
119.Field_Sparrow/Field_Sparrow_0029_113434.jpg,118
155.Warbling_Vireo/Warbling_Vireo_0075_158480.jpg,154
190.Red_cockaded_Woodpecker/Red_Cockaded_Woodpecker_0063_794726.jpg,189
197.Marsh_Wren/Marsh_Wren_0036_188374.jpg,196
200.Common_Yellowthroat/Common_Yellowthroat_0032_190592.jpg,199
113.Baird_Sparrow/Baird_Sparrow_0008_106929.jpg,112
181.Worm_eating_Warbler/Worm_Eating_Warbler_0092_795524.jpg,180
152.Blue_headed_Vireo/Blue_Headed_Vireo_0121_156233.jpg,151
198.Rock_Wren/Rock_Wren_0113_189204.jpg,197
033.Yellow_billed_Cuckoo/Yellow_Billed_Cuckoo_0084_26761.jpg,32
179.Tennessee_Warbler/Tennessee_Warbler_0024_174980.jpg,178
083.White_breasted_Kingfisher/White_Breasted_Kingfisher_0120_73439.jpg,82
149.Brown_Thrasher/Brown_Thrasher_0069_155151.jpg,148
043.Yellow_bellied_Flycatcher/Yellow_Bellied_Flycatcher_0003_795487.jpg,42
001.Black_footed_Albatross/Black_Footed_Albatross_0069_796139.jpg,0
021.Eastern_Towhee/Eastern_Towhee_0052_22558.jpg,20
108.White_necked_Raven/White_Necked_Raven_0014_102687.jpg,107
132.White_crowned_Sparrow/White_Crowned_Sparrow_0061_126315.jpg,131
034.Gray_crowned_Rosy_Finch/Gray_Crowned_Rosy_Finch_0006_797284.jpg,33
154.Red_eyed_Vireo/Red_Eyed_Vireo_0083_157063.jpg,153
105.Whip_poor_Will/Whip_Poor_Will_0009_796423.jpg,104
122.Harris_Sparrow/Harris_Sparrow_0027_116687.jpg,121
166.Golden_winged_Warbler/Golden_Winged_Warbler_0015_794819.jpg,165
148.Green_tailed_Towhee/Green_Tailed_Towhee_0046_154967.jpg,147
083.White_breasted_Kingfisher/White_Breasted_Kingfisher_0084_73247.jpg,82
162.Canada_Warbler/Canada_Warbler_0039_162330.jpg,161
031.Black_billed_Cuckoo/Black_Billed_Cuckoo_0077_26222.jpg,30
082.Ringed_Kingfisher/Ringed_Kingfisher_0021_72848.jpg,81
143.Caspian_Tern/Caspian_Tern_0101_145164.jpg,142
054.Blue_Grosbeak/Blue_Grosbeak_0036_37048.jpg,53
173.Orange_crowned_Warbler/Orange_Crowned_Warbler_0050_168166.jpg,172
047.American_Goldfinch/American_Goldfinch_0003_32236.jpg,46
112.Great_Grey_Shrike/Great_Grey_Shrike_0057_106681.jpg,111
028.Brown_Creeper/Brown_Creeper_0042_24578.jpg,27
089.Hooded_Merganser/Hooded_Merganser_0066_796755.jpg,88
184.Louisiana_Waterthrush/Louisiana_Waterthrush_0068_177462.jpg,183
051.Horned_Grebe/Horned_Grebe_0003_34983.jpg,50
192.Downy_Woodpecker/Downy_Woodpecker_0007_184051.jpg,191
027.Shiny_Cowbird/Shiny_Cowbird_0064_796848.jpg,26
040.Olive_sided_Flycatcher/Olive_Sided_Flycatcher_0070_30490.jpg,39
190.Red_cockaded_Woodpecker/Red_Cockaded_Woodpecker_0036_182519.jpg,189
177.Prothonotary_Warbler/Prothonotary_Warbler_0124_173686.jpg,176
087.Mallard/Mallard_0103_77105.jpg,86
098.Scott_Oriole/Scott_Oriole_0077_795831.jpg,97
014.Indigo_Bunting/Indigo_Bunting_0004_13195.jpg,13
036.Northern_Flicker/Northern_Flicker_0118_28500.jpg,35
123.Henslow_Sparrow/Henslow_Sparrow_0098_796601.jpg,122
175.Pine_Warbler/Pine_Warbler_0033_171657.jpg,174
090.Red_breasted_Merganser/Red_Breasted_Merganser_0075_79169.jpg,89
165.Chestnut_sided_Warbler/Chestnut_Sided_Warbler_0044_163975.jpg,164
047.American_Goldfinch/American_Goldfinch_0026_32222.jpg,46
037.Acadian_Flycatcher/Acadian_Flycatcher_0068_795590.jpg,36
091.Mockingbird/Mockingbird_0004_81991.jpg,90
200.Common_Yellowthroat/Common_Yellowthroat_0081_190525.jpg,199
132.White_crowned_Sparrow/White_Crowned_Sparrow_0021_127092.jpg,131
029.American_Crow/American_Crow_0020_25618.jpg,28
167.Hooded_Warbler/Hooded_Warbler_0016_164837.jpg,166
127.Savannah_Sparrow/Savannah_Sparrow_0107_119671.jpg,126
012.Yellow_headed_Blackbird/Yellow_Headed_Blackbird_0051_8387.jpg,11
197.Marsh_Wren/Marsh_Wren_0122_188323.jpg,196
098.Scott_Oriole/Scott_Oriole_0083_795821.jpg,97
175.Pine_Warbler/Pine_Warbler_0083_171117.jpg,174
185.Bohemian_Waxwing/Bohemian_Waxwing_0009_177972.jpg,184
185.Bohemian_Waxwing/Bohemian_Waxwing_0021_796625.jpg,184
041.Scissor_tailed_Flycatcher/Scissor_Tailed_Flycatcher_0089_41810.jpg,40
086.Pacific_Loon/Pacific_Loon_0039_75517.jpg,85
123.Henslow_Sparrow/Henslow_Sparrow_0031_796594.jpg,122
044.Frigatebird/Frigatebird_0070_43516.jpg,43
200.Common_Yellowthroat/Common_Yellowthroat_0028_190527.jpg,199
181.Worm_eating_Warbler/Worm_Eating_Warbler_0054_176130.jpg,180
178.Swainson_Warbler/Swainson_Warbler_0041_794893.jpg,177
194.Cactus_Wren/Cactus_Wren_0041_185691.jpg,193
058.Pigeon_Guillemot/Pigeon_Guillemot_0041_39807.jpg,57
077.Tropical_Kingbird/Tropical_Kingbird_0085_69737.jpg,76
033.Yellow_billed_Cuckoo/Yellow_Billed_Cuckoo_0034_26694.jpg,32
187.American_Three_toed_Woodpecker/American_Three_Toed_Woodpecker_0021_179832.jpg,186
080.Green_Kingfisher/Green_Kingfisher_0063_71345.jpg,79
146.Forsters_Tern/Forsters_Tern_0088_151893.jpg,145
083.White_breasted_Kingfisher/White_Breasted_Kingfisher_0107_73265.jpg,82
012.Yellow_headed_Blackbird/Yellow_Headed_Blackbird_0082_8577.jpg,11
048.European_Goldfinch/European_Goldfinch_0093_794653.jpg,47
176.Prairie_Warbler/Prairie_Warbler_0136_172768.jpg,175
091.Mockingbird/Mockingbird_0069_79760.jpg,90
047.American_Goldfinch/American_Goldfinch_0048_32885.jpg,46
159.Black_and_white_Warbler/Black_And_White_Warbler_0018_160438.jpg,158
107.Common_Raven/Common_Raven_0062_101448.jpg,106
153.Philadelphia_Vireo/Philadelphia_Vireo_0049_794756.jpg,152
035.Purple_Finch/Purple_Finch_0013_27506.jpg,34
022.Chuck_will_Widow/Chuck_Will_Widow_0035_796985.jpg,21
062.Herring_Gull/Herring_Gull_0042_46637.jpg,61
089.Hooded_Merganser/Hooded_Merganser_0070_79054.jpg,88
038.Great_Crested_Flycatcher/Great_Crested_Flycatcher_0004_29701.jpg,37
029.American_Crow/American_Crow_0074_25350.jpg,28
137.Cliff_Swallow/Cliff_Swallow_0090_133144.jpg,136
036.Northern_Flicker/Northern_Flicker_0054_28913.jpg,35
035.Purple_Finch/Purple_Finch_0096_27688.jpg,34
015.Lazuli_Bunting/Lazuli_Bunting_0082_15047.jpg,14
062.Herring_Gull/Herring_Gull_0114_46956.jpg,61
110.Geococcyx/Geococcyx_0084_104574.jpg,109
093.Clark_Nutcracker/Clark_Nutcracker_0082_85477.jpg,92
200.Common_Yellowthroat/Common_Yellowthroat_0010_190572.jpg,199
043.Yellow_bellied_Flycatcher/Yellow_Bellied_Flycatcher_0048_795505.jpg,42
140.Summer_Tanager/Summer_Tanager_0095_139882.jpg,139
132.White_crowned_Sparrow/White_Crowned_Sparrow_0033_127728.jpg,131
075.Green_Jay/Green_Jay_0014_65825.jpg,74
098.Scott_Oriole/Scott_Oriole_0008_795814.jpg,97
065.Slaty_backed_Gull/Slaty_Backed_Gull_0058_796024.jpg,64
128.Seaside_Sparrow/Seaside_Sparrow_0012_120732.jpg,127
021.Eastern_Towhee/Eastern_Towhee_0117_22741.jpg,20
152.Blue_headed_Vireo/Blue_Headed_Vireo_0060_156171.jpg,151
092.Nighthawk/Nighthawk_0061_82509.jpg,91
032.Mangrove_Cuckoo/Mangrove_Cuckoo_0036_794606.jpg,31
168.Kentucky_Warbler/Kentucky_Warbler_0072_165305.jpg,167
175.Pine_Warbler/Pine_Warbler_0003_171639.jpg,174
141.Artic_Tern/Artic_Tern_0055_141524.jpg,140
031.Black_billed_Cuckoo/Black_Billed_Cuckoo_0082_26241.jpg,30
182.Yellow_Warbler/Yellow_Warbler_0119_176485.jpg,181
141.Artic_Tern/Artic_Tern_0101_141075.jpg,140
143.Caspian_Tern/Caspian_Tern_0011_146058.jpg,142
092.Nighthawk/Nighthawk_0014_82624.jpg,91
120.Fox_Sparrow/Fox_Sparrow_0025_114555.jpg,119
156.White_eyed_Vireo/White_Eyed_Vireo_0129_158823.jpg,155
049.Boat_tailed_Grackle/Boat_Tailed_Grackle_0085_33384.jpg,48
131.Vesper_Sparrow/Vesper_Sparrow_0007_125630.jpg,130
008.Rhinoceros_Auklet/Rhinoceros_Auklet_0032_797516.jpg,7
042.Vermilion_Flycatcher/Vermilion_Flycatcher_0005_42478.jpg,41
128.Seaside_Sparrow/Seaside_Sparrow_0045_120696.jpg,127
025.Pelagic_Cormorant/Pelagic_Cormorant_0055_23415.jpg,24
104.American_Pipit/American_Pipit_0067_100237.jpg,103
131.Vesper_Sparrow/Vesper_Sparrow_0022_125719.jpg,130
176.Prairie_Warbler/Prairie_Warbler_0054_172602.jpg,175
006.Least_Auklet/Least_Auklet_0063_795134.jpg,5
060.Glaucous_winged_Gull/Glaucous_Winged_Gull_0005_44860.jpg,59
159.Black_and_white_Warbler/Black_And_White_Warbler_0057_160037.jpg,158
188.Pileated_Woodpecker/Pileated_Woodpecker_0008_180400.jpg,187
076.Dark_eyed_Junco/Dark_Eyed_Junco_0132_66476.jpg,75
156.White_eyed_Vireo/White_Eyed_Vireo_0094_158894.jpg,155
135.Bank_Swallow/Bank_Swallow_0066_129559.jpg,134
181.Worm_eating_Warbler/Worm_Eating_Warbler_0006_176037.jpg,180
078.Gray_Kingbird/Gray_Kingbird_0016_70288.jpg,77
002.Laysan_Albatross/Laysan_Albatross_0085_564.jpg,1
186.Cedar_Waxwing/Cedar_Waxwing_0016_178629.jpg,185
042.Vermilion_Flycatcher/Vermilion_Flycatcher_0045_42219.jpg,41
142.Black_Tern/Black_Tern_0009_144046.jpg,141
119.Field_Sparrow/Field_Sparrow_0099_113872.jpg,118
104.American_Pipit/American_Pipit_0082_99867.jpg,103
079.Belted_Kingfisher/Belted_Kingfisher_0105_70550.jpg,78
196.House_Wren/House_Wren_0127_187832.jpg,195
176.Prairie_Warbler/Prairie_Warbler_0051_172585.jpg,175
175.Pine_Warbler/Pine_Warbler_0074_172061.jpg,174
128.Seaside_Sparrow/Seaside_Sparrow_0047_796520.jpg,127
052.Pied_billed_Grebe/Pied_Billed_Grebe_0048_35670.jpg,51
008.Rhinoceros_Auklet/Rhinoceros_Auklet_0043_2096.jpg,7
092.Nighthawk/Nighthawk_0019_83850.jpg,91
011.Rusty_Blackbird/Rusty_Blackbird_0113_6664.jpg,10
025.Pelagic_Cormorant/Pelagic_Cormorant_0018_23880.jpg,24
007.Parakeet_Auklet/Parakeet_Auklet_0076_796001.jpg,6
010.Red_winged_Blackbird/Red_Winged_Blackbird_0023_5257.jpg,9
079.Belted_Kingfisher/Belted_Kingfisher_0048_70532.jpg,78
159.Black_and_white_Warbler/Black_And_White_Warbler_0041_160639.jpg,158
069.Rufous_Hummingbird/Rufous_Hummingbird_0037_60415.jpg,68
039.Least_Flycatcher/Least_Flycatcher_0100_30338.jpg,38
117.Clay_colored_Sparrow/Clay_Colored_Sparrow_0091_110768.jpg,116
128.Seaside_Sparrow/Seaside_Sparrow_0048_120758.jpg,127
177.Prothonotary_Warbler/Prothonotary_Warbler_0079_173899.jpg,176
137.Cliff_Swallow/Cliff_Swallow_0050_134054.jpg,136
019.Gray_Catbird/Gray_Catbird_0027_20968.jpg,18
147.Least_Tern/Least_Tern_0056_153965.jpg,146
143.Caspian_Tern/Caspian_Tern_0006_145594.jpg,142
017.Cardinal/Cardinal_0039_17597.jpg,16
160.Black_throated_Blue_Warbler/Black_Throated_Blue_Warbler_0042_161512.jpg,159
148.Green_tailed_Towhee/Green_Tailed_Towhee_0069_797441.jpg,147
096.Hooded_Oriole/Hooded_Oriole_0074_91081.jpg,95
152.Blue_headed_Vireo/Blue_Headed_Vireo_0082_155965.jpg,151
152.Blue_headed_Vireo/Blue_Headed_Vireo_0026_156245.jpg,151
066.Western_Gull/Western_Gull_0080_53445.jpg,65
111.Loggerhead_Shrike/Loggerhead_Shrike_0052_105120.jpg,110
184.Louisiana_Waterthrush/Louisiana_Waterthrush_0015_177515.jpg,183
036.Northern_Flicker/Northern_Flicker_0077_28341.jpg,35
185.Bohemian_Waxwing/Bohemian_Waxwing_0096_177969.jpg,184
007.Parakeet_Auklet/Parakeet_Auklet_0019_795987.jpg,6
122.Harris_Sparrow/Harris_Sparrow_0053_116595.jpg,121
161.Blue_winged_Warbler/Blue_Winged_Warbler_0079_161909.jpg,160
190.Red_cockaded_Woodpecker/Red_Cockaded_Woodpecker_0015_182459.jpg,189
036.Northern_Flicker/Northern_Flicker_0138_28476.jpg,35
199.Winter_Wren/Winter_Wren_0026_189816.jpg,198
118.House_Sparrow/House_Sparrow_0144_113216.jpg,117
070.Green_Violetear/Green_Violetear_0030_795736.jpg,69
157.Yellow_throated_Vireo/Yellow_Throated_Vireo_0070_159602.jpg,156
154.Red_eyed_Vireo/Red_Eyed_Vireo_0077_157005.jpg,153
109.American_Redstart/American_Redstart_0138_102869.jpg,108
015.Lazuli_Bunting/Lazuli_Bunting_0054_14714.jpg,14
096.Hooded_Oriole/Hooded_Oriole_0055_90850.jpg,95
130.Tree_Sparrow/Tree_Sparrow_0097_123462.jpg,129
107.Common_Raven/Common_Raven_0057_101324.jpg,106
119.Field_Sparrow/Field_Sparrow_0126_113426.jpg,118
139.Scarlet_Tanager/Scarlet_Tanager_0089_138281.jpg,138
060.Glaucous_winged_Gull/Glaucous_Winged_Gull_0138_44694.jpg,59
178.Swainson_Warbler/Swainson_Warbler_0007_174745.jpg,177
033.Yellow_billed_Cuckoo/Yellow_Billed_Cuckoo_0092_26859.jpg,32
027.Shiny_Cowbird/Shiny_Cowbird_0025_24444.jpg,26
107.Common_Raven/Common_Raven_0029_102039.jpg,106
192.Downy_Woodpecker/Downy_Woodpecker_0011_183934.jpg,191
127.Savannah_Sparrow/Savannah_Sparrow_0001_118956.jpg,126
190.Red_cockaded_Woodpecker/Red_Cockaded_Woodpecker_0059_794709.jpg,189
179.Tennessee_Warbler/Tennessee_Warbler_0095_174903.jpg,178
133.White_throated_Sparrow/White_Throated_Sparrow_0128_128956.jpg,132
083.White_breasted_Kingfisher/White_Breasted_Kingfisher_0103_73316.jpg,82
170.Mourning_Warbler/Mourning_Warbler_0002_166520.jpg,169
067.Anna_Hummingbird/Anna_Hummingbird_0006_55871.jpg,66
126.Nelson_Sharp_tailed_Sparrow/Nelson_Sharp_Tailed_Sparrow_0077_796913.jpg,125
040.Olive_sided_Flycatcher/Olive_Sided_Flycatcher_0022_30551.jpg,39
045.Northern_Fulmar/Northern_Fulmar_0071_44146.jpg,44
153.Philadelphia_Vireo/Philadelphia_Vireo_0045_156608.jpg,152
074.Florida_Jay/Florida_Jay_0025_64673.jpg,73
066.Western_Gull/Western_Gull_0090_53603.jpg,65
074.Florida_Jay/Florida_Jay_0088_65147.jpg,73
144.Common_Tern/Common_Tern_0098_148785.jpg,143
021.Eastern_Towhee/Eastern_Towhee_0111_22168.jpg,20
184.Louisiana_Waterthrush/Louisiana_Waterthrush_0026_177503.jpg,183
189.Red_bellied_Woodpecker/Red_Bellied_Woodpecker_0028_181830.jpg,188
109.American_Redstart/American_Redstart_0027_103168.jpg,108
085.Horned_Lark/Horned_Lark_0097_74496.jpg,84
138.Tree_Swallow/Tree_Swallow_0046_135770.jpg,137
074.Florida_Jay/Florida_Jay_0095_64707.jpg,73
041.Scissor_tailed_Flycatcher/Scissor_Tailed_Flycatcher_0062_41952.jpg,40
186.Cedar_Waxwing/Cedar_Waxwing_0092_179123.jpg,185
140.Summer_Tanager/Summer_Tanager_0119_140617.jpg,139
035.Purple_Finch/Purple_Finch_0110_27750.jpg,34
115.Brewer_Sparrow/Brewer_Sparrow_0076_107393.jpg,114
007.Parakeet_Auklet/Parakeet_Auklet_0078_2004.jpg,6
113.Baird_Sparrow/Baird_Sparrow_0049_787324.jpg,112
087.Mallard/Mallard_0014_76166.jpg,86
127.Savannah_Sparrow/Savannah_Sparrow_0109_119674.jpg,126
123.Henslow_Sparrow/Henslow_Sparrow_0087_116942.jpg,122
126.Nelson_Sharp_tailed_Sparrow/Nelson_Sharp_Tailed_Sparrow_0064_117965.jpg,125
172.Nashville_Warbler/Nashville_Warbler_0121_167078.jpg,171
089.Hooded_Merganser/Hooded_Merganser_0084_78954.jpg,88
180.Wilson_Warbler/Wilson_Warbler_0047_175304.jpg,179
154.Red_eyed_Vireo/Red_Eyed_Vireo_0084_156943.jpg,153
042.Vermilion_Flycatcher/Vermilion_Flycatcher_0020_42498.jpg,41
059.California_Gull/California_Gull_0012_41272.jpg,58
189.Red_bellied_Woodpecker/Red_Bellied_Woodpecker_0058_182317.jpg,188
036.Northern_Flicker/Northern_Flicker_0037_28751.jpg,35
111.Loggerhead_Shrike/Loggerhead_Shrike_0071_105040.jpg,110
052.Pied_billed_Grebe/Pied_Billed_Grebe_0032_35931.jpg,51
187.American_Three_toed_Woodpecker/American_Three_Toed_Woodpecker_0025_179918.jpg,186
127.Savannah_Sparrow/Savannah_Sparrow_0116_118108.jpg,126
049.Boat_tailed_Grackle/Boat_Tailed_Grackle_0062_33650.jpg,48
170.Mourning_Warbler/Mourning_Warbler_0062_166531.jpg,169
194.Cactus_Wren/Cactus_Wren_0028_185795.jpg,193
096.Hooded_Oriole/Hooded_Oriole_0054_90849.jpg,95
097.Orchard_Oriole/Orchard_Oriole_0095_91345.jpg,96
198.Rock_Wren/Rock_Wren_0123_189405.jpg,197
001.Black_footed_Albatross/Black_Footed_Albatross_0036_796127.jpg,0
110.Geococcyx/Geococcyx_0107_104534.jpg,109
060.Glaucous_winged_Gull/Glaucous_Winged_Gull_0002_44612.jpg,59
161.Blue_winged_Warbler/Blue_Winged_Warbler_0054_161862.jpg,160
042.Vermilion_Flycatcher/Vermilion_Flycatcher_0069_42502.jpg,41
125.Lincoln_Sparrow/Lincoln_Sparrow_0090_117857.jpg,124
097.Orchard_Oriole/Orchard_Oriole_0009_91902.jpg,96
182.Yellow_Warbler/Yellow_Warbler_0097_176538.jpg,181
098.Scott_Oriole/Scott_Oriole_0040_795839.jpg,97
169.Magnolia_Warbler/Magnolia_Warbler_0092_165807.jpg,168
006.Least_Auklet/Least_Auklet_0030_795116.jpg,5
101.White_Pelican/White_Pelican_0010_96876.jpg,100
021.Eastern_Towhee/Eastern_Towhee_0093_22621.jpg,20
176.Prairie_Warbler/Prairie_Warbler_0115_172689.jpg,175
155.Warbling_Vireo/Warbling_Vireo_0116_158740.jpg,154
193.Bewick_Wren/Bewick_Wren_0124_184771.jpg,192
010.Red_winged_Blackbird/Red_Winged_Blackbird_0075_4953.jpg,9
036.Northern_Flicker/Northern_Flicker_0110_28602.jpg,35
187.American_Three_toed_Woodpecker/American_Three_Toed_Woodpecker_0001_179912.jpg,186
004.Groove_billed_Ani/Groove_Billed_Ani_0105_1562.jpg,3
008.Rhinoceros_Auklet/Rhinoceros_Auklet_0015_2160.jpg,7
076.Dark_eyed_Junco/Dark_Eyed_Junco_0130_67867.jpg,75
168.Kentucky_Warbler/Kentucky_Warbler_0069_165318.jpg,167
193.Bewick_Wren/Bewick_Wren_0049_185339.jpg,192
055.Evening_Grosbeak/Evening_Grosbeak_0133_37976.jpg,54
051.Horned_Grebe/Horned_Grebe_0041_34535.jpg,50
026.Bronzed_Cowbird/Bronzed_Cowbird_0039_24026.jpg,25
094.White_breasted_Nuthatch/White_Breasted_Nuthatch_0043_86196.jpg,93
149.Brown_Thrasher/Brown_Thrasher_0074_155339.jpg,148
177.Prothonotary_Warbler/Prothonotary_Warbler_0082_173970.jpg,176
048.European_Goldfinch/European_Goldfinch_0004_33313.jpg,47
027.Shiny_Cowbird/Shiny_Cowbird_0040_24379.jpg,26
119.Field_Sparrow/Field_Sparrow_0095_113842.jpg,118
044.Frigatebird/Frigatebird_0116_43410.jpg,43
127.Savannah_Sparrow/Savannah_Sparrow_0017_119171.jpg,126
059.California_Gull/California_Gull_0064_41562.jpg,58
155.Warbling_Vireo/Warbling_Vireo_0027_158576.jpg,154
141.Artic_Tern/Artic_Tern_0047_143549.jpg,140
184.Louisiana_Waterthrush/Louisiana_Waterthrush_0056_795245.jpg,183
031.Black_billed_Cuckoo/Black_Billed_Cuckoo_0092_795313.jpg,30
017.Cardinal/Cardinal_0012_18638.jpg,16
014.Indigo_Bunting/Indigo_Bunting_0006_14317.jpg,13
134.Cape_Glossy_Starling/Cape_Glossy_Starling_0012_129225.jpg,133
142.Black_Tern/Black_Tern_0053_143882.jpg,141
182.Yellow_Warbler/Yellow_Warbler_0039_176444.jpg,181
185.Bohemian_Waxwing/Bohemian_Waxwing_0039_177702.jpg,184
096.Hooded_Oriole/Hooded_Oriole_0067_90416.jpg,95
037.Acadian_Flycatcher/Acadian_Flycatcher_0009_29155.jpg,36
125.Lincoln_Sparrow/Lincoln_Sparrow_0036_117280.jpg,124
041.Scissor_tailed_Flycatcher/Scissor_Tailed_Flycatcher_0038_41649.jpg,40
051.Horned_Grebe/Horned_Grebe_0011_34687.jpg,50
176.Prairie_Warbler/Prairie_Warbler_0080_172724.jpg,175
142.Black_Tern/Black_Tern_0038_144102.jpg,141
011.Rusty_Blackbird/Rusty_Blackbird_0048_6632.jpg,10
132.White_crowned_Sparrow/White_Crowned_Sparrow_0095_127118.jpg,131
011.Rusty_Blackbird/Rusty_Blackbird_0122_6736.jpg,10
149.Brown_Thrasher/Brown_Thrasher_0085_155445.jpg,148
125.Lincoln_Sparrow/Lincoln_Sparrow_0032_117747.jpg,124
062.Herring_Gull/Herring_Gull_0010_46425.jpg,61
034.Gray_crowned_Rosy_Finch/Gray_Crowned_Rosy_Finch_0056_797293.jpg,33
017.Cardinal/Cardinal_0053_17541.jpg,16
080.Green_Kingfisher/Green_Kingfisher_0048_71164.jpg,79
105.Whip_poor_Will/Whip_Poor_Will_0037_796405.jpg,104
112.Great_Grey_Shrike/Great_Grey_Shrike_0018_106776.jpg,111
076.Dark_eyed_Junco/Dark_Eyed_Junco_0084_66455.jpg,75
064.Ring_billed_Gull/Ring_Billed_Gull_0125_51307.jpg,63
070.Green_Violetear/Green_Violetear_0089_795698.jpg,69
063.Ivory_Gull/Ivory_Gull_0041_49172.jpg,62
113.Baird_Sparrow/Baird_Sparrow_0014_794549.jpg,112
177.Prothonotary_Warbler/Prothonotary_Warbler_0008_173425.jpg,176
136.Barn_Swallow/Barn_Swallow_0066_130214.jpg,135
052.Pied_billed_Grebe/Pied_Billed_Grebe_0099_35872.jpg,51
018.Spotted_Catbird/Spotted_Catbird_0023_796793.jpg,17
052.Pied_billed_Grebe/Pied_Billed_Grebe_0120_35764.jpg,51
147.Least_Tern/Least_Tern_0006_153921.jpg,146
122.Harris_Sparrow/Harris_Sparrow_0041_116611.jpg,121
191.Red_headed_Woodpecker/Red_Headed_Woodpecker_0055_183515.jpg,190
075.Green_Jay/Green_Jay_0102_65813.jpg,74
108.White_necked_Raven/White_Necked_Raven_0030_102701.jpg,107
187.American_Three_toed_Woodpecker/American_Three_Toed_Woodpecker_0024_179876.jpg,186
051.Horned_Grebe/Horned_Grebe_0066_34738.jpg,50
181.Worm_eating_Warbler/Worm_Eating_Warbler_0023_176118.jpg,180
055.Evening_Grosbeak/Evening_Grosbeak_0115_37490.jpg,54
099.Ovenbird/Ovenbird_0027_93086.jpg,98
152.Blue_headed_Vireo/Blue_Headed_Vireo_0010_156344.jpg,151
155.Warbling_Vireo/Warbling_Vireo_0007_158717.jpg,154
178.Swainson_Warbler/Swainson_Warbler_0032_174728.jpg,177
145.Elegant_Tern/Elegant_Tern_0064_150822.jpg,144
015.Lazuli_Bunting/Lazuli_Bunting_0086_14992.jpg,14
146.Forsters_Tern/Forsters_Tern_0066_151478.jpg,145
065.Slaty_backed_Gull/Slaty_Backed_Gull_0084_786383.jpg,64
029.American_Crow/American_Crow_0113_25149.jpg,28
180.Wilson_Warbler/Wilson_Warbler_0010_175750.jpg,179
057.Rose_breasted_Grosbeak/Rose_Breasted_Grosbeak_0075_39795.jpg,56
175.Pine_Warbler/Pine_Warbler_0105_170983.jpg,174
107.Common_Raven/Common_Raven_0066_101461.jpg,106
156.White_eyed_Vireo/White_Eyed_Vireo_0002_159180.jpg,155
198.Rock_Wren/Rock_Wren_0012_189021.jpg,197
098.Scott_Oriole/Scott_Oriole_0043_795828.jpg,97
157.Yellow_throated_Vireo/Yellow_Throated_Vireo_0073_159583.jpg,156
019.Gray_Catbird/Gray_Catbird_0090_21464.jpg,18
179.Tennessee_Warbler/Tennessee_Warbler_0062_174949.jpg,178
120.Fox_Sparrow/Fox_Sparrow_0044_114747.jpg,119
144.Common_Tern/Common_Tern_0067_149540.jpg,143
130.Tree_Sparrow/Tree_Sparrow_0052_123869.jpg,129
014.Indigo_Bunting/Indigo_Bunting_0055_13473.jpg,13
053.Western_Grebe/Western_Grebe_0004_36130.jpg,52
103.Sayornis/Sayornis_0036_98323.jpg,102
060.Glaucous_winged_Gull/Glaucous_Winged_Gull_0133_44738.jpg,59
070.Green_Violetear/Green_Violetear_0062_60797.jpg,69
081.Pied_Kingfisher/Pied_Kingfisher_0024_71560.jpg,80
155.Warbling_Vireo/Warbling_Vireo_0097_158579.jpg,154
065.Slaty_backed_Gull/Slaty_Backed_Gull_0030_796003.jpg,64
131.Vesper_Sparrow/Vesper_Sparrow_0080_125606.jpg,130
084.Red_legged_Kittiwake/Red_Legged_Kittiwake_0027_795454.jpg,83
047.American_Goldfinch/American_Goldfinch_0014_32154.jpg,46
082.Ringed_Kingfisher/Ringed_Kingfisher_0041_72853.jpg,81
040.Olive_sided_Flycatcher/Olive_Sided_Flycatcher_0052_30639.jpg,39
187.American_Three_toed_Woodpecker/American_Three_Toed_Woodpecker_0007_179932.jpg,186
155.Warbling_Vireo/Warbling_Vireo_0132_158420.jpg,154
091.Mockingbird/Mockingbird_0019_81296.jpg,90
176.Prairie_Warbler/Prairie_Warbler_0053_173290.jpg,175
077.Tropical_Kingbird/Tropical_Kingbird_0116_69714.jpg,76
197.Marsh_Wren/Marsh_Wren_0062_188158.jpg,196
196.House_Wren/House_Wren_0122_187331.jpg,195
187.American_Three_toed_Woodpecker/American_Three_Toed_Woodpecker_0041_796150.jpg,186
115.Brewer_Sparrow/Brewer_Sparrow_0064_107502.jpg,114
130.Tree_Sparrow/Tree_Sparrow_0094_124974.jpg,129
080.Green_Kingfisher/Green_Kingfisher_0056_70972.jpg,79
061.Heermann_Gull/Heermann_Gull_0020_45409.jpg,60
103.Sayornis/Sayornis_0005_98958.jpg,102
054.Blue_Grosbeak/Blue_Grosbeak_0010_37108.jpg,53
005.Crested_Auklet/Crested_Auklet_0063_794901.jpg,4
110.Geococcyx/Geococcyx_0047_104259.jpg,109
150.Sage_Thrasher/Sage_Thrasher_0045_155448.jpg,149
066.Western_Gull/Western_Gull_0114_55644.jpg,65
110.Geococcyx/Geococcyx_0038_104266.jpg,109
142.Black_Tern/Black_Tern_0082_144372.jpg,141
117.Clay_colored_Sparrow/Clay_Colored_Sparrow_0078_110912.jpg,116
075.Green_Jay/Green_Jay_0094_65775.jpg,74
140.Summer_Tanager/Summer_Tanager_0032_140425.jpg,139
055.Evening_Grosbeak/Evening_Grosbeak_0070_37767.jpg,54
071.Long_tailed_Jaeger/Long_Tailed_Jaeger_0070_797090.jpg,70
116.Chipping_Sparrow/Chipping_Sparrow_0110_108974.jpg,115
070.Green_Violetear/Green_Violetear_0080_795716.jpg,69
126.Nelson_Sharp_tailed_Sparrow/Nelson_Sharp_Tailed_Sparrow_0019_118066.jpg,125
181.Worm_eating_Warbler/Worm_Eating_Warbler_0060_175969.jpg,180
013.Bobolink/Bobolink_0102_10807.jpg,12
183.Northern_Waterthrush/Northern_Waterthrush_0104_177137.jpg,182
192.Downy_Woodpecker/Downy_Woodpecker_0043_184314.jpg,191
095.Baltimore_Oriole/Baltimore_Oriole_0020_87066.jpg,94
088.Western_Meadowlark/Western_Meadowlark_0003_78864.jpg,87
131.Vesper_Sparrow/Vesper_Sparrow_0009_125713.jpg,130
089.Hooded_Merganser/Hooded_Merganser_0073_796726.jpg,88
188.Pileated_Woodpecker/Pileated_Woodpecker_0078_180236.jpg,187
106.Horned_Puffin/Horned_Puffin_0060_100726.jpg,105
042.Vermilion_Flycatcher/Vermilion_Flycatcher_0016_42196.jpg,41
183.Northern_Waterthrush/Northern_Waterthrush_0043_177070.jpg,182
032.Mangrove_Cuckoo/Mangrove_Cuckoo_0031_26401.jpg,31
160.Black_throated_Blue_Warbler/Black_Throated_Blue_Warbler_0130_161682.jpg,159
051.Horned_Grebe/Horned_Grebe_0112_34864.jpg,50
107.Common_Raven/Common_Raven_0074_101576.jpg,106
020.Yellow_breasted_Chat/Yellow_Breasted_Chat_0039_21654.jpg,19
098.Scott_Oriole/Scott_Oriole_0025_92207.jpg,97
064.Ring_billed_Gull/Ring_Billed_Gull_0001_51416.jpg,63
057.Rose_breasted_Grosbeak/Rose_Breasted_Grosbeak_0047_39407.jpg,56
027.Shiny_Cowbird/Shiny_Cowbird_0062_24271.jpg,26
178.Swainson_Warbler/Swainson_Warbler_0022_794868.jpg,177
031.Black_billed_Cuckoo/Black_Billed_Cuckoo_0054_26313.jpg,30
188.Pileated_Woodpecker/Pileated_Woodpecker_0072_180006.jpg,187
036.Northern_Flicker/Northern_Flicker_0075_28729.jpg,35
119.Field_Sparrow/Field_Sparrow_0108_114154.jpg,118
060.Glaucous_winged_Gull/Glaucous_Winged_Gull_0081_45223.jpg,59
161.Blue_winged_Warbler/Blue_Winged_Warbler_0059_162064.jpg,160
155.Warbling_Vireo/Warbling_Vireo_0028_158492.jpg,154
179.Tennessee_Warbler/Tennessee_Warbler_0100_175168.jpg,178
089.Hooded_Merganser/Hooded_Merganser_0034_796762.jpg,88
013.Bobolink/Bobolink_0020_9194.jpg,12
160.Black_throated_Blue_Warbler/Black_Throated_Blue_Warbler_0002_161533.jpg,159
150.Sage_Thrasher/Sage_Thrasher_0103_155575.jpg,149
189.Red_bellied_Woodpecker/Red_Bellied_Woodpecker_0112_180827.jpg,188
148.Green_tailed_Towhee/Green_Tailed_Towhee_0036_154875.jpg,147
041.Scissor_tailed_Flycatcher/Scissor_Tailed_Flycatcher_0003_41849.jpg,40
148.Green_tailed_Towhee/Green_Tailed_Towhee_0025_797401.jpg,147
120.Fox_Sparrow/Fox_Sparrow_0091_115550.jpg,119
153.Philadelphia_Vireo/Philadelphia_Vireo_0071_794796.jpg,152
023.Brandt_Cormorant/Brandt_Cormorant_0063_22865.jpg,22
011.Rusty_Blackbird/Rusty_Blackbird_0074_6585.jpg,10
116.Chipping_Sparrow/Chipping_Sparrow_0064_108204.jpg,115
110.Geococcyx/Geococcyx_0110_104163.jpg,109
002.Laysan_Albatross/Laysan_Albatross_0076_671.jpg,1
145.Elegant_Tern/Elegant_Tern_0103_150493.jpg,144
012.Yellow_headed_Blackbird/Yellow_Headed_Blackbird_0020_8549.jpg,11
063.Ivory_Gull/Ivory_Gull_0109_49382.jpg,62
081.Pied_Kingfisher/Pied_Kingfisher_0026_71875.jpg,80
186.Cedar_Waxwing/Cedar_Waxwing_0062_178788.jpg,185
014.Indigo_Bunting/Indigo_Bunting_0075_12835.jpg,13
056.Pine_Grosbeak/Pine_Grosbeak_0078_38242.jpg,55
088.Western_Meadowlark/Western_Meadowlark_0048_78354.jpg,87
016.Painted_Bunting/Painted_Bunting_0073_16737.jpg,15
007.Parakeet_Auklet/Parakeet_Auklet_0012_795927.jpg,6
017.Cardinal/Cardinal_0037_18092.jpg,16
075.Green_Jay/Green_Jay_0006_65788.jpg,74
113.Baird_Sparrow/Baird_Sparrow_0046_794588.jpg,112
160.Black_throated_Blue_Warbler/Black_Throated_Blue_Warbler_0060_161644.jpg,159
100.Brown_Pelican/Brown_Pelican_0125_93461.jpg,99
187.American_Three_toed_Woodpecker/American_Three_Toed_Woodpecker_0033_796169.jpg,186
084.Red_legged_Kittiwake/Red_Legged_Kittiwake_0001_795394.jpg,83
195.Carolina_Wren/Carolina_Wren_0020_186702.jpg,194
164.Cerulean_Warbler/Cerulean_Warbler_0003_163305.jpg,163
085.Horned_Lark/Horned_Lark_0113_74613.jpg,84
198.Rock_Wren/Rock_Wren_0059_188941.jpg,197
083.White_breasted_Kingfisher/White_Breasted_Kingfisher_0054_73587.jpg,82
026.Bronzed_Cowbird/Bronzed_Cowbird_0052_796216.jpg,25
009.Brewer_Blackbird/Brewer_Blackbird_0078_2659.jpg,8
122.Harris_Sparrow/Harris_Sparrow_0011_116597.jpg,121
180.Wilson_Warbler/Wilson_Warbler_0126_175368.jpg,179
155.Warbling_Vireo/Warbling_Vireo_0045_158399.jpg,154
015.Lazuli_Bunting/Lazuli_Bunting_0055_15043.jpg,14
146.Forsters_Tern/Forsters_Tern_0077_152255.jpg,145
142.Black_Tern/Black_Tern_0037_144110.jpg,141
030.Fish_Crow/Fish_Crow_0022_26062.jpg,29
070.Green_Violetear/Green_Violetear_0028_60800.jpg,69
089.Hooded_Merganser/Hooded_Merganser_0075_78977.jpg,88
185.Bohemian_Waxwing/Bohemian_Waxwing_0040_177914.jpg,184
080.Green_Kingfisher/Green_Kingfisher_0022_71223.jpg,79
071.Long_tailed_Jaeger/Long_Tailed_Jaeger_0022_797074.jpg,70
021.Eastern_Towhee/Eastern_Towhee_0050_22257.jpg,20
147.Least_Tern/Least_Tern_0012_153871.jpg,146
180.Wilson_Warbler/Wilson_Warbler_0045_175623.jpg,179
094.White_breasted_Nuthatch/White_Breasted_Nuthatch_0048_86207.jpg,93
190.Red_cockaded_Woodpecker/Red_Cockaded_Woodpecker_0022_794700.jpg,189
095.Baltimore_Oriole/Baltimore_Oriole_0102_88818.jpg,94
142.Black_Tern/Black_Tern_0063_144731.jpg,141
188.Pileated_Woodpecker/Pileated_Woodpecker_0004_180307.jpg,187
081.Pied_Kingfisher/Pied_Kingfisher_0033_71883.jpg,80
094.White_breasted_Nuthatch/White_Breasted_Nuthatch_0137_86910.jpg,93
157.Yellow_throated_Vireo/Yellow_Throated_Vireo_0052_794973.jpg,156
040.Olive_sided_Flycatcher/Olive_Sided_Flycatcher_0086_30553.jpg,39
182.Yellow_Warbler/Yellow_Warbler_0025_176189.jpg,181
189.Red_bellied_Woodpecker/Red_Bellied_Woodpecker_0104_181616.jpg,188
116.Chipping_Sparrow/Chipping_Sparrow_0036_107695.jpg,115
126.Nelson_Sharp_tailed_Sparrow/Nelson_Sharp_Tailed_Sparrow_0013_796942.jpg,125
137.Cliff_Swallow/Cliff_Swallow_0101_133069.jpg,136
129.Song_Sparrow/Song_Sparrow_0089_120894.jpg,128
054.Blue_Grosbeak/Blue_Grosbeak_0045_36672.jpg,53
163.Cape_May_Warbler/Cape_May_Warbler_0043_163172.jpg,162
016.Painted_Bunting/Painted_Bunting_0025_16722.jpg,15
145.Elegant_Tern/Elegant_Tern_0032_150488.jpg,144
034.Gray_crowned_Rosy_Finch/Gray_Crowned_Rosy_Finch_0051_26988.jpg,33
195.Carolina_Wren/Carolina_Wren_0095_186561.jpg,194
181.Worm_eating_Warbler/Worm_Eating_Warbler_0097_176010.jpg,180
156.White_eyed_Vireo/White_Eyed_Vireo_0126_159341.jpg,155
113.Baird_Sparrow/Baird_Sparrow_0002_794551.jpg,112
140.Summer_Tanager/Summer_Tanager_0001_139289.jpg,139
080.Green_Kingfisher/Green_Kingfisher_0004_71076.jpg,79
027.Shiny_Cowbird/Shiny_Cowbird_0010_24439.jpg,26
162.Canada_Warbler/Canada_Warbler_0032_162229.jpg,161
027.Shiny_Cowbird/Shiny_Cowbird_0021_796870.jpg,26
082.Ringed_Kingfisher/Ringed_Kingfisher_0029_73165.jpg,81
009.Brewer_Blackbird/Brewer_Blackbird_0133_2324.jpg,8
056.Pine_Grosbeak/Pine_Grosbeak_0003_38437.jpg,55
107.Common_Raven/Common_Raven_0028_102452.jpg,106
125.Lincoln_Sparrow/Lincoln_Sparrow_0070_117342.jpg,124
189.Red_bellied_Woodpecker/Red_Bellied_Woodpecker_0066_182253.jpg,188
047.American_Goldfinch/American_Goldfinch_0133_32802.jpg,46
180.Wilson_Warbler/Wilson_Warbler_0102_175769.jpg,179
123.Henslow_Sparrow/Henslow_Sparrow_0113_116801.jpg,122
142.Black_Tern/Black_Tern_0090_143880.jpg,141
160.Black_throated_Blue_Warbler/Black_Throated_Blue_Warbler_0024_161619.jpg,159
146.Forsters_Tern/Forsters_Tern_0007_152110.jpg,145
193.Bewick_Wren/Bewick_Wren_0088_184733.jpg,192
039.Least_Flycatcher/Least_Flycatcher_0064_30328.jpg,38
167.Hooded_Warbler/Hooded_Warbler_0134_164708.jpg,166
134.Cape_Glossy_Starling/Cape_Glossy_Starling_0054_129440.jpg,133
006.Least_Auklet/Least_Auklet_0027_795091.jpg,5
115.Brewer_Sparrow/Brewer_Sparrow_0068_107422.jpg,114
045.Northern_Fulmar/Northern_Fulmar_0029_44049.jpg,44
091.Mockingbird/Mockingbird_0010_79955.jpg,90
068.Ruby_throated_Hummingbird/Ruby_Throated_Hummingbird_0042_57431.jpg,67
108.White_necked_Raven/White_Necked_Raven_0072_797391.jpg,107
170.Mourning_Warbler/Mourning_Warbler_0029_166530.jpg,169
195.Carolina_Wren/Carolina_Wren_0065_186517.jpg,194
081.Pied_Kingfisher/Pied_Kingfisher_0007_72438.jpg,80
152.Blue_headed_Vireo/Blue_Headed_Vireo_0112_156196.jpg,151
159.Black_and_white_Warbler/Black_And_White_Warbler_0077_160440.jpg,158
087.Mallard/Mallard_0123_76653.jpg,86
006.Least_Auklet/Least_Auklet_0035_1888.jpg,5
179.Tennessee_Warbler/Tennessee_Warbler_0074_175058.jpg,178
117.Clay_colored_Sparrow/Clay_Colored_Sparrow_0029_110720.jpg,116
019.Gray_Catbird/Gray_Catbird_0048_20558.jpg,18
051.Horned_Grebe/Horned_Grebe_0031_34626.jpg,50
028.Brown_Creeper/Brown_Creeper_0053_24451.jpg,27
029.American_Crow/American_Crow_0047_25397.jpg,28
066.Western_Gull/Western_Gull_0030_54083.jpg,65
013.Bobolink/Bobolink_0119_10430.jpg,12
016.Painted_Bunting/Painted_Bunting_0055_15208.jpg,15
135.Bank_Swallow/Bank_Swallow_0020_129747.jpg,134
002.Laysan_Albatross/Laysan_Albatross_0083_756.jpg,1
150.Sage_Thrasher/Sage_Thrasher_0075_155527.jpg,149
129.Song_Sparrow/Song_Sparrow_0010_121331.jpg,128
161.Blue_winged_Warbler/Blue_Winged_Warbler_0018_161871.jpg,160
196.House_Wren/House_Wren_0107_187230.jpg,195
034.Gray_crowned_Rosy_Finch/Gray_Crowned_Rosy_Finch_0074_27156.jpg,33
050.Eared_Grebe/Eared_Grebe_0017_34139.jpg,49
053.Western_Grebe/Western_Grebe_0025_36251.jpg,52
115.Brewer_Sparrow/Brewer_Sparrow_0046_796696.jpg,114
077.Tropical_Kingbird/Tropical_Kingbird_0103_69311.jpg,76
014.Indigo_Bunting/Indigo_Bunting_0044_14389.jpg,13
025.Pelagic_Cormorant/Pelagic_Cormorant_0026_23792.jpg,24
107.Common_Raven/Common_Raven_0110_101775.jpg,106
002.Laysan_Albatross/Laysan_Albatross_0044_784.jpg,1
019.Gray_Catbird/Gray_Catbird_0129_20987.jpg,18
154.Red_eyed_Vireo/Red_Eyed_Vireo_0073_156944.jpg,153
019.Gray_Catbird/Gray_Catbird_0055_20671.jpg,18
198.Rock_Wren/Rock_Wren_0063_189121.jpg,197
122.Harris_Sparrow/Harris_Sparrow_0006_116364.jpg,121
195.Carolina_Wren/Carolina_Wren_0035_186356.jpg,194
094.White_breasted_Nuthatch/White_Breasted_Nuthatch_0064_86324.jpg,93
108.White_necked_Raven/White_Necked_Raven_0018_102746.jpg,107
057.Rose_breasted_Grosbeak/Rose_Breasted_Grosbeak_0024_39398.jpg,56
194.Cactus_Wren/Cactus_Wren_0069_186033.jpg,193
141.Artic_Tern/Artic_Tern_0085_142083.jpg,140
149.Brown_Thrasher/Brown_Thrasher_0121_155320.jpg,148
096.Hooded_Oriole/Hooded_Oriole_0126_90319.jpg,95
002.Laysan_Albatross/Laysan_Albatross_0061_563.jpg,1
054.Blue_Grosbeak/Blue_Grosbeak_0093_37107.jpg,53
136.Barn_Swallow/Barn_Swallow_0035_131832.jpg,135
098.Scott_Oriole/Scott_Oriole_0068_795804.jpg,97
101.White_Pelican/White_Pelican_0067_95573.jpg,100
112.Great_Grey_Shrike/Great_Grey_Shrike_0009_797038.jpg,111
036.Northern_Flicker/Northern_Flicker_0096_28623.jpg,35
147.Least_Tern/Least_Tern_0048_153550.jpg,146
191.Red_headed_Woodpecker/Red_Headed_Woodpecker_0020_183255.jpg,190
007.Parakeet_Auklet/Parakeet_Auklet_0041_795933.jpg,6
186.Cedar_Waxwing/Cedar_Waxwing_0013_178830.jpg,185
088.Western_Meadowlark/Western_Meadowlark_0109_77990.jpg,87
099.Ovenbird/Ovenbird_0102_93172.jpg,98
132.White_crowned_Sparrow/White_Crowned_Sparrow_0124_128082.jpg,131
159.Black_and_white_Warbler/Black_And_White_Warbler_0074_160361.jpg,158
148.Green_tailed_Towhee/Green_Tailed_Towhee_0011_797410.jpg,147
197.Marsh_Wren/Marsh_Wren_0019_188460.jpg,196
004.Groove_billed_Ani/Groove_Billed_Ani_0085_1612.jpg,3
041.Scissor_tailed_Flycatcher/Scissor_Tailed_Flycatcher_0114_41704.jpg,40
071.Long_tailed_Jaeger/Long_Tailed_Jaeger_0050_797085.jpg,70
010.Red_winged_Blackbird/Red_Winged_Blackbird_0028_4709.jpg,9
084.Red_legged_Kittiwake/Red_Legged_Kittiwake_0029_795403.jpg,83
195.Carolina_Wren/Carolina_Wren_0014_186525.jpg,194
004.Groove_billed_Ani/Groove_Billed_Ani_0071_1559.jpg,3
102.Western_Wood_Pewee/Western_Wood_Pewee_0035_795062.jpg,101
046.Gadwall/Gadwall_0069_31291.jpg,45
062.Herring_Gull/Herring_Gull_0065_48098.jpg,61
166.Golden_winged_Warbler/Golden_Winged_Warbler_0054_794847.jpg,165
184.Louisiana_Waterthrush/Louisiana_Waterthrush_0041_795279.jpg,183
193.Bewick_Wren/Bewick_Wren_0135_185251.jpg,192
112.Great_Grey_Shrike/Great_Grey_Shrike_0003_106552.jpg,111
093.Clark_Nutcracker/Clark_Nutcracker_0105_85097.jpg,92
028.Brown_Creeper/Brown_Creeper_0100_24502.jpg,27
001.Black_footed_Albatross/Black_Footed_Albatross_0056_796078.jpg,0
159.Black_and_white_Warbler/Black_And_White_Warbler_0102_160073.jpg,158
001.Black_footed_Albatross/Black_Footed_Albatross_0079_796122.jpg,0
069.Rufous_Hummingbird/Rufous_Hummingbird_0095_60360.jpg,68
064.Ring_billed_Gull/Ring_Billed_Gull_0095_50362.jpg,63
172.Nashville_Warbler/Nashville_Warbler_0036_167461.jpg,171
007.Parakeet_Auklet/Parakeet_Auklet_0028_795944.jpg,6
135.Bank_Swallow/Bank_Swallow_0024_129779.jpg,134
034.Gray_crowned_Rosy_Finch/Gray_Crowned_Rosy_Finch_0065_797301.jpg,33
032.Mangrove_Cuckoo/Mangrove_Cuckoo_0050_794594.jpg,31
199.Winter_Wren/Winter_Wren_0007_190052.jpg,198
009.Brewer_Blackbird/Brewer_Blackbird_0082_2593.jpg,8
113.Baird_Sparrow/Baird_Sparrow_0021_794576.jpg,112
193.Bewick_Wren/Bewick_Wren_0107_184908.jpg,192
136.Barn_Swallow/Barn_Swallow_0018_130709.jpg,135
164.Cerulean_Warbler/Cerulean_Warbler_0087_163451.jpg,163
064.Ring_billed_Gull/Ring_Billed_Gull_0100_52779.jpg,63
015.Lazuli_Bunting/Lazuli_Bunting_0074_14854.jpg,14
084.Red_legged_Kittiwake/Red_Legged_Kittiwake_0022_795418.jpg,83
194.Cactus_Wren/Cactus_Wren_0044_185492.jpg,193
039.Least_Flycatcher/Least_Flycatcher_0034_30151.jpg,38
086.Pacific_Loon/Pacific_Loon_0037_75800.jpg,85
062.Herring_Gull/Herring_Gull_0051_46276.jpg,61
088.Western_Meadowlark/Western_Meadowlark_0095_78568.jpg,87
113.Baird_Sparrow/Baird_Sparrow_0026_794574.jpg,112
095.Baltimore_Oriole/Baltimore_Oriole_0014_87690.jpg,94
084.Red_legged_Kittiwake/Red_Legged_Kittiwake_0069_795435.jpg,83
169.Magnolia_Warbler/Magnolia_Warbler_0042_159690.jpg,168
177.Prothonotary_Warbler/Prothonotary_Warbler_0020_174122.jpg,176
103.Sayornis/Sayornis_0081_99508.jpg,102
159.Black_and_white_Warbler/Black_And_White_Warbler_0127_160031.jpg,158
177.Prothonotary_Warbler/Prothonotary_Warbler_0084_173939.jpg,176
017.Cardinal/Cardinal_0019_17368.jpg,16
196.House_Wren/House_Wren_0097_187760.jpg,195
072.Pomarine_Jaeger/Pomarine_Jaeger_0036_61410.jpg,71
032.Mangrove_Cuckoo/Mangrove_Cuckoo_0013_794620.jpg,31
103.Sayornis/Sayornis_0129_98924.jpg,102
146.Forsters_Tern/Forsters_Tern_0002_151622.jpg,145
109.American_Redstart/American_Redstart_0067_103259.jpg,108
169.Magnolia_Warbler/Magnolia_Warbler_0032_165960.jpg,168
046.Gadwall/Gadwall_0034_31212.jpg,45
084.Red_legged_Kittiwake/Red_Legged_Kittiwake_0065_795456.jpg,83
092.Nighthawk/Nighthawk_0067_795335.jpg,91
151.Black_capped_Vireo/Black_Capped_Vireo_0041_797452.jpg,150
163.Cape_May_Warbler/Cape_May_Warbler_0068_163147.jpg,162
138.Tree_Swallow/Tree_Swallow_0105_134648.jpg,137
047.American_Goldfinch/American_Goldfinch_0086_31887.jpg,46
158.Bay_breasted_Warbler/Bay_Breasted_Warbler_0086_159860.jpg,157
088.Western_Meadowlark/Western_Meadowlark_0015_78610.jpg,87
130.Tree_Sparrow/Tree_Sparrow_0130_124932.jpg,129
199.Winter_Wren/Winter_Wren_0030_190311.jpg,198
095.Baltimore_Oriole/Baltimore_Oriole_0120_88403.jpg,94
095.Baltimore_Oriole/Baltimore_Oriole_0052_89553.jpg,94
022.Chuck_will_Widow/Chuck_Will_Widow_0012_796956.jpg,21
185.Bohemian_Waxwing/Bohemian_Waxwing_0117_177858.jpg,184
167.Hooded_Warbler/Hooded_Warbler_0121_164639.jpg,166
189.Red_bellied_Woodpecker/Red_Bellied_Woodpecker_0042_181062.jpg,188
181.Worm_eating_Warbler/Worm_Eating_Warbler_0026_176096.jpg,180
061.Heermann_Gull/Heermann_Gull_0089_45679.jpg,60
058.Pigeon_Guillemot/Pigeon_Guillemot_0068_40039.jpg,57
001.Black_footed_Albatross/Black_Footed_Albatross_0081_426.jpg,0
164.Cerulean_Warbler/Cerulean_Warbler_0071_163201.jpg,163
120.Fox_Sparrow/Fox_Sparrow_0124_114662.jpg,119
168.Kentucky_Warbler/Kentucky_Warbler_0008_165369.jpg,167
054.Blue_Grosbeak/Blue_Grosbeak_0099_36828.jpg,53
190.Red_cockaded_Woodpecker/Red_Cockaded_Woodpecker_0033_794721.jpg,189
093.Clark_Nutcracker/Clark_Nutcracker_0137_85172.jpg,92
016.Painted_Bunting/Painted_Bunting_0034_15207.jpg,15
103.Sayornis/Sayornis_0020_98727.jpg,102
007.Parakeet_Auklet/Parakeet_Auklet_0065_795969.jpg,6
092.Nighthawk/Nighthawk_0041_82183.jpg,91
140.Summer_Tanager/Summer_Tanager_0097_140042.jpg,139
169.Magnolia_Warbler/Magnolia_Warbler_0011_166382.jpg,168
007.Parakeet_Auklet/Parakeet_Auklet_0073_795939.jpg,6
072.Pomarine_Jaeger/Pomarine_Jaeger_0072_795743.jpg,71
079.Belted_Kingfisher/Belted_Kingfisher_0055_70517.jpg,78
094.White_breasted_Nuthatch/White_Breasted_Nuthatch_0055_86075.jpg,93
132.White_crowned_Sparrow/White_Crowned_Sparrow_0029_127503.jpg,131
040.Olive_sided_Flycatcher/Olive_Sided_Flycatcher_0064_30485.jpg,39
123.Henslow_Sparrow/Henslow_Sparrow_0070_796571.jpg,122
027.Shiny_Cowbird/Shiny_Cowbird_0077_24273.jpg,26
046.Gadwall/Gadwall_0030_31855.jpg,45
064.Ring_billed_Gull/Ring_Billed_Gull_0052_51357.jpg,63
093.Clark_Nutcracker/Clark_Nutcracker_0013_84791.jpg,92
179.Tennessee_Warbler/Tennessee_Warbler_0044_174824.jpg,178
018.Spotted_Catbird/Spotted_Catbird_0029_796825.jpg,17
171.Myrtle_Warbler/Myrtle_Warbler_0110_166785.jpg,170
044.Frigatebird/Frigatebird_0112_43394.jpg,43
167.Hooded_Warbler/Hooded_Warbler_0013_164627.jpg,166
184.Louisiana_Waterthrush/Louisiana_Waterthrush_0034_795242.jpg,183
004.Groove_billed_Ani/Groove_Billed_Ani_0069_1546.jpg,3
016.Painted_Bunting/Painted_Bunting_0091_15198.jpg,15
188.Pileated_Woodpecker/Pileated_Woodpecker_0011_180519.jpg,187
073.Blue_Jay/Blue_Jay_0048_62433.jpg,72
166.Golden_winged_Warbler/Golden_Winged_Warbler_0044_794836.jpg,165
020.Yellow_breasted_Chat/Yellow_Breasted_Chat_0013_22008.jpg,19
165.Chestnut_sided_Warbler/Chestnut_Sided_Warbler_0101_164324.jpg,164
106.Horned_Puffin/Horned_Puffin_0034_100895.jpg,105
105.Whip_poor_Will/Whip_Poor_Will_0035_796430.jpg,104
058.Pigeon_Guillemot/Pigeon_Guillemot_0103_39882.jpg,57
013.Bobolink/Bobolink_0107_10252.jpg,12
161.Blue_winged_Warbler/Blue_Winged_Warbler_0040_161883.jpg,160
068.Ruby_throated_Hummingbird/Ruby_Throated_Hummingbird_0059_58210.jpg,67
193.Bewick_Wren/Bewick_Wren_0023_185400.jpg,192
046.Gadwall/Gadwall_0012_30920.jpg,45
054.Blue_Grosbeak/Blue_Grosbeak_0037_36794.jpg,53
164.Cerulean_Warbler/Cerulean_Warbler_0020_163353.jpg,163
056.Pine_Grosbeak/Pine_Grosbeak_0049_38380.jpg,55
125.Lincoln_Sparrow/Lincoln_Sparrow_0115_117216.jpg,124
176.Prairie_Warbler/Prairie_Warbler_0120_173097.jpg,175
148.Green_tailed_Towhee/Green_Tailed_Towhee_0024_154855.jpg,147
023.Brandt_Cormorant/Brandt_Cormorant_0013_23391.jpg,22
180.Wilson_Warbler/Wilson_Warbler_0108_175179.jpg,179
061.Heermann_Gull/Heermann_Gull_0077_45711.jpg,60
195.Carolina_Wren/Carolina_Wren_0033_186848.jpg,194
175.Pine_Warbler/Pine_Warbler_0007_171523.jpg,174
060.Glaucous_winged_Gull/Glaucous_Winged_Gull_0087_44550.jpg,59
050.Eared_Grebe/Eared_Grebe_0064_34251.jpg,49
198.Rock_Wren/Rock_Wren_0033_189397.jpg,197
049.Boat_tailed_Grackle/Boat_Tailed_Grackle_0043_33595.jpg,48
118.House_Sparrow/House_Sparrow_0145_112703.jpg,117
033.Yellow_billed_Cuckoo/Yellow_Billed_Cuckoo_0026_26794.jpg,32
060.Glaucous_winged_Gull/Glaucous_Winged_Gull_0028_44628.jpg,59
129.Song_Sparrow/Song_Sparrow_0087_121062.jpg,128
014.Indigo_Bunting/Indigo_Bunting_0026_11964.jpg,13
094.White_breasted_Nuthatch/White_Breasted_Nuthatch_0025_85803.jpg,93
166.Golden_winged_Warbler/Golden_Winged_Warbler_0004_164470.jpg,165
163.Cape_May_Warbler/Cape_May_Warbler_0113_163130.jpg,162
021.Eastern_Towhee/Eastern_Towhee_0035_22223.jpg,20
120.Fox_Sparrow/Fox_Sparrow_0009_114796.jpg,119
051.Horned_Grebe/Horned_Grebe_0017_35073.jpg,50
057.Rose_breasted_Grosbeak/Rose_Breasted_Grosbeak_0092_39367.jpg,56
086.Pacific_Loon/Pacific_Loon_0065_75588.jpg,85
075.Green_Jay/Green_Jay_0051_65662.jpg,74
128.Seaside_Sparrow/Seaside_Sparrow_0021_120699.jpg,127
039.Least_Flycatcher/Least_Flycatcher_0063_30190.jpg,38
118.House_Sparrow/House_Sparrow_0106_111564.jpg,117
011.Rusty_Blackbird/Rusty_Blackbird_0076_6716.jpg,10
038.Great_Crested_Flycatcher/Great_Crested_Flycatcher_0049_29474.jpg,37
059.California_Gull/California_Gull_0100_41088.jpg,58
005.Crested_Auklet/Crested_Auklet_0069_785258.jpg,4
158.Bay_breasted_Warbler/Bay_Breasted_Warbler_0060_159863.jpg,157
073.Blue_Jay/Blue_Jay_0054_61656.jpg,72
154.Red_eyed_Vireo/Red_Eyed_Vireo_0053_156885.jpg,153
110.Geococcyx/Geococcyx_0028_104751.jpg,109
166.Golden_winged_Warbler/Golden_Winged_Warbler_0016_794841.jpg,165
068.Ruby_throated_Hummingbird/Ruby_Throated_Hummingbird_0055_57781.jpg,67
029.American_Crow/American_Crow_0039_25061.jpg,28
109.American_Redstart/American_Redstart_0108_103686.jpg,108
038.Great_Crested_Flycatcher/Great_Crested_Flycatcher_0092_29583.jpg,37
122.Harris_Sparrow/Harris_Sparrow_0026_116620.jpg,121
082.Ringed_Kingfisher/Ringed_Kingfisher_0039_71052.jpg,81
074.Florida_Jay/Florida_Jay_0092_64924.jpg,73
080.Green_Kingfisher/Green_Kingfisher_0010_71191.jpg,79
116.Chipping_Sparrow/Chipping_Sparrow_0032_108882.jpg,115
117.Clay_colored_Sparrow/Clay_Colored_Sparrow_0043_110685.jpg,116
120.Fox_Sparrow/Fox_Sparrow_0077_114944.jpg,119
042.Vermilion_Flycatcher/Vermilion_Flycatcher_0033_42522.jpg,41
063.Ivory_Gull/Ivory_Gull_0105_49559.jpg,62
050.Eared_Grebe/Eared_Grebe_0079_34342.jpg,49
198.Rock_Wren/Rock_Wren_0027_189331.jpg,197
085.Horned_Lark/Horned_Lark_0009_74646.jpg,84
051.Horned_Grebe/Horned_Grebe_0068_35111.jpg,50
172.Nashville_Warbler/Nashville_Warbler_0081_167234.jpg,171
103.Sayornis/Sayornis_0003_98618.jpg,102
195.Carolina_Wren/Carolina_Wren_0113_186675.jpg,194
064.Ring_billed_Gull/Ring_Billed_Gull_0070_51316.jpg,63
091.Mockingbird/Mockingbird_0035_79635.jpg,90
105.Whip_poor_Will/Whip_Poor_Will_0046_796440.jpg,104
190.Red_cockaded_Woodpecker/Red_Cockaded_Woodpecker_0021_182647.jpg,189
185.Bohemian_Waxwing/Bohemian_Waxwing_0072_177901.jpg,184
102.Western_Wood_Pewee/Western_Wood_Pewee_0015_98184.jpg,101
091.Mockingbird/Mockingbird_0096_79878.jpg,90
174.Palm_Warbler/Palm_Warbler_0126_170311.jpg,173
148.Green_tailed_Towhee/Green_Tailed_Towhee_0027_154823.jpg,147
182.Yellow_Warbler/Yellow_Warbler_0020_176364.jpg,181
020.Yellow_breasted_Chat/Yellow_Breasted_Chat_0058_21864.jpg,19
039.Least_Flycatcher/Least_Flycatcher_0070_30147.jpg,38
031.Black_billed_Cuckoo/Black_Billed_Cuckoo_0058_795292.jpg,30
057.Rose_breasted_Grosbeak/Rose_Breasted_Grosbeak_0068_39094.jpg,56
101.White_Pelican/White_Pelican_0059_96675.jpg,100
087.Mallard/Mallard_0020_76239.jpg,86
057.Rose_breasted_Grosbeak/Rose_Breasted_Grosbeak_0077_39613.jpg,56
120.Fox_Sparrow/Fox_Sparrow_0092_114774.jpg,119
006.Least_Auklet/Least_Auklet_0008_795071.jpg,5
058.Pigeon_Guillemot/Pigeon_Guillemot_0024_39814.jpg,57
045.Northern_Fulmar/Northern_Fulmar_0100_43732.jpg,44
003.Sooty_Albatross/Sooty_Albatross_0032_1149.jpg,2
112.Great_Grey_Shrike/Great_Grey_Shrike_0076_797050.jpg,111
144.Common_Tern/Common_Tern_0100_149541.jpg,143
067.Anna_Hummingbird/Anna_Hummingbird_0094_56092.jpg,66
169.Magnolia_Warbler/Magnolia_Warbler_0102_165884.jpg,168
188.Pileated_Woodpecker/Pileated_Woodpecker_0065_180324.jpg,187
040.Olive_sided_Flycatcher/Olive_Sided_Flycatcher_0034_30672.jpg,39
198.Rock_Wren/Rock_Wren_0069_188969.jpg,197
144.Common_Tern/Common_Tern_0043_147753.jpg,143
160.Black_throated_Blue_Warbler/Black_Throated_Blue_Warbler_0121_161418.jpg,159
014.Indigo_Bunting/Indigo_Bunting_0005_13832.jpg,13
107.Common_Raven/Common_Raven_0002_102582.jpg,106
067.Anna_Hummingbird/Anna_Hummingbird_0102_56087.jpg,66
177.Prothonotary_Warbler/Prothonotary_Warbler_0045_173536.jpg,176
076.Dark_eyed_Junco/Dark_Eyed_Junco_0043_68689.jpg,75
170.Mourning_Warbler/Mourning_Warbler_0034_795384.jpg,169
037.Acadian_Flycatcher/Acadian_Flycatcher_0020_29069.jpg,36
167.Hooded_Warbler/Hooded_Warbler_0021_165057.jpg,166
145.Elegant_Tern/Elegant_Tern_0029_150494.jpg,144
143.Caspian_Tern/Caspian_Tern_0070_147545.jpg,142
142.Black_Tern/Black_Tern_0019_144680.jpg,141
099.Ovenbird/Ovenbird_0059_92470.jpg,98
074.Florida_Jay/Florida_Jay_0104_64885.jpg,73
050.Eared_Grebe/Eared_Grebe_0020_34131.jpg,49
063.Ivory_Gull/Ivory_Gull_0045_49696.jpg,62
008.Rhinoceros_Auklet/Rhinoceros_Auklet_0029_797520.jpg,7
053.Western_Grebe/Western_Grebe_0075_36435.jpg,52
133.White_throated_Sparrow/White_Throated_Sparrow_0085_129180.jpg,132
173.Orange_crowned_Warbler/Orange_Crowned_Warbler_0067_167588.jpg,172
126.Nelson_Sharp_tailed_Sparrow/Nelson_Sharp_Tailed_Sparrow_0015_796922.jpg,125
114.Black_throated_Sparrow/Black_Throated_Sparrow_0072_107255.jpg,113
191.Red_headed_Woodpecker/Red_Headed_Woodpecker_0005_183414.jpg,190
109.American_Redstart/American_Redstart_0093_103071.jpg,108
143.Caspian_Tern/Caspian_Tern_0029_147589.jpg,142
034.Gray_crowned_Rosy_Finch/Gray_Crowned_Rosy_Finch_0026_27160.jpg,33
058.Pigeon_Guillemot/Pigeon_Guillemot_0014_40040.jpg,57
171.Myrtle_Warbler/Myrtle_Warbler_0073_166798.jpg,170
042.Vermilion_Flycatcher/Vermilion_Flycatcher_0040_42398.jpg,41
023.Brandt_Cormorant/Brandt_Cormorant_0045_22916.jpg,22
022.Chuck_will_Widow/Chuck_Will_Widow_0026_796963.jpg,21
160.Black_throated_Blue_Warbler/Black_Throated_Blue_Warbler_0061_161667.jpg,159
164.Cerulean_Warbler/Cerulean_Warbler_0014_797226.jpg,163
016.Painted_Bunting/Painted_Bunting_0006_15249.jpg,15
094.White_breasted_Nuthatch/White_Breasted_Nuthatch_0097_85940.jpg,93
172.Nashville_Warbler/Nashville_Warbler_0064_167411.jpg,171
057.Rose_breasted_Grosbeak/Rose_Breasted_Grosbeak_0012_39149.jpg,56
159.Black_and_white_Warbler/Black_And_White_Warbler_0051_160603.jpg,158
067.Anna_Hummingbird/Anna_Hummingbird_0017_56954.jpg,66
006.Least_Auklet/Least_Auklet_0016_1903.jpg,5
191.Red_headed_Woodpecker/Red_Headed_Woodpecker_0041_182788.jpg,190
027.Shiny_Cowbird/Shiny_Cowbird_0001_796860.jpg,26
103.Sayornis/Sayornis_0109_98906.jpg,102
037.Acadian_Flycatcher/Acadian_Flycatcher_0003_29094.jpg,36
017.Cardinal/Cardinal_0089_18005.jpg,16
140.Summer_Tanager/Summer_Tanager_0034_139781.jpg,139
066.Western_Gull/Western_Gull_0093_54925.jpg,65
197.Marsh_Wren/Marsh_Wren_0094_188710.jpg,196
015.Lazuli_Bunting/Lazuli_Bunting_0102_14605.jpg,14
142.Black_Tern/Black_Tern_0061_143959.jpg,141
183.Northern_Waterthrush/Northern_Waterthrush_0011_177311.jpg,182
175.Pine_Warbler/Pine_Warbler_0010_171239.jpg,174
030.Fish_Crow/Fish_Crow_0004_25936.jpg,29
188.Pileated_Woodpecker/Pileated_Woodpecker_0033_180179.jpg,187
124.Le_Conte_Sparrow/Le_Conte_Sparrow_0040_117088.jpg,123
139.Scarlet_Tanager/Scarlet_Tanager_0017_138484.jpg,138
048.European_Goldfinch/European_Goldfinch_0053_794639.jpg,47
091.Mockingbird/Mockingbird_0059_82126.jpg,90
100.Brown_Pelican/Brown_Pelican_0139_93995.jpg,99
009.Brewer_Blackbird/Brewer_Blackbird_0030_2268.jpg,8
068.Ruby_throated_Hummingbird/Ruby_Throated_Hummingbird_0088_57366.jpg,67
167.Hooded_Warbler/Hooded_Warbler_0014_164672.jpg,166
184.Louisiana_Waterthrush/Louisiana_Waterthrush_0029_795262.jpg,183
200.Common_Yellowthroat/Common_Yellowthroat_0049_190708.jpg,199
115.Brewer_Sparrow/Brewer_Sparrow_0063_796714.jpg,114
005.Crested_Auklet/Crested_Auklet_0066_785251.jpg,4
144.Common_Tern/Common_Tern_0001_149721.jpg,143
058.Pigeon_Guillemot/Pigeon_Guillemot_0028_40046.jpg,57
178.Swainson_Warbler/Swainson_Warbler_0030_794864.jpg,177
078.Gray_Kingbird/Gray_Kingbird_0052_795024.jpg,77
008.Rhinoceros_Auklet/Rhinoceros_Auklet_0012_2161.jpg,7
175.Pine_Warbler/Pine_Warbler_0091_171627.jpg,174
180.Wilson_Warbler/Wilson_Warbler_0100_175726.jpg,179
197.Marsh_Wren/Marsh_Wren_0107_188390.jpg,196
113.Baird_Sparrow/Baird_Sparrow_0047_787318.jpg,112
162.Canada_Warbler/Canada_Warbler_0019_162409.jpg,161
092.Nighthawk/Nighthawk_0076_82686.jpg,91
159.Black_and_white_Warbler/Black_And_White_Warbler_0053_160010.jpg,158
058.Pigeon_Guillemot/Pigeon_Guillemot_0092_39864.jpg,57
018.Spotted_Catbird/Spotted_Catbird_0028_796813.jpg,17
039.Least_Flycatcher/Least_Flycatcher_0076_30117.jpg,38
191.Red_headed_Woodpecker/Red_Headed_Woodpecker_0076_183288.jpg,190
115.Brewer_Sparrow/Brewer_Sparrow_0008_796703.jpg,114
030.Fish_Crow/Fish_Crow_0024_26064.jpg,29
100.Brown_Pelican/Brown_Pelican_0131_94464.jpg,99
190.Red_cockaded_Woodpecker/Red_Cockaded_Woodpecker_0052_794752.jpg,189
071.Long_tailed_Jaeger/Long_Tailed_Jaeger_0056_797092.jpg,70
190.Red_cockaded_Woodpecker/Red_Cockaded_Woodpecker_0039_794736.jpg,189
192.Downy_Woodpecker/Downy_Woodpecker_0033_184636.jpg,191
071.Long_tailed_Jaeger/Long_Tailed_Jaeger_0062_797104.jpg,70
074.Florida_Jay/Florida_Jay_0063_64781.jpg,73
082.Ringed_Kingfisher/Ringed_Kingfisher_0027_72948.jpg,81
059.California_Gull/California_Gull_0053_41011.jpg,58
091.Mockingbird/Mockingbird_0050_80184.jpg,90
038.Great_Crested_Flycatcher/Great_Crested_Flycatcher_0063_29507.jpg,37
068.Ruby_throated_Hummingbird/Ruby_Throated_Hummingbird_0058_57298.jpg,67
177.Prothonotary_Warbler/Prothonotary_Warbler_0070_174650.jpg,176
152.Blue_headed_Vireo/Blue_Headed_Vireo_0089_156062.jpg,151
182.Yellow_Warbler/Yellow_Warbler_0030_176236.jpg,181
057.Rose_breasted_Grosbeak/Rose_Breasted_Grosbeak_0104_39189.jpg,56
176.Prairie_Warbler/Prairie_Warbler_0135_172745.jpg,175
028.Brown_Creeper/Brown_Creeper_0103_24632.jpg,27
153.Philadelphia_Vireo/Philadelphia_Vireo_0013_794772.jpg,152
050.Eared_Grebe/Eared_Grebe_0038_34321.jpg,49
173.Orange_crowned_Warbler/Orange_Crowned_Warbler_0049_167974.jpg,172
031.Black_billed_Cuckoo/Black_Billed_Cuckoo_0084_26175.jpg,30
079.Belted_Kingfisher/Belted_Kingfisher_0047_70705.jpg,78
148.Green_tailed_Towhee/Green_Tailed_Towhee_0039_154802.jpg,147
052.Pied_billed_Grebe/Pied_Billed_Grebe_0064_35843.jpg,51
193.Bewick_Wren/Bewick_Wren_0067_184816.jpg,192
013.Bobolink/Bobolink_0013_9367.jpg,12
152.Blue_headed_Vireo/Blue_Headed_Vireo_0119_156259.jpg,151
092.Nighthawk/Nighthawk_0082_82242.jpg,91
032.Mangrove_Cuckoo/Mangrove_Cuckoo_0004_794614.jpg,31
085.Horned_Lark/Horned_Lark_0049_74574.jpg,84
018.Spotted_Catbird/Spotted_Catbird_0005_19411.jpg,17
147.Least_Tern/Least_Tern_0119_153950.jpg,146
172.Nashville_Warbler/Nashville_Warbler_0055_167331.jpg,171
157.Yellow_throated_Vireo/Yellow_Throated_Vireo_0041_794998.jpg,156
191.Red_headed_Woodpecker/Red_Headed_Woodpecker_0088_183246.jpg,190
103.Sayornis/Sayornis_0058_98798.jpg,102
044.Frigatebird/Frigatebird_0004_43221.jpg,43
044.Frigatebird/Frigatebird_0115_42973.jpg,43
064.Ring_billed_Gull/Ring_Billed_Gull_0033_51288.jpg,63
156.White_eyed_Vireo/White_Eyed_Vireo_0019_159095.jpg,155
010.Red_winged_Blackbird/Red_Winged_Blackbird_0044_5621.jpg,9
085.Horned_Lark/Horned_Lark_0130_74001.jpg,84
003.Sooty_Albatross/Sooty_Albatross_0057_796354.jpg,2
149.Brown_Thrasher/Brown_Thrasher_0119_155170.jpg,148
063.Ivory_Gull/Ivory_Gull_0089_49699.jpg,62
077.Tropical_Kingbird/Tropical_Kingbird_0031_69333.jpg,76
030.Fish_Crow/Fish_Crow_0076_25971.jpg,29
099.Ovenbird/Ovenbird_0096_93131.jpg,98
063.Ivory_Gull/Ivory_Gull_0055_49353.jpg,62
070.Green_Violetear/Green_Violetear_0009_795647.jpg,69
087.Mallard/Mallard_0082_75954.jpg,86
007.Parakeet_Auklet/Parakeet_Auklet_0056_795926.jpg,6
012.Yellow_headed_Blackbird/Yellow_Headed_Blackbird_0091_8555.jpg,11
130.Tree_Sparrow/Tree_Sparrow_0077_123417.jpg,129
118.House_Sparrow/House_Sparrow_0128_110971.jpg,117
057.Rose_breasted_Grosbeak/Rose_Breasted_Grosbeak_0088_39035.jpg,56
192.Downy_Woodpecker/Downy_Woodpecker_0138_184385.jpg,191
103.Sayornis/Sayornis_0113_98630.jpg,102
030.Fish_Crow/Fish_Crow_0069_26008.jpg,29
142.Black_Tern/Black_Tern_0013_143892.jpg,141
128.Seaside_Sparrow/Seaside_Sparrow_0041_796529.jpg,127
143.Caspian_Tern/Caspian_Tern_0059_145582.jpg,142
191.Red_headed_Woodpecker/Red_Headed_Woodpecker_0078_183427.jpg,190
079.Belted_Kingfisher/Belted_Kingfisher_0061_70363.jpg,78
033.Yellow_billed_Cuckoo/Yellow_Billed_Cuckoo_0069_26597.jpg,32
154.Red_eyed_Vireo/Red_Eyed_Vireo_0095_157082.jpg,153
009.Brewer_Blackbird/Brewer_Blackbird_0070_2325.jpg,8
169.Magnolia_Warbler/Magnolia_Warbler_0137_165507.jpg,168
043.Yellow_bellied_Flycatcher/Yellow_Bellied_Flycatcher_0044_795480.jpg,42
157.Yellow_throated_Vireo/Yellow_Throated_Vireo_0054_159635.jpg,156
111.Loggerhead_Shrike/Loggerhead_Shrike_0103_105137.jpg,110
150.Sage_Thrasher/Sage_Thrasher_0077_155608.jpg,149
048.European_Goldfinch/European_Goldfinch_0003_33066.jpg,47
121.Grasshopper_Sparrow/Grasshopper_Sparrow_0020_116289.jpg,120
098.Scott_Oriole/Scott_Oriole_0058_795849.jpg,97
168.Kentucky_Warbler/Kentucky_Warbler_0080_165351.jpg,167
149.Brown_Thrasher/Brown_Thrasher_0001_155380.jpg,148
006.Least_Auklet/Least_Auklet_0012_795074.jpg,5
193.Bewick_Wren/Bewick_Wren_0039_184989.jpg,192
009.Brewer_Blackbird/Brewer_Blackbird_0074_2277.jpg,8
113.Baird_Sparrow/Baird_Sparrow_0048_787323.jpg,112
177.Prothonotary_Warbler/Prothonotary_Warbler_0076_174118.jpg,176
177.Prothonotary_Warbler/Prothonotary_Warbler_0097_174554.jpg,176
016.Painted_Bunting/Painted_Bunting_0079_15197.jpg,15
044.Frigatebird/Frigatebird_0008_43058.jpg,43
101.White_Pelican/White_Pelican_0037_95570.jpg,100
171.Myrtle_Warbler/Myrtle_Warbler_0043_166708.jpg,170
059.California_Gull/California_Gull_0021_41471.jpg,58
013.Bobolink/Bobolink_0065_9375.jpg,12
117.Clay_colored_Sparrow/Clay_Colored_Sparrow_0062_110908.jpg,116
160.Black_throated_Blue_Warbler/Black_Throated_Blue_Warbler_0137_161207.jpg,159
189.Red_bellied_Woodpecker/Red_Bellied_Woodpecker_0069_181248.jpg,188
163.Cape_May_Warbler/Cape_May_Warbler_0061_163061.jpg,162
033.Yellow_billed_Cuckoo/Yellow_Billed_Cuckoo_0027_26844.jpg,32
137.Cliff_Swallow/Cliff_Swallow_0045_133591.jpg,136
016.Painted_Bunting/Painted_Bunting_0071_15209.jpg,15
032.Mangrove_Cuckoo/Mangrove_Cuckoo_0029_794624.jpg,31
144.Common_Tern/Common_Tern_0029_148035.jpg,143
173.Orange_crowned_Warbler/Orange_Crowned_Warbler_0056_167876.jpg,172
198.Rock_Wren/Rock_Wren_0118_188964.jpg,197
046.Gadwall/Gadwall_0070_31187.jpg,45
159.Black_and_white_Warbler/Black_And_White_Warbler_0060_160764.jpg,158
081.Pied_Kingfisher/Pied_Kingfisher_0016_72280.jpg,80
162.Canada_Warbler/Canada_Warbler_0040_162352.jpg,161
003.Sooty_Albatross/Sooty_Albatross_0023_796401.jpg,2
191.Red_headed_Woodpecker/Red_Headed_Woodpecker_0101_182538.jpg,190
189.Red_bellied_Woodpecker/Red_Bellied_Woodpecker_0110_181188.jpg,188
153.Philadelphia_Vireo/Philadelphia_Vireo_0001_156554.jpg,152
061.Heermann_Gull/Heermann_Gull_0086_45304.jpg,60
040.Olive_sided_Flycatcher/Olive_Sided_Flycatcher_0001_30669.jpg,39
056.Pine_Grosbeak/Pine_Grosbeak_0059_38581.jpg,55
124.Le_Conte_Sparrow/Le_Conte_Sparrow_0043_795213.jpg,123
090.Red_breasted_Merganser/Red_Breasted_Merganser_0022_79274.jpg,89
161.Blue_winged_Warbler/Blue_Winged_Warbler_0037_161999.jpg,160
047.American_Goldfinch/American_Goldfinch_0089_32152.jpg,46
134.Cape_Glossy_Starling/Cape_Glossy_Starling_0070_129322.jpg,133
015.Lazuli_Bunting/Lazuli_Bunting_0027_14895.jpg,14
062.Herring_Gull/Herring_Gull_0054_46164.jpg,61
087.Mallard/Mallard_0069_76926.jpg,86
020.Yellow_breasted_Chat/Yellow_Breasted_Chat_0065_22137.jpg,19
116.Chipping_Sparrow/Chipping_Sparrow_0015_108462.jpg,115
007.Parakeet_Auklet/Parakeet_Auklet_0003_795982.jpg,6
174.Palm_Warbler/Palm_Warbler_0060_168686.jpg,173
109.American_Redstart/American_Redstart_0128_102983.jpg,108
073.Blue_Jay/Blue_Jay_0095_63505.jpg,72
124.Le_Conte_Sparrow/Le_Conte_Sparrow_0022_117039.jpg,123
079.Belted_Kingfisher/Belted_Kingfisher_0053_70899.jpg,78
037.Acadian_Flycatcher/Acadian_Flycatcher_0033_29195.jpg,36
192.Downy_Woodpecker/Downy_Woodpecker_0096_184532.jpg,191
199.Winter_Wren/Winter_Wren_0095_189985.jpg,198
065.Slaty_backed_Gull/Slaty_Backed_Gull_0038_796044.jpg,64
054.Blue_Grosbeak/Blue_Grosbeak_0029_37197.jpg,53
172.Nashville_Warbler/Nashville_Warbler_0118_167350.jpg,171
012.Yellow_headed_Blackbird/Yellow_Headed_Blackbird_0008_8756.jpg,11
122.Harris_Sparrow/Harris_Sparrow_0005_116694.jpg,121
037.Acadian_Flycatcher/Acadian_Flycatcher_0039_795606.jpg,36
060.Glaucous_winged_Gull/Glaucous_Winged_Gull_0051_44543.jpg,59
019.Gray_Catbird/Gray_Catbird_0015_21230.jpg,18
178.Swainson_Warbler/Swainson_Warbler_0038_794882.jpg,177
187.American_Three_toed_Woodpecker/American_Three_Toed_Woodpecker_0002_179885.jpg,186
044.Frigatebird/Frigatebird_0059_42838.jpg,43
045.Northern_Fulmar/Northern_Fulmar_0047_43698.jpg,44
129.Song_Sparrow/Song_Sparrow_0058_121832.jpg,128
042.Vermilion_Flycatcher/Vermilion_Flycatcher_0061_42397.jpg,41
138.Tree_Swallow/Tree_Swallow_0064_136322.jpg,137
017.Cardinal/Cardinal_0081_17291.jpg,16
049.Boat_tailed_Grackle/Boat_Tailed_Grackle_0011_34020.jpg,48
134.Cape_Glossy_Starling/Cape_Glossy_Starling_0084_129346.jpg,133
150.Sage_Thrasher/Sage_Thrasher_0079_155718.jpg,149
034.Gray_crowned_Rosy_Finch/Gray_Crowned_Rosy_Finch_0063_27123.jpg,33
156.White_eyed_Vireo/White_Eyed_Vireo_0029_159334.jpg,155
146.Forsters_Tern/Forsters_Tern_0075_152258.jpg,145
080.Green_Kingfisher/Green_Kingfisher_0031_71229.jpg,79
094.White_breasted_Nuthatch/White_Breasted_Nuthatch_0065_85829.jpg,93
002.Laysan_Albatross/Laysan_Albatross_0039_924.jpg,1
069.Rufous_Hummingbird/Rufous_Hummingbird_0115_59202.jpg,68
156.White_eyed_Vireo/White_Eyed_Vireo_0040_159101.jpg,155
156.White_eyed_Vireo/White_Eyed_Vireo_0015_159081.jpg,155
014.Indigo_Bunting/Indigo_Bunting_0080_13416.jpg,13
007.Parakeet_Auklet/Parakeet_Auklet_0047_795956.jpg,6
183.Northern_Waterthrush/Northern_Waterthrush_0048_177129.jpg,182
125.Lincoln_Sparrow/Lincoln_Sparrow_0046_117405.jpg,124
069.Rufous_Hummingbird/Rufous_Hummingbird_0116_58568.jpg,68
099.Ovenbird/Ovenbird_0064_93208.jpg,98
182.Yellow_Warbler/Yellow_Warbler_0056_176320.jpg,181
143.Caspian_Tern/Caspian_Tern_0046_145627.jpg,142
099.Ovenbird/Ovenbird_0137_92639.jpg,98
012.Yellow_headed_Blackbird/Yellow_Headed_Blackbird_0074_8452.jpg,11
075.Green_Jay/Green_Jay_0100_65786.jpg,74
061.Heermann_Gull/Heermann_Gull_0112_45748.jpg,60
071.Long_tailed_Jaeger/Long_Tailed_Jaeger_0018_61081.jpg,70
003.Sooty_Albatross/Sooty_Albatross_0077_1080.jpg,2
104.American_Pipit/American_Pipit_0015_99932.jpg,103
146.Forsters_Tern/Forsters_Tern_0080_152521.jpg,145
054.Blue_Grosbeak/Blue_Grosbeak_0038_37095.jpg,53
019.Gray_Catbird/Gray_Catbird_0067_21043.jpg,18
065.Slaty_backed_Gull/Slaty_Backed_Gull_0049_53318.jpg,64
028.Brown_Creeper/Brown_Creeper_0114_24649.jpg,27
168.Kentucky_Warbler/Kentucky_Warbler_0050_165278.jpg,167
019.Gray_Catbird/Gray_Catbird_0131_19633.jpg,18
189.Red_bellied_Woodpecker/Red_Bellied_Woodpecker_0021_182303.jpg,188
105.Whip_poor_Will/Whip_Poor_Will_0044_796407.jpg,104
081.Pied_Kingfisher/Pied_Kingfisher_0029_72440.jpg,80
039.Least_Flycatcher/Least_Flycatcher_0036_30213.jpg,38
137.Cliff_Swallow/Cliff_Swallow_0087_133294.jpg,136
018.Spotted_Catbird/Spotted_Catbird_0010_19436.jpg,17
164.Cerulean_Warbler/Cerulean_Warbler_0084_797177.jpg,163
039.Least_Flycatcher/Least_Flycatcher_0001_30221.jpg,38
085.Horned_Lark/Horned_Lark_0067_75266.jpg,84
084.Red_legged_Kittiwake/Red_Legged_Kittiwake_0016_795460.jpg,83
056.Pine_Grosbeak/Pine_Grosbeak_0043_38992.jpg,55
114.Black_throated_Sparrow/Black_Throated_Sparrow_0096_107238.jpg,113
119.Field_Sparrow/Field_Sparrow_0121_113455.jpg,118
090.Red_breasted_Merganser/Red_Breasted_Merganser_0021_79168.jpg,89
187.American_Three_toed_Woodpecker/American_Three_Toed_Woodpecker_0010_179874.jpg,186
032.Mangrove_Cuckoo/Mangrove_Cuckoo_0046_794616.jpg,31
028.Brown_Creeper/Brown_Creeper_0047_24984.jpg,27
190.Red_cockaded_Woodpecker/Red_Cockaded_Woodpecker_0027_794713.jpg,189
111.Loggerhead_Shrike/Loggerhead_Shrike_0065_104856.jpg,110
009.Brewer_Blackbird/Brewer_Blackbird_0095_2610.jpg,8
174.Palm_Warbler/Palm_Warbler_0028_169670.jpg,173
026.Bronzed_Cowbird/Bronzed_Cowbird_0001_796219.jpg,25
154.Red_eyed_Vireo/Red_Eyed_Vireo_0045_157252.jpg,153
074.Florida_Jay/Florida_Jay_0018_64994.jpg,73
088.Western_Meadowlark/Western_Meadowlark_0052_77781.jpg,87
144.Common_Tern/Common_Tern_0117_148944.jpg,143
106.Horned_Puffin/Horned_Puffin_0052_100977.jpg,105
004.Groove_billed_Ani/Groove_Billed_Ani_0072_1696.jpg,3
116.Chipping_Sparrow/Chipping_Sparrow_0053_109774.jpg,115
186.Cedar_Waxwing/Cedar_Waxwing_0093_178139.jpg,185
085.Horned_Lark/Horned_Lark_0089_74386.jpg,84
195.Carolina_Wren/Carolina_Wren_0047_186928.jpg,194
005.Crested_Auklet/Crested_Auklet_0012_794960.jpg,4
039.Least_Flycatcher/Least_Flycatcher_0047_30393.jpg,38
048.European_Goldfinch/European_Goldfinch_0006_794661.jpg,47
184.Louisiana_Waterthrush/Louisiana_Waterthrush_0003_177479.jpg,183
020.Yellow_breasted_Chat/Yellow_Breasted_Chat_0077_21986.jpg,19
070.Green_Violetear/Green_Violetear_0108_795711.jpg,69
134.Cape_Glossy_Starling/Cape_Glossy_Starling_0065_129299.jpg,133
106.Horned_Puffin/Horned_Puffin_0022_100766.jpg,105
061.Heermann_Gull/Heermann_Gull_0135_45283.jpg,60
095.Baltimore_Oriole/Baltimore_Oriole_0069_87839.jpg,94
014.Indigo_Bunting/Indigo_Bunting_0056_12637.jpg,13
131.Vesper_Sparrow/Vesper_Sparrow_0062_125669.jpg,130
080.Green_Kingfisher/Green_Kingfisher_0069_71053.jpg,79
038.Great_Crested_Flycatcher/Great_Crested_Flycatcher_0105_29456.jpg,37
124.Le_Conte_Sparrow/Le_Conte_Sparrow_0055_117036.jpg,123
036.Northern_Flicker/Northern_Flicker_0111_28402.jpg,35
143.Caspian_Tern/Caspian_Tern_0116_145607.jpg,142
085.Horned_Lark/Horned_Lark_0015_74855.jpg,84
099.Ovenbird/Ovenbird_0135_93168.jpg,98
160.Black_throated_Blue_Warbler/Black_Throated_Blue_Warbler_0123_161542.jpg,159
180.Wilson_Warbler/Wilson_Warbler_0122_175937.jpg,179
041.Scissor_tailed_Flycatcher/Scissor_Tailed_Flycatcher_0005_41727.jpg,40
010.Red_winged_Blackbird/Red_Winged_Blackbird_0061_4196.jpg,9
168.Kentucky_Warbler/Kentucky_Warbler_0068_795893.jpg,167
012.Yellow_headed_Blackbird/Yellow_Headed_Blackbird_0083_8300.jpg,11
111.Loggerhead_Shrike/Loggerhead_Shrike_0109_105710.jpg,110
032.Mangrove_Cuckoo/Mangrove_Cuckoo_0045_794612.jpg,31
046.Gadwall/Gadwall_0005_30924.jpg,45
121.Grasshopper_Sparrow/Grasshopper_Sparrow_0050_116301.jpg,120
168.Kentucky_Warbler/Kentucky_Warbler_0079_165339.jpg,167
144.Common_Tern/Common_Tern_0019_149769.jpg,143
118.House_Sparrow/House_Sparrow_0008_111204.jpg,117
080.Green_Kingfisher/Green_Kingfisher_0066_71200.jpg,79
017.Cardinal/Cardinal_0052_18334.jpg,16
028.Brown_Creeper/Brown_Creeper_0127_24656.jpg,27
200.Common_Yellowthroat/Common_Yellowthroat_0075_190900.jpg,199
001.Black_footed_Albatross/Black_Footed_Albatross_0023_796059.jpg,0
004.Groove_billed_Ani/Groove_Billed_Ani_0091_1728.jpg,3
124.Le_Conte_Sparrow/Le_Conte_Sparrow_0071_795185.jpg,123
156.White_eyed_Vireo/White_Eyed_Vireo_0110_158947.jpg,155
022.Chuck_will_Widow/Chuck_Will_Widow_0003_796977.jpg,21
051.Horned_Grebe/Horned_Grebe_0019_34811.jpg,50
025.Pelagic_Cormorant/Pelagic_Cormorant_0011_23667.jpg,24
197.Marsh_Wren/Marsh_Wren_0056_188241.jpg,196
012.Yellow_headed_Blackbird/Yellow_Headed_Blackbird_0003_8337.jpg,11
128.Seaside_Sparrow/Seaside_Sparrow_0001_120720.jpg,127
014.Indigo_Bunting/Indigo_Bunting_0003_13049.jpg,13
189.Red_bellied_Woodpecker/Red_Bellied_Woodpecker_0057_182154.jpg,188
088.Western_Meadowlark/Western_Meadowlark_0098_78382.jpg,87
155.Warbling_Vireo/Warbling_Vireo_0119_158819.jpg,154
124.Le_Conte_Sparrow/Le_Conte_Sparrow_0007_795148.jpg,123
063.Ivory_Gull/Ivory_Gull_0005_49021.jpg,62
089.Hooded_Merganser/Hooded_Merganser_0021_796732.jpg,88
158.Bay_breasted_Warbler/Bay_Breasted_Warbler_0097_159974.jpg,157
106.Horned_Puffin/Horned_Puffin_0082_100876.jpg,105
081.Pied_Kingfisher/Pied_Kingfisher_0106_71404.jpg,80
073.Blue_Jay/Blue_Jay_0061_63645.jpg,72
108.White_necked_Raven/White_Necked_Raven_0063_797361.jpg,107
058.Pigeon_Guillemot/Pigeon_Guillemot_0081_40339.jpg,57
066.Western_Gull/Western_Gull_0006_53504.jpg,65
086.Pacific_Loon/Pacific_Loon_0029_75495.jpg,85
125.Lincoln_Sparrow/Lincoln_Sparrow_0084_117492.jpg,124
118.House_Sparrow/House_Sparrow_0059_111164.jpg,117
094.White_breasted_Nuthatch/White_Breasted_Nuthatch_0094_86156.jpg,93
075.Green_Jay/Green_Jay_0043_65805.jpg,74
090.Red_breasted_Merganser/Red_Breasted_Merganser_0023_79477.jpg,89
141.Artic_Tern/Artic_Tern_0039_141390.jpg,140
114.Black_throated_Sparrow/Black_Throated_Sparrow_0066_106974.jpg,113
058.Pigeon_Guillemot/Pigeon_Guillemot_0019_40515.jpg,57
023.Brandt_Cormorant/Brandt_Cormorant_0038_23110.jpg,22
032.Mangrove_Cuckoo/Mangrove_Cuckoo_0006_794626.jpg,31
102.Western_Wood_Pewee/Western_Wood_Pewee_0039_795063.jpg,101
133.White_throated_Sparrow/White_Throated_Sparrow_0056_128906.jpg,132
130.Tree_Sparrow/Tree_Sparrow_0041_123497.jpg,129
183.Northern_Waterthrush/Northern_Waterthrush_0022_177003.jpg,182
099.Ovenbird/Ovenbird_0118_93002.jpg,98
118.House_Sparrow/House_Sparrow_0011_112099.jpg,117
014.Indigo_Bunting/Indigo_Bunting_0002_12163.jpg,13
064.Ring_billed_Gull/Ring_Billed_Gull_0063_51256.jpg,63
051.Horned_Grebe/Horned_Grebe_0088_35023.jpg,50
161.Blue_winged_Warbler/Blue_Winged_Warbler_0002_161890.jpg,160
170.Mourning_Warbler/Mourning_Warbler_0051_795352.jpg,169
120.Fox_Sparrow/Fox_Sparrow_0078_114582.jpg,119
110.Geococcyx/Geococcyx_0068_104149.jpg,109
082.Ringed_Kingfisher/Ringed_Kingfisher_0004_72966.jpg,81
055.Evening_Grosbeak/Evening_Grosbeak_0041_37928.jpg,54
096.Hooded_Oriole/Hooded_Oriole_0050_90629.jpg,95
094.White_breasted_Nuthatch/White_Breasted_Nuthatch_0111_86621.jpg,93
042.Vermilion_Flycatcher/Vermilion_Flycatcher_0027_42388.jpg,41
131.Vesper_Sparrow/Vesper_Sparrow_0018_125651.jpg,130
008.Rhinoceros_Auklet/Rhinoceros_Auklet_0017_2155.jpg,7
165.Chestnut_sided_Warbler/Chestnut_Sided_Warbler_0016_164060.jpg,164
090.Red_breasted_Merganser/Red_Breasted_Merganser_0071_79379.jpg,89
140.Summer_Tanager/Summer_Tanager_0037_140330.jpg,139
087.Mallard/Mallard_0025_76465.jpg,86
020.Yellow_breasted_Chat/Yellow_Breasted_Chat_0075_21715.jpg,19
098.Scott_Oriole/Scott_Oriole_0024_92302.jpg,97
149.Brown_Thrasher/Brown_Thrasher_0013_155329.jpg,148
169.Magnolia_Warbler/Magnolia_Warbler_0123_166389.jpg,168
180.Wilson_Warbler/Wilson_Warbler_0083_175253.jpg,179
011.Rusty_Blackbird/Rusty_Blackbird_0091_6695.jpg,10
178.Swainson_Warbler/Swainson_Warbler_0024_794885.jpg,177
108.White_necked_Raven/White_Necked_Raven_0068_102610.jpg,107
047.American_Goldfinch/American_Goldfinch_0104_32540.jpg,46
020.Yellow_breasted_Chat/Yellow_Breasted_Chat_0014_21970.jpg,19
043.Yellow_bellied_Flycatcher/Yellow_Bellied_Flycatcher_0008_42703.jpg,42
184.Louisiana_Waterthrush/Louisiana_Waterthrush_0082_177596.jpg,183
065.Slaty_backed_Gull/Slaty_Backed_Gull_0045_796025.jpg,64
010.Red_winged_Blackbird/Red_Winged_Blackbird_0025_5342.jpg,9
084.Red_legged_Kittiwake/Red_Legged_Kittiwake_0066_795419.jpg,83
136.Barn_Swallow/Barn_Swallow_0073_131389.jpg,135
048.European_Goldfinch/European_Goldfinch_0090_794648.jpg,47
104.American_Pipit/American_Pipit_0114_100380.jpg,103
081.Pied_Kingfisher/Pied_Kingfisher_0122_71789.jpg,80
003.Sooty_Albatross/Sooty_Albatross_0041_796364.jpg,2
017.Cardinal/Cardinal_0066_17803.jpg,16
065.Slaty_backed_Gull/Slaty_Backed_Gull_0087_786374.jpg,64
072.Pomarine_Jaeger/Pomarine_Jaeger_0041_61305.jpg,71
049.Boat_tailed_Grackle/Boat_Tailed_Grackle_0100_33985.jpg,48
088.Western_Meadowlark/Western_Meadowlark_0069_78587.jpg,87
172.Nashville_Warbler/Nashville_Warbler_0103_167455.jpg,171
168.Kentucky_Warbler/Kentucky_Warbler_0024_165405.jpg,167
154.Red_eyed_Vireo/Red_Eyed_Vireo_0058_156965.jpg,153
196.House_Wren/House_Wren_0130_187109.jpg,195
147.Least_Tern/Least_Tern_0122_153012.jpg,146
017.Cardinal/Cardinal_0025_17239.jpg,16
187.American_Three_toed_Woodpecker/American_Three_Toed_Woodpecker_0039_796168.jpg,186
200.Common_Yellowthroat/Common_Yellowthroat_0077_190990.jpg,199
006.Least_Auklet/Least_Auklet_0017_795084.jpg,5
045.Northern_Fulmar/Northern_Fulmar_0023_43809.jpg,44
034.Gray_crowned_Rosy_Finch/Gray_Crowned_Rosy_Finch_0010_27039.jpg,33
132.White_crowned_Sparrow/White_Crowned_Sparrow_0067_127576.jpg,131
062.Herring_Gull/Herring_Gull_0105_46113.jpg,61
008.Rhinoceros_Auklet/Rhinoceros_Auklet_0018_797517.jpg,7
098.Scott_Oriole/Scott_Oriole_0030_795830.jpg,97
168.Kentucky_Warbler/Kentucky_Warbler_0078_795889.jpg,167
102.Western_Wood_Pewee/Western_Wood_Pewee_0054_97982.jpg,101
135.Bank_Swallow/Bank_Swallow_0017_129755.jpg,134
081.Pied_Kingfisher/Pied_Kingfisher_0109_72082.jpg,80
096.Hooded_Oriole/Hooded_Oriole_0104_90264.jpg,95
097.Orchard_Oriole/Orchard_Oriole_0075_91847.jpg,96
003.Sooty_Albatross/Sooty_Albatross_0034_1154.jpg,2
065.Slaty_backed_Gull/Slaty_Backed_Gull_0053_796051.jpg,64
148.Green_tailed_Towhee/Green_Tailed_Towhee_0094_797396.jpg,147
031.Black_billed_Cuckoo/Black_Billed_Cuckoo_0069_795326.jpg,30
168.Kentucky_Warbler/Kentucky_Warbler_0062_795897.jpg,167
195.Carolina_Wren/Carolina_Wren_0013_187086.jpg,194
100.Brown_Pelican/Brown_Pelican_0103_94787.jpg,99
173.Orange_crowned_Warbler/Orange_Crowned_Warbler_0071_167595.jpg,172
128.Seaside_Sparrow/Seaside_Sparrow_0024_120751.jpg,127
140.Summer_Tanager/Summer_Tanager_0099_139310.jpg,139
198.Rock_Wren/Rock_Wren_0121_188974.jpg,197
066.Western_Gull/Western_Gull_0036_54329.jpg,65
195.Carolina_Wren/Carolina_Wren_0099_186237.jpg,194
125.Lincoln_Sparrow/Lincoln_Sparrow_0059_117271.jpg,124
097.Orchard_Oriole/Orchard_Oriole_0011_91592.jpg,96
165.Chestnut_sided_Warbler/Chestnut_Sided_Warbler_0071_163784.jpg,164
128.Seaside_Sparrow/Seaside_Sparrow_0015_796500.jpg,127
094.White_breasted_Nuthatch/White_Breasted_Nuthatch_0096_86140.jpg,93
039.Least_Flycatcher/Least_Flycatcher_0013_30240.jpg,38
100.Brown_Pelican/Brown_Pelican_0086_93757.jpg,99
112.Great_Grey_Shrike/Great_Grey_Shrike_0079_797018.jpg,111
035.Purple_Finch/Purple_Finch_0050_27702.jpg,34
150.Sage_Thrasher/Sage_Thrasher_0021_155548.jpg,149
072.Pomarine_Jaeger/Pomarine_Jaeger_0048_795771.jpg,71
159.Black_and_white_Warbler/Black_And_White_Warbler_0081_110906.jpg,158
021.Eastern_Towhee/Eastern_Towhee_0002_22318.jpg,20
016.Painted_Bunting/Painted_Bunting_0005_15202.jpg,15
112.Great_Grey_Shrike/Great_Grey_Shrike_0029_106668.jpg,111
115.Brewer_Sparrow/Brewer_Sparrow_0053_796694.jpg,114
014.Indigo_Bunting/Indigo_Bunting_0017_11574.jpg,13
073.Blue_Jay/Blue_Jay_0080_61617.jpg,72
060.Glaucous_winged_Gull/Glaucous_Winged_Gull_0093_44724.jpg,59
081.Pied_Kingfisher/Pied_Kingfisher_0083_72430.jpg,80
163.Cape_May_Warbler/Cape_May_Warbler_0022_162912.jpg,162
029.American_Crow/American_Crow_0102_25066.jpg,28
030.Fish_Crow/Fish_Crow_0025_25893.jpg,29
088.Western_Meadowlark/Western_Meadowlark_0079_78856.jpg,87
078.Gray_Kingbird/Gray_Kingbird_0068_70292.jpg,77
111.Loggerhead_Shrike/Loggerhead_Shrike_0041_105002.jpg,110
070.Green_Violetear/Green_Violetear_0043_60813.jpg,69
053.Western_Grebe/Western_Grebe_0034_36149.jpg,52
020.Yellow_breasted_Chat/Yellow_Breasted_Chat_0107_21698.jpg,19
169.Magnolia_Warbler/Magnolia_Warbler_0040_165921.jpg,168
167.Hooded_Warbler/Hooded_Warbler_0135_164824.jpg,166
188.Pileated_Woodpecker/Pileated_Woodpecker_0081_180249.jpg,187
096.Hooded_Oriole/Hooded_Oriole_0035_90331.jpg,95
134.Cape_Glossy_Starling/Cape_Glossy_Starling_0010_129352.jpg,133
097.Orchard_Oriole/Orchard_Oriole_0044_91360.jpg,96
091.Mockingbird/Mockingbird_0008_81226.jpg,90
059.California_Gull/California_Gull_0111_41033.jpg,58
013.Bobolink/Bobolink_0053_10166.jpg,12
076.Dark_eyed_Junco/Dark_Eyed_Junco_0012_66932.jpg,75
082.Ringed_Kingfisher/Ringed_Kingfisher_0082_72955.jpg,81
099.Ovenbird/Ovenbird_0130_92452.jpg,98
145.Elegant_Tern/Elegant_Tern_0050_150521.jpg,144
110.Geococcyx/Geococcyx_0009_104372.jpg,109
167.Hooded_Warbler/Hooded_Warbler_0104_164982.jpg,166
144.Common_Tern/Common_Tern_0113_147949.jpg,143
063.Ivory_Gull/Ivory_Gull_0036_49754.jpg,62
044.Frigatebird/Frigatebird_0095_42785.jpg,43
007.Parakeet_Auklet/Parakeet_Auklet_0027_795925.jpg,6
061.Heermann_Gull/Heermann_Gull_0024_45486.jpg,60
019.Gray_Catbird/Gray_Catbird_0100_20674.jpg,18
035.Purple_Finch/Purple_Finch_0134_27526.jpg,34
020.Yellow_breasted_Chat/Yellow_Breasted_Chat_0052_21866.jpg,19
183.Northern_Waterthrush/Northern_Waterthrush_0024_177293.jpg,182
027.Shiny_Cowbird/Shiny_Cowbird_0026_796847.jpg,26
178.Swainson_Warbler/Swainson_Warbler_0054_174689.jpg,177
138.Tree_Swallow/Tree_Swallow_0002_136792.jpg,137
053.Western_Grebe/Western_Grebe_0037_36469.jpg,52
095.Baltimore_Oriole/Baltimore_Oriole_0045_88178.jpg,94
072.Pomarine_Jaeger/Pomarine_Jaeger_0026_61273.jpg,71
161.Blue_winged_Warbler/Blue_Winged_Warbler_0023_161774.jpg,160
076.Dark_eyed_Junco/Dark_Eyed_Junco_0013_66332.jpg,75
146.Forsters_Tern/Forsters_Tern_0114_152768.jpg,145
095.Baltimore_Oriole/Baltimore_Oriole_0092_87435.jpg,94
174.Palm_Warbler/Palm_Warbler_0012_170857.jpg,173
076.Dark_eyed_Junco/Dark_Eyed_Junco_0005_68813.jpg,75
071.Long_tailed_Jaeger/Long_Tailed_Jaeger_0054_797088.jpg,70
001.Black_footed_Albatross/Black_Footed_Albatross_0071_796113.jpg,0
086.Pacific_Loon/Pacific_Loon_0013_75530.jpg,85
180.Wilson_Warbler/Wilson_Warbler_0132_175600.jpg,179
163.Cape_May_Warbler/Cape_May_Warbler_0081_162936.jpg,162
033.Yellow_billed_Cuckoo/Yellow_Billed_Cuckoo_0091_26428.jpg,32
182.Yellow_Warbler/Yellow_Warbler_0044_176367.jpg,181
038.Great_Crested_Flycatcher/Great_Crested_Flycatcher_0050_29786.jpg,37
139.Scarlet_Tanager/Scarlet_Tanager_0016_138008.jpg,138
073.Blue_Jay/Blue_Jay_0099_64435.jpg,72
137.Cliff_Swallow/Cliff_Swallow_0108_133902.jpg,136
169.Magnolia_Warbler/Magnolia_Warbler_0041_165709.jpg,168
132.White_crowned_Sparrow/White_Crowned_Sparrow_0101_127058.jpg,131
193.Bewick_Wren/Bewick_Wren_0099_185288.jpg,192
058.Pigeon_Guillemot/Pigeon_Guillemot_0053_39876.jpg,57
139.Scarlet_Tanager/Scarlet_Tanager_0018_138294.jpg,138
120.Fox_Sparrow/Fox_Sparrow_0010_114728.jpg,119
176.Prairie_Warbler/Prairie_Warbler_0106_173071.jpg,175
062.Herring_Gull/Herring_Gull_0095_48058.jpg,61
157.Yellow_throated_Vireo/Yellow_Throated_Vireo_0046_159668.jpg,156
070.Green_Violetear/Green_Violetear_0103_795644.jpg,69
042.Vermilion_Flycatcher/Vermilion_Flycatcher_0067_42185.jpg,41
112.Great_Grey_Shrike/Great_Grey_Shrike_0022_797057.jpg,111
124.Le_Conte_Sparrow/Le_Conte_Sparrow_0068_795180.jpg,123
085.Horned_Lark/Horned_Lark_0072_74067.jpg,84
095.Baltimore_Oriole/Baltimore_Oriole_0101_87207.jpg,94
109.American_Redstart/American_Redstart_0109_103795.jpg,108
158.Bay_breasted_Warbler/Bay_Breasted_Warbler_0112_159839.jpg,157
103.Sayornis/Sayornis_0099_98593.jpg,102
199.Winter_Wren/Winter_Wren_0109_189850.jpg,198
031.Black_billed_Cuckoo/Black_Billed_Cuckoo_0079_26180.jpg,30
100.Brown_Pelican/Brown_Pelican_0043_94506.jpg,99
082.Ringed_Kingfisher/Ringed_Kingfisher_0028_73018.jpg,81
074.Florida_Jay/Florida_Jay_0085_65129.jpg,73
052.Pied_billed_Grebe/Pied_Billed_Grebe_0015_35289.jpg,51
186.Cedar_Waxwing/Cedar_Waxwing_0065_179017.jpg,185
157.Yellow_throated_Vireo/Yellow_Throated_Vireo_0079_159576.jpg,156
192.Downy_Woodpecker/Downy_Woodpecker_0030_184368.jpg,191
054.Blue_Grosbeak/Blue_Grosbeak_0066_36632.jpg,53
044.Frigatebird/Frigatebird_0006_43381.jpg,43
148.Green_tailed_Towhee/Green_Tailed_Towhee_0022_154892.jpg,147
089.Hooded_Merganser/Hooded_Merganser_0032_79032.jpg,88
108.White_necked_Raven/White_Necked_Raven_0053_797360.jpg,107
105.Whip_poor_Will/Whip_Poor_Will_0013_796439.jpg,104
134.Cape_Glossy_Starling/Cape_Glossy_Starling_0075_129431.jpg,133
138.Tree_Swallow/Tree_Swallow_0017_135062.jpg,137
043.Yellow_bellied_Flycatcher/Yellow_Bellied_Flycatcher_0035_795464.jpg,42
116.Chipping_Sparrow/Chipping_Sparrow_0088_107562.jpg,115
039.Least_Flycatcher/Least_Flycatcher_0010_30149.jpg,38
129.Song_Sparrow/Song_Sparrow_0055_121158.jpg,128
040.Olive_sided_Flycatcher/Olive_Sided_Flycatcher_0009_796885.jpg,39
039.Least_Flycatcher/Least_Flycatcher_0092_30154.jpg,38
073.Blue_Jay/Blue_Jay_0013_61463.jpg,72
045.Northern_Fulmar/Northern_Fulmar_0006_43753.jpg,44
020.Yellow_breasted_Chat/Yellow_Breasted_Chat_0005_21828.jpg,19
163.Cape_May_Warbler/Cape_May_Warbler_0023_163133.jpg,162
132.White_crowned_Sparrow/White_Crowned_Sparrow_0127_126923.jpg,131
111.Loggerhead_Shrike/Loggerhead_Shrike_0116_105286.jpg,110
009.Brewer_Blackbird/Brewer_Blackbird_0142_2636.jpg,8
051.Horned_Grebe/Horned_Grebe_0093_34720.jpg,50
082.Ringed_Kingfisher/Ringed_Kingfisher_0098_73110.jpg,81
020.Yellow_breasted_Chat/Yellow_Breasted_Chat_0102_21696.jpg,19
099.Ovenbird/Ovenbird_0098_93032.jpg,98
093.Clark_Nutcracker/Clark_Nutcracker_0071_85125.jpg,92
006.Least_Auklet/Least_Auklet_0024_795120.jpg,5
033.Yellow_billed_Cuckoo/Yellow_Billed_Cuckoo_0004_26790.jpg,32
194.Cactus_Wren/Cactus_Wren_0097_186015.jpg,193
053.Western_Grebe/Western_Grebe_0047_36203.jpg,52
097.Orchard_Oriole/Orchard_Oriole_0042_91678.jpg,96
067.Anna_Hummingbird/Anna_Hummingbird_0028_55993.jpg,66
155.Warbling_Vireo/Warbling_Vireo_0076_158500.jpg,154
102.Western_Wood_Pewee/Western_Wood_Pewee_0049_98263.jpg,101
138.Tree_Swallow/Tree_Swallow_0015_134790.jpg,137
016.Painted_Bunting/Painted_Bunting_0050_16670.jpg,15
142.Black_Tern/Black_Tern_0004_143881.jpg,141
027.Shiny_Cowbird/Shiny_Cowbird_0034_796849.jpg,26
157.Yellow_throated_Vireo/Yellow_Throated_Vireo_0063_159677.jpg,156
121.Grasshopper_Sparrow/Grasshopper_Sparrow_0125_116031.jpg,120
121.Grasshopper_Sparrow/Grasshopper_Sparrow_0058_115862.jpg,120
086.Pacific_Loon/Pacific_Loon_0017_75835.jpg,85
061.Heermann_Gull/Heermann_Gull_0122_45627.jpg,60
143.Caspian_Tern/Caspian_Tern_0051_145930.jpg,142
083.White_breasted_Kingfisher/White_Breasted_Kingfisher_0122_73199.jpg,82
032.Mangrove_Cuckoo/Mangrove_Cuckoo_0052_794608.jpg,31
081.Pied_Kingfisher/Pied_Kingfisher_0071_72576.jpg,80
157.Yellow_throated_Vireo/Yellow_Throated_Vireo_0078_159694.jpg,156
037.Acadian_Flycatcher/Acadian_Flycatcher_0032_795622.jpg,36
044.Frigatebird/Frigatebird_0012_43062.jpg,43
070.Green_Violetear/Green_Violetear_0021_795632.jpg,69
162.Canada_Warbler/Canada_Warbler_0085_162385.jpg,161
102.Western_Wood_Pewee/Western_Wood_Pewee_0076_98002.jpg,101
083.White_breasted_Kingfisher/White_Breasted_Kingfisher_0123_73211.jpg,82
149.Brown_Thrasher/Brown_Thrasher_0079_155394.jpg,148
065.Slaty_backed_Gull/Slaty_Backed_Gull_0002_53238.jpg,64
137.Cliff_Swallow/Cliff_Swallow_0022_133786.jpg,136
144.Common_Tern/Common_Tern_0054_148028.jpg,143
062.Herring_Gull/Herring_Gull_0094_47172.jpg,61
182.Yellow_Warbler/Yellow_Warbler_0069_176346.jpg,181
019.Gray_Catbird/Gray_Catbird_0074_19601.jpg,18
174.Palm_Warbler/Palm_Warbler_0061_169954.jpg,173
120.Fox_Sparrow/Fox_Sparrow_0119_115512.jpg,119
017.Cardinal/Cardinal_0002_18424.jpg,16
130.Tree_Sparrow/Tree_Sparrow_0035_123211.jpg,129
129.Song_Sparrow/Song_Sparrow_0013_121056.jpg,128
179.Tennessee_Warbler/Tennessee_Warbler_0051_175015.jpg,178
107.Common_Raven/Common_Raven_0095_101831.jpg,106
106.Horned_Puffin/Horned_Puffin_0067_100737.jpg,105
134.Cape_Glossy_Starling/Cape_Glossy_Starling_0030_129443.jpg,133
023.Brandt_Cormorant/Brandt_Cormorant_0076_23021.jpg,22
009.Brewer_Blackbird/Brewer_Blackbird_0014_2679.jpg,8
001.Black_footed_Albatross/Black_Footed_Albatross_0047_796064.jpg,0
152.Blue_headed_Vireo/Blue_Headed_Vireo_0098_156348.jpg,151
183.Northern_Waterthrush/Northern_Waterthrush_0103_177162.jpg,182
087.Mallard/Mallard_0030_77143.jpg,86
023.Brandt_Cormorant/Brandt_Cormorant_0006_22925.jpg,22
198.Rock_Wren/Rock_Wren_0086_188944.jpg,197
115.Brewer_Sparrow/Brewer_Sparrow_0049_796705.jpg,114
165.Chestnut_sided_Warbler/Chestnut_Sided_Warbler_0075_164231.jpg,164
128.Seaside_Sparrow/Seaside_Sparrow_0050_796508.jpg,127
134.Cape_Glossy_Starling/Cape_Glossy_Starling_0076_129377.jpg,133
086.Pacific_Loon/Pacific_Loon_0012_75736.jpg,85
159.Black_and_white_Warbler/Black_And_White_Warbler_0072_160353.jpg,158
166.Golden_winged_Warbler/Golden_Winged_Warbler_0046_794828.jpg,165
148.Green_tailed_Towhee/Green_Tailed_Towhee_0074_154915.jpg,147
166.Golden_winged_Warbler/Golden_Winged_Warbler_0068_794825.jpg,165
138.Tree_Swallow/Tree_Swallow_0071_136749.jpg,137
134.Cape_Glossy_Starling/Cape_Glossy_Starling_0067_129380.jpg,133
121.Grasshopper_Sparrow/Grasshopper_Sparrow_0003_115676.jpg,120
153.Philadelphia_Vireo/Philadelphia_Vireo_0030_156533.jpg,152
035.Purple_Finch/Purple_Finch_0014_27322.jpg,34
119.Field_Sparrow/Field_Sparrow_0127_114087.jpg,118
024.Red_faced_Cormorant/Red_Faced_Cormorant_0007_796280.jpg,23
119.Field_Sparrow/Field_Sparrow_0105_113822.jpg,118
102.Western_Wood_Pewee/Western_Wood_Pewee_0021_98101.jpg,101
084.Red_legged_Kittiwake/Red_Legged_Kittiwake_0064_795422.jpg,83
131.Vesper_Sparrow/Vesper_Sparrow_0057_125649.jpg,130
147.Least_Tern/Least_Tern_0067_154145.jpg,146
156.White_eyed_Vireo/White_Eyed_Vireo_0064_159286.jpg,155
094.White_breasted_Nuthatch/White_Breasted_Nuthatch_0128_86947.jpg,93
081.Pied_Kingfisher/Pied_Kingfisher_0075_72581.jpg,80
176.Prairie_Warbler/Prairie_Warbler_0020_173359.jpg,175
137.Cliff_Swallow/Cliff_Swallow_0069_133521.jpg,136
062.Herring_Gull/Herring_Gull_0106_46930.jpg,61
178.Swainson_Warbler/Swainson_Warbler_0011_174680.jpg,177
134.Cape_Glossy_Starling/Cape_Glossy_Starling_0039_129469.jpg,133
089.Hooded_Merganser/Hooded_Merganser_0078_78959.jpg,88
144.Common_Tern/Common_Tern_0079_148844.jpg,143
018.Spotted_Catbird/Spotted_Catbird_0041_796807.jpg,17
050.Eared_Grebe/Eared_Grebe_0045_34212.jpg,49
131.Vesper_Sparrow/Vesper_Sparrow_0073_125605.jpg,130
160.Black_throated_Blue_Warbler/Black_Throated_Blue_Warbler_0006_161557.jpg,159
097.Orchard_Oriole/Orchard_Oriole_0061_91941.jpg,96
124.Le_Conte_Sparrow/Le_Conte_Sparrow_0073_117127.jpg,123
189.Red_bellied_Woodpecker/Red_Bellied_Woodpecker_0022_181969.jpg,188
132.White_crowned_Sparrow/White_Crowned_Sparrow_0113_128095.jpg,131
098.Scott_Oriole/Scott_Oriole_0085_92206.jpg,97
039.Least_Flycatcher/Least_Flycatcher_0080_30457.jpg,38
077.Tropical_Kingbird/Tropical_Kingbird_0010_69583.jpg,76
057.Rose_breasted_Grosbeak/Rose_Breasted_Grosbeak_0001_39801.jpg,56
081.Pied_Kingfisher/Pied_Kingfisher_0080_72199.jpg,80
007.Parakeet_Auklet/Parakeet_Auklet_0062_795958.jpg,6
148.Green_tailed_Towhee/Green_Tailed_Towhee_0068_154783.jpg,147
106.Horned_Puffin/Horned_Puffin_0031_100804.jpg,105
179.Tennessee_Warbler/Tennessee_Warbler_0034_174854.jpg,178
071.Long_tailed_Jaeger/Long_Tailed_Jaeger_0011_60963.jpg,70
161.Blue_winged_Warbler/Blue_Winged_Warbler_0014_161783.jpg,160
088.Western_Meadowlark/Western_Meadowlark_0042_78180.jpg,87
153.Philadelphia_Vireo/Philadelphia_Vireo_0029_794760.jpg,152
022.Chuck_will_Widow/Chuck_Will_Widow_0048_796995.jpg,21
019.Gray_Catbird/Gray_Catbird_0118_20476.jpg,18
074.Florida_Jay/Florida_Jay_0053_64966.jpg,73
115.Brewer_Sparrow/Brewer_Sparrow_0020_796697.jpg,114
198.Rock_Wren/Rock_Wren_0125_188951.jpg,197
007.Parakeet_Auklet/Parakeet_Auklet_0043_795948.jpg,6
160.Black_throated_Blue_Warbler/Black_Throated_Blue_Warbler_0073_161558.jpg,159
063.Ivory_Gull/Ivory_Gull_0096_49487.jpg,62
133.White_throated_Sparrow/White_Throated_Sparrow_0028_129118.jpg,132
005.Crested_Auklet/Crested_Auklet_0005_794922.jpg,4
161.Blue_winged_Warbler/Blue_Winged_Warbler_0051_161766.jpg,160
135.Bank_Swallow/Bank_Swallow_0058_129756.jpg,134
087.Mallard/Mallard_0098_77490.jpg,86
156.White_eyed_Vireo/White_Eyed_Vireo_0102_159420.jpg,155
036.Northern_Flicker/Northern_Flicker_0004_28854.jpg,35
071.Long_tailed_Jaeger/Long_Tailed_Jaeger_0053_60906.jpg,70
023.Brandt_Cormorant/Brandt_Cormorant_0016_23077.jpg,22
111.Loggerhead_Shrike/Loggerhead_Shrike_0036_105904.jpg,110
033.Yellow_billed_Cuckoo/Yellow_Billed_Cuckoo_0081_26429.jpg,32
044.Frigatebird/Frigatebird_0049_43044.jpg,43
148.Green_tailed_Towhee/Green_Tailed_Towhee_0077_797443.jpg,147
162.Canada_Warbler/Canada_Warbler_0049_162379.jpg,161
170.Mourning_Warbler/Mourning_Warbler_0012_166515.jpg,169
136.Barn_Swallow/Barn_Swallow_0075_130014.jpg,135
136.Barn_Swallow/Barn_Swallow_0077_130707.jpg,135
058.Pigeon_Guillemot/Pigeon_Guillemot_0058_40184.jpg,57
025.Pelagic_Cormorant/Pelagic_Cormorant_0017_23875.jpg,24
189.Red_bellied_Woodpecker/Red_Bellied_Woodpecker_0125_180780.jpg,188
130.Tree_Sparrow/Tree_Sparrow_0018_123574.jpg,129
126.Nelson_Sharp_tailed_Sparrow/Nelson_Sharp_Tailed_Sparrow_0055_796937.jpg,125
064.Ring_billed_Gull/Ring_Billed_Gull_0101_51375.jpg,63
187.American_Three_toed_Woodpecker/American_Three_Toed_Woodpecker_0031_796172.jpg,186
130.Tree_Sparrow/Tree_Sparrow_0032_123489.jpg,129
195.Carolina_Wren/Carolina_Wren_0142_186443.jpg,194
042.Vermilion_Flycatcher/Vermilion_Flycatcher_0034_42356.jpg,41
169.Magnolia_Warbler/Magnolia_Warbler_0054_165965.jpg,168
190.Red_cockaded_Woodpecker/Red_Cockaded_Woodpecker_0010_182451.jpg,189
010.Red_winged_Blackbird/Red_Winged_Blackbird_0052_5575.jpg,9
184.Louisiana_Waterthrush/Louisiana_Waterthrush_0045_795274.jpg,183
011.Rusty_Blackbird/Rusty_Blackbird_0107_6839.jpg,10
183.Northern_Waterthrush/Northern_Waterthrush_0070_177096.jpg,182
140.Summer_Tanager/Summer_Tanager_0035_139561.jpg,139
112.Great_Grey_Shrike/Great_Grey_Shrike_0045_797047.jpg,111
145.Elegant_Tern/Elegant_Tern_0004_150948.jpg,144
100.Brown_Pelican/Brown_Pelican_0007_94078.jpg,99
148.Green_tailed_Towhee/Green_Tailed_Towhee_0060_154820.jpg,147
139.Scarlet_Tanager/Scarlet_Tanager_0119_138291.jpg,138
119.Field_Sparrow/Field_Sparrow_0025_113683.jpg,118
101.White_Pelican/White_Pelican_0054_97528.jpg,100
077.Tropical_Kingbird/Tropical_Kingbird_0004_69659.jpg,76
147.Least_Tern/Least_Tern_0133_153816.jpg,146
006.Least_Auklet/Least_Auklet_0060_795095.jpg,5
100.Brown_Pelican/Brown_Pelican_0010_94370.jpg,99
079.Belted_Kingfisher/Belted_Kingfisher_0099_70449.jpg,78
016.Painted_Bunting/Painted_Bunting_0086_16540.jpg,15
199.Winter_Wren/Winter_Wren_0128_190093.jpg,198
155.Warbling_Vireo/Warbling_Vireo_0017_158271.jpg,154
142.Black_Tern/Black_Tern_0079_143998.jpg,141
008.Rhinoceros_Auklet/Rhinoceros_Auklet_0049_797543.jpg,7
116.Chipping_Sparrow/Chipping_Sparrow_0023_108684.jpg,115
138.Tree_Swallow/Tree_Swallow_0076_137232.jpg,137
173.Orange_crowned_Warbler/Orange_Crowned_Warbler_0034_168185.jpg,172
137.Cliff_Swallow/Cliff_Swallow_0088_134188.jpg,136
170.Mourning_Warbler/Mourning_Warbler_0020_166440.jpg,169
011.Rusty_Blackbird/Rusty_Blackbird_0031_6699.jpg,10
127.Savannah_Sparrow/Savannah_Sparrow_0080_118120.jpg,126
087.Mallard/Mallard_0050_76519.jpg,86
076.Dark_eyed_Junco/Dark_Eyed_Junco_0115_68840.jpg,75
021.Eastern_Towhee/Eastern_Towhee_0074_22620.jpg,20
171.Myrtle_Warbler/Myrtle_Warbler_0069_166914.jpg,170
107.Common_Raven/Common_Raven_0061_102519.jpg,106
152.Blue_headed_Vireo/Blue_Headed_Vireo_0023_156112.jpg,151
119.Field_Sparrow/Field_Sparrow_0011_113420.jpg,118
102.Western_Wood_Pewee/Western_Wood_Pewee_0016_98082.jpg,101
102.Western_Wood_Pewee/Western_Wood_Pewee_0057_795040.jpg,101
168.Kentucky_Warbler/Kentucky_Warbler_0020_795903.jpg,167
076.Dark_eyed_Junco/Dark_Eyed_Junco_0088_66722.jpg,75
181.Worm_eating_Warbler/Worm_Eating_Warbler_0018_795546.jpg,180
001.Black_footed_Albatross/Black_Footed_Albatross_0038_212.jpg,0
159.Black_and_white_Warbler/Black_And_White_Warbler_0031_160773.jpg,158
144.Common_Tern/Common_Tern_0083_148096.jpg,143
018.Spotted_Catbird/Spotted_Catbird_0001_796797.jpg,17
050.Eared_Grebe/Eared_Grebe_0058_34174.jpg,49
098.Scott_Oriole/Scott_Oriole_0001_795826.jpg,97
062.Herring_Gull/Herring_Gull_0064_47832.jpg,61
198.Rock_Wren/Rock_Wren_0080_189340.jpg,197
022.Chuck_will_Widow/Chuck_Will_Widow_0055_796973.jpg,21
179.Tennessee_Warbler/Tennessee_Warbler_0004_174997.jpg,178
068.Ruby_throated_Hummingbird/Ruby_Throated_Hummingbird_0117_58092.jpg,67
161.Blue_winged_Warbler/Blue_Winged_Warbler_0028_161787.jpg,160
131.Vesper_Sparrow/Vesper_Sparrow_0029_125498.jpg,130
026.Bronzed_Cowbird/Bronzed_Cowbird_0023_24058.jpg,25
047.American_Goldfinch/American_Goldfinch_0134_32409.jpg,46
018.Spotted_Catbird/Spotted_Catbird_0037_796810.jpg,17
184.Louisiana_Waterthrush/Louisiana_Waterthrush_0023_795269.jpg,183
057.Rose_breasted_Grosbeak/Rose_Breasted_Grosbeak_0029_39434.jpg,56
179.Tennessee_Warbler/Tennessee_Warbler_0023_174977.jpg,178
105.Whip_poor_Will/Whip_Poor_Will_0033_82166.jpg,104
152.Blue_headed_Vireo/Blue_Headed_Vireo_0062_156109.jpg,151
052.Pied_billed_Grebe/Pied_Billed_Grebe_0115_35362.jpg,51
134.Cape_Glossy_Starling/Cape_Glossy_Starling_0077_129378.jpg,133
147.Least_Tern/Least_Tern_0068_153738.jpg,146
002.Laysan_Albatross/Laysan_Albatross_0099_869.jpg,1
018.Spotted_Catbird/Spotted_Catbird_0012_796802.jpg,17
043.Yellow_bellied_Flycatcher/Yellow_Bellied_Flycatcher_0041_42719.jpg,42
038.Great_Crested_Flycatcher/Great_Crested_Flycatcher_0089_29592.jpg,37
077.Tropical_Kingbird/Tropical_Kingbird_0023_69998.jpg,76
076.Dark_eyed_Junco/Dark_Eyed_Junco_0089_68498.jpg,75
101.White_Pelican/White_Pelican_0050_97913.jpg,100
133.White_throated_Sparrow/White_Throated_Sparrow_0097_128967.jpg,132
019.Gray_Catbird/Gray_Catbird_0042_20546.jpg,18
105.Whip_poor_Will/Whip_Poor_Will_0048_796417.jpg,104
068.Ruby_throated_Hummingbird/Ruby_Throated_Hummingbird_0106_57976.jpg,67
111.Loggerhead_Shrike/Loggerhead_Shrike_0055_105246.jpg,110
002.Laysan_Albatross/Laysan_Albatross_0056_500.jpg,1
063.Ivory_Gull/Ivory_Gull_0117_49227.jpg,62
156.White_eyed_Vireo/White_Eyed_Vireo_0136_156418.jpg,155
134.Cape_Glossy_Starling/Cape_Glossy_Starling_0091_129470.jpg,133
154.Red_eyed_Vireo/Red_Eyed_Vireo_0131_156765.jpg,153
146.Forsters_Tern/Forsters_Tern_0016_152463.jpg,145
055.Evening_Grosbeak/Evening_Grosbeak_0132_38025.jpg,54
115.Brewer_Sparrow/Brewer_Sparrow_0029_796699.jpg,114
171.Myrtle_Warbler/Myrtle_Warbler_0098_166794.jpg,170
095.Baltimore_Oriole/Baltimore_Oriole_0104_86979.jpg,94
130.Tree_Sparrow/Tree_Sparrow_0086_123751.jpg,129
101.White_Pelican/White_Pelican_0042_97250.jpg,100
149.Brown_Thrasher/Brown_Thrasher_0026_155438.jpg,148
037.Acadian_Flycatcher/Acadian_Flycatcher_0008_795599.jpg,36
075.Green_Jay/Green_Jay_0020_66168.jpg,74
112.Great_Grey_Shrike/Great_Grey_Shrike_0017_797028.jpg,111
172.Nashville_Warbler/Nashville_Warbler_0060_167347.jpg,171
150.Sage_Thrasher/Sage_Thrasher_0106_155618.jpg,149
189.Red_bellied_Woodpecker/Red_Bellied_Woodpecker_0026_180783.jpg,188
172.Nashville_Warbler/Nashville_Warbler_0079_167213.jpg,171
059.California_Gull/California_Gull_0074_41358.jpg,58
190.Red_cockaded_Woodpecker/Red_Cockaded_Woodpecker_0058_794739.jpg,189
097.Orchard_Oriole/Orchard_Oriole_0032_91201.jpg,96
027.Shiny_Cowbird/Shiny_Cowbird_0017_796853.jpg,26
066.Western_Gull/Western_Gull_0131_53349.jpg,65
174.Palm_Warbler/Palm_Warbler_0112_169595.jpg,173
131.Vesper_Sparrow/Vesper_Sparrow_0044_125470.jpg,130
043.Yellow_bellied_Flycatcher/Yellow_Bellied_Flycatcher_0009_795510.jpg,42
119.Field_Sparrow/Field_Sparrow_0106_113350.jpg,118
154.Red_eyed_Vireo/Red_Eyed_Vireo_0112_156742.jpg,153
003.Sooty_Albatross/Sooty_Albatross_0068_796353.jpg,2
126.Nelson_Sharp_tailed_Sparrow/Nelson_Sharp_Tailed_Sparrow_0033_118024.jpg,125
047.American_Goldfinch/American_Goldfinch_0096_31876.jpg,46
064.Ring_billed_Gull/Ring_Billed_Gull_0059_51554.jpg,63
134.Cape_Glossy_Starling/Cape_Glossy_Starling_0024_129384.jpg,133
153.Philadelphia_Vireo/Philadelphia_Vireo_0078_794776.jpg,152
136.Barn_Swallow/Barn_Swallow_0094_132154.jpg,135
028.Brown_Creeper/Brown_Creeper_0106_24617.jpg,27
028.Brown_Creeper/Brown_Creeper_0049_24911.jpg,27
013.Bobolink/Bobolink_0008_9289.jpg,12
196.House_Wren/House_Wren_0045_187374.jpg,195
044.Frigatebird/Frigatebird_0107_42773.jpg,43
165.Chestnut_sided_Warbler/Chestnut_Sided_Warbler_0063_163927.jpg,164
058.Pigeon_Guillemot/Pigeon_Guillemot_0073_40209.jpg,57
145.Elegant_Tern/Elegant_Tern_0014_150523.jpg,144
033.Yellow_billed_Cuckoo/Yellow_Billed_Cuckoo_0010_26795.jpg,32
109.American_Redstart/American_Redstart_0089_103187.jpg,108
039.Least_Flycatcher/Least_Flycatcher_0093_30435.jpg,38
081.Pied_Kingfisher/Pied_Kingfisher_0019_72659.jpg,80
180.Wilson_Warbler/Wilson_Warbler_0065_175924.jpg,179
194.Cactus_Wren/Cactus_Wren_0075_186066.jpg,193
003.Sooty_Albatross/Sooty_Albatross_0022_796398.jpg,2
135.Bank_Swallow/Bank_Swallow_0015_129853.jpg,134
033.Yellow_billed_Cuckoo/Yellow_Billed_Cuckoo_0028_26446.jpg,32
196.House_Wren/House_Wren_0055_187397.jpg,195
096.Hooded_Oriole/Hooded_Oriole_0079_89978.jpg,95
005.Crested_Auklet/Crested_Auklet_0029_1824.jpg,4
047.American_Goldfinch/American_Goldfinch_0126_32480.jpg,46
136.Barn_Swallow/Barn_Swallow_0017_132951.jpg,135
043.Yellow_bellied_Flycatcher/Yellow_Bellied_Flycatcher_0054_42709.jpg,42
020.Yellow_breasted_Chat/Yellow_Breasted_Chat_0103_21670.jpg,19
002.Laysan_Albatross/Laysan_Albatross_0050_870.jpg,1
185.Bohemian_Waxwing/Bohemian_Waxwing_0024_177661.jpg,184
067.Anna_Hummingbird/Anna_Hummingbird_0024_55760.jpg,66
142.Black_Tern/Black_Tern_0020_144163.jpg,141
177.Prothonotary_Warbler/Prothonotary_Warbler_0038_173867.jpg,176
043.Yellow_bellied_Flycatcher/Yellow_Bellied_Flycatcher_0023_795478.jpg,42
175.Pine_Warbler/Pine_Warbler_0060_171635.jpg,174
105.Whip_poor_Will/Whip_Poor_Will_0031_100397.jpg,104
033.Yellow_billed_Cuckoo/Yellow_Billed_Cuckoo_0019_26803.jpg,32
121.Grasshopper_Sparrow/Grasshopper_Sparrow_0098_116027.jpg,120
104.American_Pipit/American_Pipit_0037_99954.jpg,103
199.Winter_Wren/Winter_Wren_0129_189843.jpg,198
119.Field_Sparrow/Field_Sparrow_0034_113364.jpg,118
073.Blue_Jay/Blue_Jay_0022_63074.jpg,72
065.Slaty_backed_Gull/Slaty_Backed_Gull_0051_796031.jpg,64
160.Black_throated_Blue_Warbler/Black_Throated_Blue_Warbler_0004_161404.jpg,159
057.Rose_breasted_Grosbeak/Rose_Breasted_Grosbeak_0019_39274.jpg,56
059.California_Gull/California_Gull_0059_40764.jpg,58
164.Cerulean_Warbler/Cerulean_Warbler_0091_163331.jpg,163
192.Downy_Woodpecker/Downy_Woodpecker_0003_183933.jpg,191
092.Nighthawk/Nighthawk_0032_795333.jpg,91
005.Crested_Auklet/Crested_Auklet_0001_794941.jpg,4
196.House_Wren/House_Wren_0001_188047.jpg,195
109.American_Redstart/American_Redstart_0118_103033.jpg,108
027.Shiny_Cowbird/Shiny_Cowbird_0083_796834.jpg,26
129.Song_Sparrow/Song_Sparrow_0135_121261.jpg,128
110.Geococcyx/Geococcyx_0078_104468.jpg,109
017.Cardinal/Cardinal_0051_17223.jpg,16
147.Least_Tern/Least_Tern_0042_153809.jpg,146
161.Blue_winged_Warbler/Blue_Winged_Warbler_0021_161858.jpg,160
125.Lincoln_Sparrow/Lincoln_Sparrow_0064_117602.jpg,124
084.Red_legged_Kittiwake/Red_Legged_Kittiwake_0049_795440.jpg,83
044.Frigatebird/Frigatebird_0040_42860.jpg,43
159.Black_and_white_Warbler/Black_And_White_Warbler_0048_160287.jpg,158
048.European_Goldfinch/European_Goldfinch_0041_794645.jpg,47
029.American_Crow/American_Crow_0136_25117.jpg,28
091.Mockingbird/Mockingbird_0108_81908.jpg,90
111.Loggerhead_Shrike/Loggerhead_Shrike_0046_104998.jpg,110
008.Rhinoceros_Auklet/Rhinoceros_Auklet_0013_797537.jpg,7
030.Fish_Crow/Fish_Crow_0078_26144.jpg,29
111.Loggerhead_Shrike/Loggerhead_Shrike_0032_106521.jpg,110
058.Pigeon_Guillemot/Pigeon_Guillemot_0034_40074.jpg,57
050.Eared_Grebe/Eared_Grebe_0051_34209.jpg,49
198.Rock_Wren/Rock_Wren_0122_189042.jpg,197
151.Black_capped_Vireo/Black_Capped_Vireo_0018_155868.jpg,150
099.Ovenbird/Ovenbird_0104_92763.jpg,98
094.White_breasted_Nuthatch/White_Breasted_Nuthatch_0049_86557.jpg,93
026.Bronzed_Cowbird/Bronzed_Cowbird_0032_796233.jpg,25
198.Rock_Wren/Rock_Wren_0009_189162.jpg,197
067.Anna_Hummingbird/Anna_Hummingbird_0021_55763.jpg,66
166.Golden_winged_Warbler/Golden_Winged_Warbler_0013_794837.jpg,165
086.Pacific_Loon/Pacific_Loon_0036_75539.jpg,85
020.Yellow_breasted_Chat/Yellow_Breasted_Chat_0089_21804.jpg,19
055.Evening_Grosbeak/Evening_Grosbeak_0022_37761.jpg,54
084.Red_legged_Kittiwake/Red_Legged_Kittiwake_0010_73789.jpg,83
117.Clay_colored_Sparrow/Clay_Colored_Sparrow_0098_110735.jpg,116
152.Blue_headed_Vireo/Blue_Headed_Vireo_0068_156222.jpg,151
024.Red_faced_Cormorant/Red_Faced_Cormorant_0028_796322.jpg,23
175.Pine_Warbler/Pine_Warbler_0106_171107.jpg,174
045.Northern_Fulmar/Northern_Fulmar_0050_43839.jpg,44
055.Evening_Grosbeak/Evening_Grosbeak_0112_37922.jpg,54
035.Purple_Finch/Purple_Finch_0048_27670.jpg,34
018.Spotted_Catbird/Spotted_Catbird_0024_796791.jpg,17
088.Western_Meadowlark/Western_Meadowlark_0077_77814.jpg,87
147.Least_Tern/Least_Tern_0016_153560.jpg,146
008.Rhinoceros_Auklet/Rhinoceros_Auklet_0023_797501.jpg,7
150.Sage_Thrasher/Sage_Thrasher_0014_155541.jpg,149
182.Yellow_Warbler/Yellow_Warbler_0090_176366.jpg,181
161.Blue_winged_Warbler/Blue_Winged_Warbler_0027_161795.jpg,160
086.Pacific_Loon/Pacific_Loon_0034_75438.jpg,85
076.Dark_eyed_Junco/Dark_Eyed_Junco_0062_68198.jpg,75
119.Field_Sparrow/Field_Sparrow_0101_113762.jpg,118
096.Hooded_Oriole/Hooded_Oriole_0118_90049.jpg,95
099.Ovenbird/Ovenbird_0011_92451.jpg,98
134.Cape_Glossy_Starling/Cape_Glossy_Starling_0043_129358.jpg,133
102.Western_Wood_Pewee/Western_Wood_Pewee_0003_795050.jpg,101
004.Groove_billed_Ani/Groove_Billed_Ani_0044_1731.jpg,3
179.Tennessee_Warbler/Tennessee_Warbler_0022_174799.jpg,178
138.Tree_Swallow/Tree_Swallow_0030_134942.jpg,137
112.Great_Grey_Shrike/Great_Grey_Shrike_0083_797051.jpg,111
004.Groove_billed_Ani/Groove_Billed_Ani_0018_1613.jpg,3
170.Mourning_Warbler/Mourning_Warbler_0008_166467.jpg,169
190.Red_cockaded_Woodpecker/Red_Cockaded_Woodpecker_0018_794705.jpg,189
121.Grasshopper_Sparrow/Grasshopper_Sparrow_0019_115958.jpg,120
114.Black_throated_Sparrow/Black_Throated_Sparrow_0088_107220.jpg,113
070.Green_Violetear/Green_Violetear_0105_795694.jpg,69
131.Vesper_Sparrow/Vesper_Sparrow_0041_125458.jpg,130
141.Artic_Tern/Artic_Tern_0089_141652.jpg,140
046.Gadwall/Gadwall_0091_30941.jpg,45
157.Yellow_throated_Vireo/Yellow_Throated_Vireo_0058_794994.jpg,156
020.Yellow_breasted_Chat/Yellow_Breasted_Chat_0032_21823.jpg,19
194.Cactus_Wren/Cactus_Wren_0066_186028.jpg,193
130.Tree_Sparrow/Tree_Sparrow_0125_123078.jpg,129
094.White_breasted_Nuthatch/White_Breasted_Nuthatch_0142_86805.jpg,93
075.Green_Jay/Green_Jay_0071_65799.jpg,74
131.Vesper_Sparrow/Vesper_Sparrow_0002_125454.jpg,130
123.Henslow_Sparrow/Henslow_Sparrow_0064_796573.jpg,122
195.Carolina_Wren/Carolina_Wren_0091_186464.jpg,194
070.Green_Violetear/Green_Violetear_0079_795685.jpg,69
068.Ruby_throated_Hummingbird/Ruby_Throated_Hummingbird_0071_57886.jpg,67
041.Scissor_tailed_Flycatcher/Scissor_Tailed_Flycatcher_0077_41688.jpg,40
064.Ring_billed_Gull/Ring_Billed_Gull_0074_52258.jpg,63
087.Mallard/Mallard_0022_77166.jpg,86
110.Geococcyx/Geococcyx_0096_104369.jpg,109
104.American_Pipit/American_Pipit_0024_99813.jpg,103
055.Evening_Grosbeak/Evening_Grosbeak_0100_37863.jpg,54
169.Magnolia_Warbler/Magnolia_Warbler_0076_165832.jpg,168
001.Black_footed_Albatross/Black_Footed_Albatross_0063_796141.jpg,0
069.Rufous_Hummingbird/Rufous_Hummingbird_0091_60551.jpg,68
082.Ringed_Kingfisher/Ringed_Kingfisher_0014_72798.jpg,81
072.Pomarine_Jaeger/Pomarine_Jaeger_0012_795773.jpg,71
108.White_necked_Raven/White_Necked_Raven_0027_797355.jpg,107
188.Pileated_Woodpecker/Pileated_Woodpecker_0077_180286.jpg,187
031.Black_billed_Cuckoo/Black_Billed_Cuckoo_0086_26188.jpg,30
076.Dark_eyed_Junco/Dark_Eyed_Junco_0087_68102.jpg,75
022.Chuck_will_Widow/Chuck_Will_Widow_0023_796979.jpg,21
178.Swainson_Warbler/Swainson_Warbler_0051_794900.jpg,177
180.Wilson_Warbler/Wilson_Warbler_0054_175285.jpg,179
147.Least_Tern/Least_Tern_0036_153658.jpg,146
012.Yellow_headed_Blackbird/Yellow_Headed_Blackbird_0026_8545.jpg,11
200.Common_Yellowthroat/Common_Yellowthroat_0098_190430.jpg,199
163.Cape_May_Warbler/Cape_May_Warbler_0069_162980.jpg,162
160.Black_throated_Blue_Warbler/Black_Throated_Blue_Warbler_0090_161507.jpg,159
177.Prothonotary_Warbler/Prothonotary_Warbler_0062_174412.jpg,176
131.Vesper_Sparrow/Vesper_Sparrow_0070_125555.jpg,130
140.Summer_Tanager/Summer_Tanager_0063_139743.jpg,139
044.Frigatebird/Frigatebird_0035_43420.jpg,43
068.Ruby_throated_Hummingbird/Ruby_Throated_Hummingbird_0110_57851.jpg,67
092.Nighthawk/Nighthawk_0030_795338.jpg,91
100.Brown_Pelican/Brown_Pelican_0036_93843.jpg,99
023.Brandt_Cormorant/Brandt_Cormorant_0044_22884.jpg,22
084.Red_legged_Kittiwake/Red_Legged_Kittiwake_0024_795441.jpg,83
193.Bewick_Wren/Bewick_Wren_0097_185358.jpg,192
137.Cliff_Swallow/Cliff_Swallow_0065_133858.jpg,136
149.Brown_Thrasher/Brown_Thrasher_0095_155082.jpg,148
066.Western_Gull/Western_Gull_0062_53538.jpg,65
138.Tree_Swallow/Tree_Swallow_0040_135172.jpg,137
200.Common_Yellowthroat/Common_Yellowthroat_0093_190609.jpg,199
170.Mourning_Warbler/Mourning_Warbler_0078_795377.jpg,169
014.Indigo_Bunting/Indigo_Bunting_0034_12464.jpg,13
049.Boat_tailed_Grackle/Boat_Tailed_Grackle_0097_33759.jpg,48
118.House_Sparrow/House_Sparrow_0082_112478.jpg,117
191.Red_headed_Woodpecker/Red_Headed_Woodpecker_0017_183777.jpg,190
093.Clark_Nutcracker/Clark_Nutcracker_0020_85099.jpg,92
160.Black_throated_Blue_Warbler/Black_Throated_Blue_Warbler_0005_161168.jpg,159
026.Bronzed_Cowbird/Bronzed_Cowbird_0086_796259.jpg,25
169.Magnolia_Warbler/Magnolia_Warbler_0104_165696.jpg,168
061.Heermann_Gull/Heermann_Gull_0142_45798.jpg,60
170.Mourning_Warbler/Mourning_Warbler_0072_795379.jpg,169
167.Hooded_Warbler/Hooded_Warbler_0041_164807.jpg,166
053.Western_Grebe/Western_Grebe_0028_36196.jpg,52
006.Least_Auklet/Least_Auklet_0057_795126.jpg,5
098.Scott_Oriole/Scott_Oriole_0056_795816.jpg,97
196.House_Wren/House_Wren_0112_187355.jpg,195
026.Bronzed_Cowbird/Bronzed_Cowbird_0017_24019.jpg,25
171.Myrtle_Warbler/Myrtle_Warbler_0007_166897.jpg,170
185.Bohemian_Waxwing/Bohemian_Waxwing_0097_177944.jpg,184
092.Nighthawk/Nighthawk_0043_84039.jpg,91
114.Black_throated_Sparrow/Black_Throated_Sparrow_0009_107333.jpg,113
132.White_crowned_Sparrow/White_Crowned_Sparrow_0105_126818.jpg,131
166.Golden_winged_Warbler/Golden_Winged_Warbler_0021_794821.jpg,165
042.Vermilion_Flycatcher/Vermilion_Flycatcher_0025_42248.jpg,41
139.Scarlet_Tanager/Scarlet_Tanager_0077_137626.jpg,138
122.Harris_Sparrow/Harris_Sparrow_0072_116662.jpg,121
104.American_Pipit/American_Pipit_0011_99630.jpg,103
083.White_breasted_Kingfisher/White_Breasted_Kingfisher_0085_73363.jpg,82
181.Worm_eating_Warbler/Worm_Eating_Warbler_0013_795534.jpg,180
003.Sooty_Albatross/Sooty_Albatross_0063_1101.jpg,2
165.Chestnut_sided_Warbler/Chestnut_Sided_Warbler_0018_164148.jpg,164
191.Red_headed_Woodpecker/Red_Headed_Woodpecker_0066_183322.jpg,190
084.Red_legged_Kittiwake/Red_Legged_Kittiwake_0071_73800.jpg,83
118.House_Sparrow/House_Sparrow_0133_112368.jpg,117
079.Belted_Kingfisher/Belted_Kingfisher_0040_70432.jpg,78
